public_report_id,category,record_date_utc,status,sha256
R00001,OTHER,2026-08-06,HASH_NOT_PUBLISHED,
R00002,TEST,2026-08-31,REGISTERED,66d75787c6d3a68bfa9730c8446d66ffadb30f1915378b301a5ef5468d4a435d
R00003,TEST,2026-08-31,REGISTERED,fbca2860b43468cee1cbba7737207e531e5a77b6bcb1dc101739f0eefbda9737
R00004,TEST,2026-08-31,REGISTERED,44e0dfa1914388603b4c09ce5fdc17d0076df6505d9838b64f67807a70e74317
R00005,TEST,2026-08-31,REGISTERED,de988991888c510ecbc5db447b1dfcc9cc63c76f848c8ecb55a1c20b2d532695
R00006,TEST,2026-08-31,REGISTERED,e322afa8211098553a77e68e4a85beebfc713547dd022c0dce4156d2b5f6dd95
R00007,TEST,2026-08-31,REGISTERED,75e0f8cf2dc2b5c0f6a9bcffe98570cc64c39e43aaab673b70f2e772c90c7caa
R00008,TEST,2026-08-31,REGISTERED,ea195ee64eca9cccc7e9a17b3ccdde0bdaf9e02d14070d30793e39b8b4d16611
R00009,TEST,2026-08-31,REGISTERED,5f1aa19fa70e1897e2465dc9c21d564683e72f80707408ea26b769768b28791f
R00010,TEST,2026-08-31,REGISTERED,190366308a016f6a3f063f629bcf8968104209295d668f2053a30e95536e066c
R00011,TEST,2026-08-31,REGISTERED,2a5a20fc86f8c983d8f42b4b8b223af75634385e5b7aea2d42c7c11cbe2a3000
R00012,DELIVERY,2026-08-31,REGISTERED,4317570a804fbe10d79715e190e1f7ee4889ab0a1a47469072252031f6bcddbb
R00013,DELIVERY,2026-08-31,REGISTERED,16b27635c0064ced5e12e2baca4f7dd587901b0e23257a6937cc57deef9e7a3f
R00014,DELIVERY,2026-08-31,REGISTERED,7f8519331b1dc8b05845f641bbee9d145bbcf357056550547ef0b5a654046e28
R00015,DELIVERY,2026-08-31,REGISTERED,771e4ec902be5b62598c9405e3a97cc2fd25b01222ec621077f03bd60aca8d13
R00016,TEST,2026-08-31,REGISTERED,d899941b6cd776e5f4e4c722d53aa102426542078f95a401c73f61bc123d35e9
R00017,DELIVERY,2026-08-31,REGISTERED,e87c3cc3e7ee2d4c5bb982cd91e25bba72fd463ee05687b845b2d1d6a4ae0c23
R00018,TEST,2026-08-31,REGISTERED,95fd4359a798eae7899bde2369b44957114e6452a3b7158ffa8328db812b1f8b
R00019,TEST,2026-08-31,REGISTERED,296cf18a2e969e6c1b8c58c313fe11073bb8cee408000d3bb6915ec318002cf4
R00020,TEST,2026-08-31,REGISTERED,907e45f38567f4e0cff4db311a0b241874870283a836704b851f6aabb357b780
R00021,OTHER,2026-08-28,REGISTERED,72e092ed69a5882ae4e49e6e15ab438cbbad921bc0243824001db9ecd3aeb59b
R00022,OTHER,2026-08-31,REGISTERED,e4e7bec1392511e7f46201baec01631093475bd0e6c7b9226e9ad14beb888d28
R00023,OTHER,2026-08-31,REGISTERED,5222e46ba441d9dedebe3a7fcf1b2f13794c8cccc996fd206a34b036b8588ff7
R00024,OTHER,2026-08-31,REGISTERED,a58739f44e4b3dcb4d5071636e6ddb255fae3068289d5778ecea505cc5d5a857
R00025,OTHER,2026-08-31,REGISTERED,a8576c2d09b066f5dbec96127922811cb4253e756b904e284f419b8c5ad75e98
R00026,OTHER,2026-08-31,REGISTERED,30382de04ed712f747abc34dbe4a0fbea9ce0c20b013006e02eedf13a10ea6b7
R00027,OTHER,2026-08-31,REGISTERED,aa87a84ebb9ddd8ae11e10063a8a79c8aa866a08c8abedd693911d90e15b9a54
R00028,OTHER,2026-08-31,REGISTERED,03e57c5f3ca57c1591f0cce025eadc4258fa83dca18bc0841902bccbc756f53e
R00029,OTHER,2026-08-31,REGISTERED,b7e6f8e4a374ca4bfdacbfa356089ad1684d7e671005245a117d471180e8c9db
R00030,OTHER,2026-08-31,REGISTERED,c579503da1095773b743a45e74db0bf8b6d3852ab0ecc198e75ce841e5a7a932
R00031,OTHER,2026-08-31,REGISTERED,682a9b45a1e1f4e137ff45a57ae3bf79ef7ec1539d971ad5311d913ffae21983
R00032,OTHER,2026-08-31,REGISTERED,09181ee5093514c8623a921b04dbc90dd121d6f466a06a6ae12ca88d5690f4bd
R00033,OTHER,2026-08-31,REGISTERED,656dbad9d745adb264c6657ae21f3b6357a3f717fbabd37f7ecb26eda499908e
R00034,OTHER,2026-08-31,REGISTERED,1e4730695fdcb23fa3542432f5ee0187e5405b7e54071565e48e70cce6a18981
R00035,OTHER,2026-08-31,REGISTERED,f14e26141009972177d46ddbaec7b7c37854b547497d384380bd88f90c345f7b
R00036,OTHER,2026-08-30,REGISTERED,6b6fe0bae7694cb238025fb8d8de3648e761361f9479aac69dca80fd5e43a0b2
R00037,OTHER,2026-08-30,REGISTERED,b23a168ada6677118f20c7c620d29677ae167ae71857a226d4115ad68cb764bd
R00038,DELIVERY,2026-08-31,REGISTERED,459404fa23f09851ba1b37bcae3e12655572179dbc9cb38dbfd6e2a01f86dfcf
R00039,OTHER,2026-08-31,REGISTERED,015566afe4d012b8b618b97c345bc2ca2aaf72e4e5c80ddc5873ceda38d8df5b
R00040,OTHER,2026-08-31,REGISTERED,e4f8443787fffde80b7aee82b1857a5ad5f2a8fd07c97d503ac8393a5b2538d7
R00041,OTHER,2026-08-31,REGISTERED,ebad3d3bab47ef08dd8fd404feb95c893ee9062ae61abc36520d0122a8586f55
R00042,OTHER,2026-08-29,REGISTERED,f519a624dffc132ed2deea63486dda0b9848ee997c17bbd55e45863b12a828d8
R00043,OTHER,2026-08-29,REGISTERED,30eb15b12c13582db08ac17044f3b04049feb72519cade83f66ffa61e9a9cab2
R00044,OTHER,2026-08-29,REGISTERED,4271b8fffd217a74d8e4d5292b5eecaa2a529e3097bfc02a7e3199fe3fb3ec6c
R00045,OTHER,2026-08-29,REGISTERED,ab6a9937a7ac1fe6631d466bc829e0661411f892e2d60d7f7b99f25597c51893
R00046,OTHER,2026-08-29,REGISTERED,9a9a58b513a6e0a3e092d3154da520d53fdafa3d4c187869578b9b06474a36e4
R00047,OTHER,2026-08-29,REGISTERED,30f0b1b3b403ea8fe50033cfc26b297967727fda5bd1c45a58043d19c1a9faf0
R00048,OTHER,2026-08-31,REGISTERED,146ecdbf196d528605cdca85c538fe2d164e3018bcb5b25f958eb36826a22ac9
R00049,OTHER,2026-08-31,REGISTERED,cc7ee29970345ce91ec8088c921e02d4de7c65dea01a78041363d25a14d6c806
R00050,OTHER,2026-08-31,REGISTERED,5339835feffd5574397de2bb06c31c5311268b65fce5929e86911bde071bbbb0
R00051,QA,2026-08-31,REGISTERED,b6618d1ad226d2fc54ed4210ecf8033d16b7f24d8f2db33a8588ba8f56801383
R00052,DELIVERY,2026-08-31,REGISTERED,7dc68877b16539e3de30391643a852fc38809408ee4d7ec289781ba6610236e0
R00053,OTHER,2026-08-30,REGISTERED,4c037d008157cce2a5376189e17691fbfe3381d2242430b548aadc49c2c278aa
R00054,OTHER,2026-08-30,REGISTERED,d66449604e5db49de1002837874072b5198d20aeea01c108d98ab256fc3f538b
R00055,DELIVERY,2026-08-31,REGISTERED,79dcf5d678d3445b321c28ec7e9ee14ca539356ec74113fc3c95c0a6f16a8e6e
R00056,DELIVERY,2026-08-31,REGISTERED,478e87b2e22e25c6bb1a05c5dbc9748c881a4aea30344594500ecb9dc81c7872
R00057,DELIVERY,2026-08-31,REGISTERED,bff1978509178aa486c86dea44dc7d783dd04106d4d4ba138af3ac93db5f8741
R00058,OTHER,2026-08-31,REGISTERED,c106fa07d86b8cb30b292cf5144ffb05b9eca96ef29f6cdffd606ad188141041
R00059,OTHER,2026-08-31,REGISTERED,ba5d1b1d36f1956efcf9d145b82e68e858b7caabd6f2059afe18efb85f997d62
R00060,OTHER,2026-08-31,REGISTERED,c4c2f4e0ac6e100ca38b14fbc0ca5ac93f7f855cf148606631f9b383ed14ba90
R00061,QA,2026-08-31,REGISTERED,694c43d01853bb639638cb9d7bb998bf04b74920ced24916fb83ae9b237cb869
R00062,QA,2026-08-31,REGISTERED,2bf38208e61822f1bfbbb36f420cc8d7483f281205dd7168ac179a4f252d78bb
R00063,OTHER,2026-08-29,REGISTERED,eeb3922d9149dd678f9b427e4de5fb3a3eed831f0269e672be530ef1fe1f44ae
R00064,OTHER,2026-08-30,REGISTERED,8bd04da76426b865e52e8070bd94f45ef3b162c8bef0e35e68612ab530b16cc1
R00065,DELIVERY,2026-08-29,REGISTERED,7fa0ca77a9dc1035f4931fff0e5e48f1bb0e54ed75457e73a9231c5a72eac62b
R00066,DELIVERY,2026-08-29,REGISTERED,aa832fbdc4d461523c3c5bd3b1bdb2645ffc49e8ecfd9a929608618f93cb1650
R00067,OTHER,2026-08-29,REGISTERED,bc9ab6bf5bd092feb00b1dec6bf0ee9913eb2e1802fc9055d084c00e4347138a
R00068,DELIVERY,2026-08-29,REGISTERED,999f67ecf6022cc0299c50b552dfa6d97f3eb5f15b715024fd85b4990be8dd6f
R00069,DELIVERY,2026-08-29,REGISTERED,b8fa824d5d470f0da80fa17975d88999e8e4d250da6b61975ffc9febc39ba7af
R00070,OTHER,2026-08-29,REGISTERED,b9b94f27e4de7a54e29abb524b8c27ec2185e2853474c6dc48209260a00ffcdb
R00071,OTHER,2026-08-29,REGISTERED,a2f4a903b355179cdf5bceeb34b1b78c6e9b3a4024ea4085a24708770d0fe00f
R00072,OTHER,2026-08-30,REGISTERED,95e044b97d98cdcb90983f0f81bfee43a1eb055d1eb8a0a4fffc82fb94a11024
R00073,OTHER,2026-08-30,REGISTERED,4e0f8f411dd5eac4de56197d1dcc94218e5b3b270be6a5263ef003ba987f3534
R00074,OTHER,2026-08-30,REGISTERED,679cb30c9d104cd8763d378a2fd7cd1e67b669d531b30c2f37896ca0435a9a14
R00075,OTHER,2026-08-29,REGISTERED,5243b838ffc490262a1271dffd9e558a9fdef20682dd4579ae042c18e65b7373
R00076,OTHER,2026-08-29,REGISTERED,95c56b3c96b344cd75243553666d78ef42cd9cb7a0b47fa7d0fefe3ab0d8abc7
R00077,OTHER,2026-08-31,REGISTERED,f8b74b4c080eb7140fc6d411b3f1378b9c256018cfefcf40ac69e0080be102ef
R00078,OTHER,2026-08-31,REGISTERED,18cb5bf0399773b4086262a9e071ca0b8110c1d76e0cd8206d9eef923dd55b9f
R00079,OTHER,2026-08-31,REGISTERED,c121cecb672bf1ee2bc5948f44d5b4c0f5a8461e680e322c879f2be5968e6a1c
R00080,OTHER,2026-08-31,REGISTERED,4f41dc2a005311b39cfe4dfbbdf13d1f2625d0d2ef77fa8b4d5e946d082db16e
R00081,OTHER,2026-08-31,REGISTERED,33b1faf6973a44512b2357126c95f02a5165fd158486895ba1ade75552b984f4
R00082,OTHER,2026-08-31,REGISTERED,82cf059407d1a5091c73786aafe39453847225d4b4985c37912a847174fef91f
R00083,OTHER,2026-08-31,REGISTERED,cd610786a8825a21162d8414c189bd0dc53217665ae743d02dd392fd5bc7c857
R00084,OTHER,2026-08-31,REGISTERED,f8f2d267e61eb4d28735cf9b4cdb364f0704d6be7b673a9bc29cecef140d07e2
R00085,OTHER,2026-08-31,REGISTERED,15246181f9c09ce4a3e8e34f4aa94fd4dc89edcaeabee1778d801f73c6a645f5
R00086,OTHER,2026-08-31,REGISTERED,9ee265363e16dd881f1a8ca52db31fa92e413eb1cd5c085d25f9b81d3a6f435c
R00087,OTHER,2026-08-31,REGISTERED,e37af98a6874de13ee2c63c6d90928fcd57844ac7a6b2f5221566f939a191fb3
R00088,OTHER,2026-08-31,REGISTERED,e07753784f49dd96b6a683f200c31bbfde4c090d13f36cdadb03c164d23667ea
R00089,OTHER,2026-08-31,REGISTERED,972b54b0586ffcbee63dcbb65c7da95e9650482c90f836fcb90c475024f78856
R00090,OTHER,2026-08-31,REGISTERED,e345cf3182d6ac67628aa6c8a7b5c7431a971f30c6b94f847f7b3d4a901b6e6a
R00091,OTHER,2026-08-31,REGISTERED,86a97c9f458b4dedc8ae78efd31840dadd8e74f8c0c5aef912e6cf5eb179fe38
R00092,OTHER,2026-08-31,REGISTERED,e1c3ad49547128bead991504b3005eac2a1cb551e9a8cc5259c1a7f45402b0be
R00093,OTHER,2026-08-31,REGISTERED,7b49960d057d5261dbf5abf454ead28a4774bb0213cb2ea7a66884924b3bbb3d
R00094,OTHER,2026-08-31,REGISTERED,2ebe497711fb6b628e946f4a3e7c4b8b26ee55d4ba019181bcdc587255d8037a
R00095,OTHER,2026-08-31,REGISTERED,276b9ea127ede67e10daf151ee6bcdc26ad25fb2d92383ef33ea80a902d9bddd
R00096,OTHER,2026-08-31,REGISTERED,25b77695857b1cc803c551a3c0d85edf06f5407de28b2a00b540f83baa087b73
R00097,OTHER,2026-08-31,REGISTERED,18bb06360c0103574dcd6c76b3d2a51834b1e4562d92a12a61d8c94d7ba79668
R00098,OTHER,2026-08-31,REGISTERED,eff1bb610ddb3df90011bc5a2eb2fe9f0f66b54fabf5c19ec6883d11e3cc4ff8
R00099,OTHER,2026-08-31,REGISTERED,79e7e2c27da12a37276304988f4c9b3b1adee335b906c40d5b99bf29951277a9
R00100,OTHER,2026-08-31,REGISTERED,2a62bc808f880a3d7907381df7425b1a3cb27fced4ce39c72d2b9da840c14d61
R00101,OTHER,2026-08-31,REGISTERED,92f7b59ff58106f4a4210a6cc18c372785eb8e05651acb5024d95af718f9f0a9
R00102,OTHER,2026-08-31,REGISTERED,bf9d0c80131c0a556f181e27958d6071d564982a1511d0af44f83419fc0d54d6
R00103,OTHER,2026-08-31,REGISTERED,c63a88b0a5a31cb7b586642ee4c9c041c72161ff448aab8e4d6b4647f7a127ac
R00104,OTHER,2026-08-31,REGISTERED,703a528a0c14589a0fa29acf0b1999690fc2641b09c63d86a5d9b099087a8eb3
R00105,OTHER,2026-08-31,REGISTERED,38ed82376845fe5eb7c078e544ae628472e6324e9b97912de93f585382656afe
R00106,OTHER,2026-08-31,REGISTERED,d7ecd107a77ff8fbb8b79538a8d598fd4849834b367ceab252eb2ba3f8a78a70
R00107,OTHER,2026-08-31,REGISTERED,a9a61af4ac63eb8650ad62a7a278303285da1c6d5df4c21e14805a0469512161
R00108,OTHER,2026-08-31,REGISTERED,d7df2a96026a7945d790a08625e41fc57a61847fa86e1452879856621fd23d95
R00109,OTHER,2026-08-31,REGISTERED,ce599e976767c5a833fabfbbca3e38324a3e1b677da2ffc6cc94db3139f80912
R00110,OTHER,2026-08-31,REGISTERED,41dbe6190b27f744a9448eb6ab3b94cd9824b349b33e711017045f1dba0ff3f8
R00111,OTHER,2026-08-31,REGISTERED,5dcfc57ebfbeb481a9bbd2298b6d4dd92e4589a58ed83b66e5f316c98be0be02
R00112,OTHER,2026-08-31,REGISTERED,7631a9f8bbd1873035e0a0ab1dae1272674b3b4fcdcb6f2b89076400c04aeede
R00113,OTHER,2026-08-31,REGISTERED,ddd1d45688ccae5be3dd210528894e4fa62d1695bfe200b11548c1387e66ac34
R00114,OTHER,2026-08-31,REGISTERED,144cbd2c1fc4f4a056f192720e7b9cf181d808a7aafdf80a1880d69c8c0b7362
R00115,OTHER,2026-08-31,REGISTERED,ecdb2abb9feccc9452c9829acc46708b82610c595bf68efd1a406a861971f35e
R00116,OTHER,2026-08-31,REGISTERED,01a0e7dc3f53bc255c2c8241cccd7af1686e8defa9a76cec4e441d68ab039688
R00117,OTHER,2026-08-31,REGISTERED,88567472b22d5861c91c3def82b5f287d1090e46223db318e6823d77c330650f
R00118,OTHER,2026-08-31,REGISTERED,dcf3933a182db15f94619fecc1e82e2b6584f6116cc272ce5d347fa87880e551
R00119,OTHER,2026-08-31,REGISTERED,c3e31d9ca040611b42bfd47b995c447ed0028a2b994646be2fe688db8d1670ac
R00120,OTHER,2026-08-31,REGISTERED,39d974c39f44e4b534048617ecebc298ed10470993f7715c9cd4e00536998ea9
R00121,OTHER,2026-08-31,REGISTERED,add6740c4e63929ce2ecd1538141e554bd6cb28a2854d51bea68eb641f98885d
R00122,OTHER,2026-08-31,REGISTERED,69f4747aa65a7b9c349b88d6f5c4f8ce9da40d48965cfd906704df6d2457b918
R00123,OTHER,2026-08-31,REGISTERED,1d08799017180fb41e0c42f55b0ea036e98edfa89a3c2359471b166b3ebd567b
R00124,OTHER,2026-08-31,REGISTERED,53f1ab60cb24d86264809297fdcbc2508cd4c8de59969447fb983538a78b1dff
R00125,OTHER,2026-08-31,REGISTERED,12ed6c781d7a6107544470ef01d510559d40ef52c071dc82c410ec0a6ac459ad
R00126,OTHER,2026-08-31,REGISTERED,2a768747f016fd2a443b5d545bd7d25771bdf6c026b55e00f6c3b25619ae7ae8
R00127,OTHER,2026-08-31,REGISTERED,aaf2415cb1c24422faa6b4e23cb4c36916b42a79cb93432bd17ed4d38880218e
R00128,OTHER,2026-08-31,REGISTERED,fd7b642ad9e6f13a9a47f00ca1b242fc838d1c10f9aca6905f8fb653b2297942
R00129,OTHER,2026-08-31,REGISTERED,e4be2260b90531d9740dec8c4c9e9585104836a0844426275c4e4a2306c4c969
R00130,OTHER,2026-08-31,REGISTERED,cbd3da6a80e62091c417f14b0e32ecaefda7b5d877e3ec9a4561cd0b2c649711
R00131,OTHER,2026-08-31,REGISTERED,d74d8d77f29e126ce5dbe2bc1026153b203724396a9e248701bb5aa12d358b1f
R00132,OTHER,2026-08-31,REGISTERED,f5fc1ec87416c549ece743267091932fc01fd3f6ec503197d1b65d3d2f5f795b
R00133,OTHER,2026-08-31,REGISTERED,c436ba067ecc6ac81b6246e06ecd407099cbc2b38eaa42eef3ecedb7db964b51
R00134,OTHER,2026-08-31,REGISTERED,7ab0690aa54b9b43324027e3bc50fbd3c1e9c179da4daefeb75f9b85e393d7de
R00135,OTHER,2026-08-31,REGISTERED,b6eedf056179decf64f78b3ce3a964a774722d1971cf3f76e50c0e8ce1c131b2
R00136,OTHER,2026-08-31,REGISTERED,8bf7f4080f5ddb7d8b8d7d6440a7ec296593fd19e65c78366b94af0427632fe3
R00137,OTHER,2026-08-31,REGISTERED,37bcb4ba6952f21c76d907ef5de6d03ecb2dc1aafda969291e5525f06d2ef6d8
R00138,OTHER,2026-08-31,REGISTERED,9eb4d3bf964138bc16b0d08693c7086f88c09c185c3ef2d34a30c191a6403a38
R00139,OTHER,2026-08-31,REGISTERED,cb27bdd0d496f8a4c1bbba4bf6258531cc6b6d43917deca51affb97016cc12c1
R00140,OTHER,2026-08-31,REGISTERED,829709ae5afa9cddd331a5ca3caa6122c519c5a694ac28ce88107bd37295f7f9
R00141,OTHER,2026-08-31,REGISTERED,d49402a686cda56fbd6f6665153ec90fcba26509138694b26b124a3e8ff69b0a
R00142,OTHER,2026-08-31,REGISTERED,7dbb63b7329384a1f92d0e07ee8f9a95bad8c72f6ff2cf0638a6f58e807508fb
R00143,OTHER,2026-08-31,REGISTERED,ef9226822df86fb3b9b2a1c6503e1e3e81e69589586f9b4a6eb60899b8e78cd1
R00144,OTHER,2026-08-31,REGISTERED,a316cdd1fcc143b52ecb6032523543895c9ce9859af9ebdf6bf9c3ac9ba8f2dd
R00145,OTHER,2026-08-31,REGISTERED,c98abae3cc263833a97d9e2cfe09a8ac430c2a2169fb8bae5946c9fe36905b3c
R00146,OTHER,2026-08-31,REGISTERED,49ba103d2d0ef1fefc6aaca641e54662ee4ed76d89f48c65ef3b706ead8bda3d
R00147,OTHER,2026-08-31,REGISTERED,4df5c7d265738700c0df4271d6e64f8b51b0b4dc4dba62a9127bce0d0d1ec4f7
R00148,OTHER,2026-08-31,REGISTERED,c907ba32f4afe81d3c7058ff86f294ad1068811650d629bcc6dc44d55e276afe
R00149,OTHER,2026-08-31,REGISTERED,f92228da463f58254212d58c379cf6da85e753dd56ba88a5c114d625d9788e6a
R00150,OTHER,2026-08-31,REGISTERED,fe41f86cfc1b27314817c48baba2b69be31dd4fe5ebe74a2b27200e45b22e7c2
R00151,OTHER,2026-08-31,REGISTERED,6c440bb4d2065a37148759cc4f125e49f15256af96cd1038f5a15486ed8c74f5
R00152,OTHER,2026-08-31,REGISTERED,d7a733ac3fbf46ec4294f49e18f90b9bd1ca8fba023b71e105b525555c7f781d
R00153,OTHER,2026-08-31,REGISTERED,1ece0459216ffd93f8e1a2a090562efd6718213acbdc3250b318bfeae5fb21f7
R00154,OTHER,2026-08-31,REGISTERED,eac747b2452a88c973b2513ddfe08fcbc29fdc3ad5ed2254f03f9dd2e87b0fb6
R00155,OTHER,2026-08-31,REGISTERED,8e7cd6da352293cfefe6a3704f53483f01a48d30a39fafda18125df060e512f0
R00156,OTHER,2026-08-31,REGISTERED,3dd2be0bdb63942fc34255160d129ea32a38147541e382f13cd72506107b15d0
R00157,OTHER,2026-08-31,REGISTERED,5a32f48a09a46f0e1d0e4cd6c040e74aa556fb06fed2270b470d6077f3915289
R00158,OTHER,2026-08-31,REGISTERED,f976891c2ac298743f8252aefb5e823a4d3ca2d18279c853ef0734c72cf3c87e
R00159,OTHER,2026-08-31,REGISTERED,b6423c54dcd8102550e1854d5cbce231e890dc3344270e0bb3d4d54d47f75485
R00160,OTHER,2026-08-31,REGISTERED,404791f306fe22436a2707ba5bfb78ee5aaa15e684b04d751a3005616c84f61a
R00161,OTHER,2026-08-31,REGISTERED,034c14d2ef138f1d72563c9178b4c78b23f5f09fc01de932d03553b1e5cff72c
R00162,OTHER,2026-08-31,REGISTERED,50861ae7f32576a82e3b978168af7201d840182d34f820a5ec3f9837c395e454
R00163,OTHER,2026-08-31,REGISTERED,c85c071cb6d42f19cb528c308a066429cbfebe5ab4a084d5252d97b4050c40bb
R00164,OTHER,2026-08-31,REGISTERED,540559c4846858c8df0e0ec32097338c23245190e76e11f35736e41b845728d6
R00165,OTHER,2026-08-31,REGISTERED,87e522a967fd45fe400b7429ac0db481ca16ee6445e2082a3c0c4f39ba73a86e
R00166,OTHER,2026-08-31,REGISTERED,5593703b4d43f20b82bcaeb155b8559e20a5a8ef008ce0f68eb196f039f44d36
R00167,OTHER,2026-08-31,REGISTERED,ceadbf84d6acd11d95695180e785c47f1d9dc0387ab6e0e09df2206bdd3d34ed
R00168,OTHER,2026-08-31,REGISTERED,c073a7dd43e6c2df59c797c7a81ef1f575204f22a9dfc8a50911755c7df49aff
R00169,OTHER,2026-08-31,REGISTERED,715b8ae06cb22f3ba48e7e20ea859bec1cb4f39c4bd75ff4031f66479bd10a7a
R00170,OTHER,2026-08-31,REGISTERED,802591e774ba37a13b83390a8ca21c0f48a8cccbdf84abb1da1350867e08c358
R00171,OTHER,2026-08-31,REGISTERED,d4b44e543e460f0d2df26cdaef6c0f8b000b065a98422f86daefa3b6eb5a03aa
R00172,OTHER,2026-08-31,REGISTERED,54bb19aea5bf43068f436cc728b01bb1e2c00e71f8b2932d9e2917f714529797
R00173,OTHER,2026-08-31,REGISTERED,6476a677ade975d46dea2f173912ce9c267993b89d8d98355dc2ff52197fa6ee
R00174,OTHER,2026-08-31,REGISTERED,427998d1ae3c6840401e56030342049c499c58dacd744ddd7d952958106ea99d
R00175,OTHER,2026-08-31,REGISTERED,aaf60f5e2c9e6e00271dec42b2ea28cf66253bd45d1169c01e7c1d4c0bf1a755
R00176,OTHER,2026-08-31,REGISTERED,b3d0ec26cdff89fe403a76d613974242cf5f9092fdca69f3b7c925b20831e755
R00177,OTHER,2026-08-31,REGISTERED,8114f09d6d5eed9f8785d8fd46b6861a47a07e79485b757ca2216b2254364561
R00178,OTHER,2026-08-31,REGISTERED,b492cb1996783fa24b5a8d5be49003547dc4e58954aeec36fe35fd52bf08a44e
R00179,OTHER,2026-08-31,REGISTERED,1ade7f1f731f61c69bc87b38f473bcf8ecd5093285b59d729b6075016ba7f74d
R00180,OTHER,2026-08-31,REGISTERED,037cd180502dcf200e72df4a3320435da20ab085e91290004b53746dc2192df2
R00181,OTHER,2026-08-31,REGISTERED,326b58b1cd6f42b6a0f90afb79385b36ded959bf05744438a6ad4ce2b4e5f57d
R00182,OTHER,2026-08-31,REGISTERED,1bdb4c071e51e1a47d9108f54d2bb02e1ce765e5aa05194dfb3ab017233346f8
R00183,OTHER,2026-08-31,REGISTERED,199d82590b8b377990489881b44ab0102b88fa97a39d25ed7198f615ba980be1
R00184,OTHER,2026-08-31,REGISTERED,3377c2c2ea95833f6a902e8924ec80675303890e1ab880efbb06fa2169d186b2
R00185,OTHER,2026-08-31,REGISTERED,f367ae12571d35e8d4dd2871d5dc82dd77071a23093c686b7942c3426efe9102
R00186,OTHER,2026-08-31,REGISTERED,4197ae9294103cad980ce93e77e888b172374134fde3b11fcbaf716dcd767da9
R00187,OTHER,2026-08-31,REGISTERED,0674ea704926a5f5f8cdef9e1d456043f7a2ba664c5743a9576f5f0ca3bfe69b
R00188,OTHER,2026-08-31,REGISTERED,e111f3f79e19f7256508a4ba6f9c14b3b6fa4496d9e955245706695c37afda5c
R00189,OTHER,2026-08-31,REGISTERED,669441f1943481446b927ff488fbbeddc21f81266554e520769f881f14932827
R00190,OTHER,2026-08-31,REGISTERED,72a34070e3a81b40563929e94a1c3f41b79fd730652a8f20ddfeea1240e70ed8
R00191,OTHER,2026-08-31,REGISTERED,23a7343e12e3d0fbba57b50442e3df79b165775f1789d1f87d2d82aa8a3dda92
R00192,OTHER,2026-08-31,REGISTERED,0a0f1dc34d7f0093abc303645137edc2637b6f658a89949fc68ce76ab6b9d150
R00193,OTHER,2026-08-31,REGISTERED,19392bd73c10bdf595b5975febb0ac2b9088c27bfc4b9b95759c7552c07178d3
R00194,OTHER,2026-08-31,REGISTERED,b758771d81ba30cb647e82539c09723fc756dfcb4096fafdea1ccc236ae12fad
R00195,OTHER,2026-08-31,REGISTERED,cf2ab71658f4d2d2eaeba0e64c9209747b5e78d180d161fbb86c566cf5238d00
R00196,OTHER,2026-08-31,REGISTERED,3a885e28e98806efda41b9dadbfa345a74fa575aeb2ab67c0d2626c44c6fedc1
R00197,OTHER,2026-08-31,REGISTERED,1e628a9b66615c5af2ebe0af0e9446fcd56b663e6a5cb786864feebc92233841
R00198,OTHER,2026-08-31,REGISTERED,d360ba649775ee69a30cd5f933af219bcce51b6722250b18644ba0fc16a981e2
R00199,OTHER,2026-08-31,REGISTERED,8cfa98f4a45c8cda01e42fdd9abfc05bde7ad96cd4a68397f46c26c4ce231f3c
R00200,OTHER,2026-08-31,REGISTERED,b69e668e2cedebe6e34d2c3d864434fd5cc9ccfbaceffb1d602c280e28c85078
R00201,OTHER,2026-08-31,REGISTERED,d5805c3f8e386f8bff47e76d3fa454cd08cae6c70bbfce30204012f029ac83f8
R00202,OTHER,2026-08-31,REGISTERED,4aac8761d635c25808ad57f0b0c7fc11954b83d0423ac1465db8f1c644adb501
R00203,OTHER,2026-08-31,REGISTERED,dfac9966bdd45250a848c06b31756c4b401d3d3c363c1f078c6abc40f584c4e0
R00204,OTHER,2026-08-31,REGISTERED,695e5b3ac06b184a008e5a113fc112fa9dbfcf7fd14fae3679620eeb65cff09d
R00205,OTHER,2026-08-31,REGISTERED,137e562f802933ba9df37168393ac584dfd07f42aac91d5587f7509adaf5851b
R00206,OTHER,2026-08-31,REGISTERED,4a8bbfe71be4a8d960a90c9ea73f79b4b55f8d9e9035e323e359845808a64882
R00207,OTHER,2026-08-31,REGISTERED,ca01ee9c6bc56bbf89afad72dd330bc69cac3b99224eacae93cd9b75a9dcf479
R00208,OTHER,2026-08-31,REGISTERED,783717ef5b8bdbcda966537fba64031b268db5679181dd4af3a818f82bc0051a
R00209,OTHER,2026-08-31,REGISTERED,e455db5442e491f029910d18e27095a93755afa304cf27bb7aa23f49900f348d
R00210,OTHER,2026-08-31,REGISTERED,5075bba4fd80ad609d47df7a9830d205fd389d60fa0786b3ec6eb9efe22d0aa2
R00211,OTHER,2026-08-31,REGISTERED,1eb7b94055faf7fab222fa4a9798f5187620cc03d6a2ac9588595759a12fed67
R00212,OTHER,2026-08-31,REGISTERED,9cf3ce2d1d807bcfdfa7b4d238fc29e597c08085e0a10e52c5bb282b8eddd5e7
R00213,OTHER,2026-08-31,REGISTERED,a975ea72323d90b6a1866394836910d74026ca7fbcc5636fe759b098b62a3309
R00214,OTHER,2026-08-31,REGISTERED,6e8d87f53fddbcd0bb28fd013cb1a2a15e7e652f84179a58cb1ddb7dc3db41fe
R00215,OTHER,2026-08-31,REGISTERED,e71567001a9057e5caa758a3570257beb195cea68a2af58815b283f2cb9da006
R00216,OTHER,2026-08-31,REGISTERED,a669e8b290701c95fdcea3b4ce8d3cc40d58d1a7ff5176b486acf1007bb52620
R00217,OTHER,2026-08-31,REGISTERED,5680cd1d2f3e8de211e367a4a1f15d8595b2fe0f5d7b23264ca042e92c5c8e38
R00218,OTHER,2026-08-31,REGISTERED,f1e4d8f68f6951daab595c3c6421cfdd5a123a55f41eec1cfa0bb7526f07e4c3
R00219,OTHER,2026-08-31,REGISTERED,e20fef3d03acff7d3c1f975f7c76590adf7086a8e28ea239bed3316269f761a2
R00220,OTHER,2026-08-31,REGISTERED,0678a29c992591be6dd33e95b66f3830dba815325dfbce5e5b424eec3a4b517a
R00221,OTHER,2026-08-31,REGISTERED,a9b4673915ae9b82c04b43771a46ef2d139bf92847deb1de24999fea859a807c
R00222,OTHER,2026-08-31,REGISTERED,a24a1e8e4a1882e76061d01e5e3690643ecb524ad124410d05810e22cab9b228
R00223,OTHER,2026-08-31,REGISTERED,46213f8d6025ad96a15fdf5f17a695bad6937f9393a7ee1dca388efda2737639
R00224,OTHER,2026-08-31,REGISTERED,944756b350d1d2a955d0b810315b3be93a221edd93f231ffd9069dad36789493
R00225,OTHER,2026-08-31,REGISTERED,77d9326c88448345c2083f90500b5a7a461ca3e28a481289f5e613ba25d12826
R00226,OTHER,2026-08-31,REGISTERED,606f5ab82c08553d30dbd35782f81e3f7bf098a6edc72ff8065c6673005888b9
R00227,OTHER,2026-08-31,REGISTERED,ff0fc8a6088e5f5dd13fa9c045b0eeaf40ccc7af3545eb59b8f8cddfb4224eac
R00228,OTHER,2026-08-31,REGISTERED,1a9cd56078a6ebed30bf2603165997770cfe9312e4b2788a0779e68bc42ecffb
R00229,OTHER,2026-08-31,REGISTERED,707a20f74512859f88327d9b5077900330ddd2acb96afd2bab47dd38f71f23c0
R00230,OTHER,2026-08-31,REGISTERED,73bb115a3d783012c6b580e8ad6bfd9f7509591b393cf316e44a0bb396d67cdd
R00231,OTHER,2026-08-31,REGISTERED,be0cc0ea405f0dd53c04480a43243ae3eb13ad86bcfe0ef129f8ec4edd7cbd25
R00232,OTHER,2026-08-31,REGISTERED,64de42a245a93eb3c38e8a89c89a1cf95791787b869e86282986832ddbde1087
R00233,OTHER,2026-08-31,REGISTERED,01b90ac20fd5c1ee7d28bd9506f6c6bc27ae87126534e5c5716a08d004507ba2
R00234,OTHER,2026-08-31,REGISTERED,f74a05ea226ab308f23248fc0d5c764d4206053aedd6d2d935ae648b57de63f2
R00235,OTHER,2026-08-31,REGISTERED,120183ae88ccda735e3d7cd4901934394ebad003067c590d7d97b7442b1e7d17
R00236,OTHER,2026-08-31,REGISTERED,10e2c369693b42d6a130f568d78724e87bebdf6290f453e9f551123c195a3929
R00237,OTHER,2026-08-31,REGISTERED,55b4404edc3bde5f2d08e0e77d76cf9b8d9eace568a5360a1d473141dd4da7f3
R00238,OTHER,2026-08-31,REGISTERED,9016db893301b6aecf413ee6c34da42b27e3e49a6de6a475b212c9182dcbc067
R00239,OTHER,2026-08-31,REGISTERED,7a43c527fdf84d2a294feb98bf747d58d6ae42bbc07be1578c4afe4dd948e22a
R00240,OTHER,2026-08-31,REGISTERED,8da52edbc3640cc5cbaccd2f081a93b4b518a00a44062ae2f02773de43de2ddb
R00241,OTHER,2026-08-31,REGISTERED,2c7bc1ece6cccad96b337827a7ad0839a470ef9dba50bac06159aae208c70367
R00242,OTHER,2026-08-31,REGISTERED,7b240a4019f3bbd26cc3a9edc4d6b20d416421bb993c4e30bc97738aea0323bd
R00243,OTHER,2026-08-31,REGISTERED,c213a5f80036ad11db2796eaa9e4858c32b93f5c2f42342c906875809b6c022e
R00244,OTHER,2026-08-31,REGISTERED,707aa9985c65efa89d1aa1686047835f2c014f81e383c868c848a47a03906ec8
R00245,OTHER,2026-08-31,REGISTERED,c4bf462eef1633df5c139882268e820d2fa24838bd427cc78313e83a70fb1b98
R00246,OTHER,2026-08-31,REGISTERED,b973f3ae074f850fb227fa6eda1874cdcf56c3f502bf61af4990cc0c0bcacb0b
R00247,OTHER,2026-08-31,REGISTERED,5f94074d2fab547afc5a725cf125c442ca4617159380e891c7033ba285d42eb6
R00248,OTHER,2026-08-31,REGISTERED,b41a435cfad253bf5917f8564755bbbe0e396806fb477d4ba7d1302702043ef1
R00249,OTHER,2026-08-31,REGISTERED,de859468ed0725af9a98cf1e01043b1ec0ef8a6e670e2ba699ed0d7cc054a8bb
R00250,OTHER,2026-08-31,REGISTERED,3d434a35be0bb61c38284f7a7799b651757eb590bc03ec804c9ce473731b436e
R00251,OTHER,2026-08-31,REGISTERED,2107b1abcf0d55f59543d3ca7fd499cb55e67cf523d893704b60eb37a4d27d80
R00252,OTHER,2026-08-31,REGISTERED,7f79bf38f971842a005a0750e62f7a1e35f83f4cded5ce81206970b2f29f45aa
R00253,OTHER,2026-08-31,REGISTERED,58fb8f54d4fa602c79a848f08d91c7a7c76d651bbadd34bf1a851c3a7f5cbf98
R00254,OTHER,2026-08-31,REGISTERED,2e879a52122e9a24c05db978462601e78751fcc853f5442bcce69a827ea81f40
R00255,OTHER,2026-08-31,REGISTERED,f4335da195cd82d8c94152add3bb3dd511824ff0165725c20ce130e2916281d9
R00256,OTHER,2026-08-31,REGISTERED,94821dbc22489a5c1a173e0f24bcd57b5604eec41fec2f07dbbd525d22b39bdb
R00257,OTHER,2026-08-31,REGISTERED,e512112133ce0d97feb594e92c30f719e2ab0d897753264d1e44de33c2ce5071
R00258,OTHER,2026-08-31,REGISTERED,90373bf1f893def3f75a40dcf4072d01798f7399de963fc5615296c12e4ce6ac
R00259,OTHER,2026-08-31,REGISTERED,34d6c67e70832c630b44b5ddc320ed4aa6fd54705462c9384817241ce547f655
R00260,OTHER,2026-08-31,REGISTERED,9c1a16f879f7cf4a672a04789e7bc423154a3d275e84a759d988cc2b539603c3
R00261,OTHER,2026-08-31,REGISTERED,f94e075493e0a7567b7d515882a26707429cf52094b968477b874f4493410e2b
R00262,OTHER,2026-08-31,REGISTERED,7c780e2e299128f8fb0f7cb35dda943a79e39109e83e57559d3cd5e3bd870c4a
R00263,OTHER,2026-08-31,REGISTERED,6ffe3d935705a1279dc563278d7289adbddc04703f78343bf443ba63a1c7871d
R00264,OTHER,2026-08-31,REGISTERED,659243c85273a5b4594703be118b0e68a2768826d79c3437e0508198667c42e2
R00265,OTHER,2026-08-31,REGISTERED,258b016f78fba1ddf7c19096d18b891a6b60ece871b645873f6b2b52df0f9854
R00266,OTHER,2026-08-31,REGISTERED,d4fa08c6f04fc4a67c885dae1325b6adc24a40cfbcabb2eb8d8d7131d5efd880
R00267,OTHER,2026-08-31,REGISTERED,b0739b6c10b583e1cd504a8f0684488a391ac9446ac9661c348bc8fd536a4eb0
R00268,OTHER,2026-08-31,REGISTERED,6c0e416dda75364c584ee3dfbc4a8c57d6c3b74210531c43d82691234eac2066
R00269,OTHER,2026-08-31,REGISTERED,d0c36c01ce1af25fdd8ed1fe12a08aa12f9e77b3523ce71a1ef0d61c4cac5557
R00270,OTHER,2026-08-31,REGISTERED,b2286527b0a13102efd288e8fa4c3214298ae109aa07632ba5270f0a7549d2b1
R00271,OTHER,2026-08-31,REGISTERED,91a025c98dd6e5db9494c4e2ad26dbd93fe8d56ae3937fd6e4a802522249f09c
R00272,OTHER,2026-08-31,REGISTERED,cf5c7c0c26af5247e73cbb039418cfb5248191db9c0bb43f41a79b7d5596426c
R00273,OTHER,2026-08-31,REGISTERED,3d4807c716c1476140d0d207f29f70b37c1858067896347fefb260aece3f59b4
R00274,OTHER,2026-08-31,REGISTERED,50a52c6c94c20684548ac65215043de57d8f2d29bfaa73dad3b86227fd0eb5ec
R00275,OTHER,2026-08-31,REGISTERED,355f36e9add46027172265995c19e087feaf4469f57f5405e0a523482938f718
R00276,OTHER,2026-08-31,REGISTERED,5494ad69933659e7470d4c034d12969f72eaaa98a5edd0673c3e86b81273a1a4
R00277,OTHER,2026-08-31,REGISTERED,93ac9157dbed987c15de938698d752b4157720751de0321c0b53a9ff7f79b9b9
R00278,OTHER,2026-08-31,REGISTERED,7e3d639a4629e20ce52efb6906c65cabbff16a5b5a3a7cf8062a58a9d3245b2a
R00279,OTHER,2026-08-31,REGISTERED,2e51acff0f32936595a4dddb80fcf98d19da18a557ace2de2e23c97099150542
R00280,OTHER,2026-08-31,REGISTERED,88362c9f7c3ff31364b38290ce386c7f3cd8ac85fa27c50f5e0319618ff4dddc
R00281,OTHER,2026-08-31,REGISTERED,cd8ff824a2d6f72c01d28896423e013dee98c9d572c5b9e452c044003476a865
R00282,OTHER,2026-08-31,REGISTERED,745fc2ecc3225b5a1a532369910dc52fc7e47ec2ed3a69744e6dd72c404acdab
R00283,OTHER,2026-08-31,REGISTERED,26c1ceedc42532a8a490b320690c33399ba2dfbbfb830ab12f4c999287703af0
R00284,OTHER,2026-08-31,REGISTERED,8f73a948cf8c4e61b538354234887c1a4f954ecd2e5b2b5b36de1b31142db96b
R00285,OTHER,2026-08-31,REGISTERED,fabf7aa457be4b23cfbbb14fa64e159d38354f9ca9b863f63427f27291a21c6f
R00286,OTHER,2026-08-31,REGISTERED,92b0a1149af0428aa895ed71da318b27d2752131593617cb069f7b5d789d21a3
R00287,OTHER,2026-08-31,REGISTERED,a603413a7d483d7f874a353a26256933456eb83c8c79fb9f752ba7a5335d6d0d
R00288,OTHER,2026-08-31,REGISTERED,51ed32ba7885eeea4d063c94cd67b45b0779939e012123cbe6914b35ed5d8ba0
R00289,OTHER,2026-08-31,REGISTERED,d6b8d3d2679fc5f1cd27710f815306d0ed14b8813b288fdc787bd19066c0d442
R00290,OTHER,2026-08-31,REGISTERED,56d6f913f0ee5f1ac5e95216999fdb53d1fd9411d515e568c11665e0a5bed1c1
R00291,OTHER,2026-08-31,REGISTERED,938f0822bb84ddb23107aee83f8d19d6c7c3e4baecc29558abda91fcccf955c1
R00292,OTHER,2026-08-31,REGISTERED,be4bd20fb2610cfc7ee0e0f69e2e7f496c52e75426854c313b2ddec9744c03e2
R00293,OTHER,2026-08-31,REGISTERED,938001d6f68a739d5fc8bc896d1f8fad8ca7945e9b998c7a45ab0c1e862c2acd
R00294,OTHER,2026-08-31,REGISTERED,0c291251543e6c1b992aa2b4ca502eac926c953d3712141a412fab1379c893a5
R00295,OTHER,2026-08-31,REGISTERED,9fd800c077688ea84e8b414b656b725ce6b2a75b3fed7e72aed38131cec665ac
R00296,OTHER,2026-08-31,REGISTERED,7b725e22431b2a235ebbe1acb7231b56d0cdf7196079e0e5dac8a754ccf01f32
R00297,OTHER,2026-08-31,REGISTERED,dd29283fb129a2c5e869463704f1981beae4fe7b2eb57c28354c0288876aeb83
R00298,OTHER,2026-08-31,REGISTERED,3b6563d893eedc4de19d6e10278bbb2f98ef2cf1de978519e31109210786f7f8
R00299,OTHER,2026-08-31,REGISTERED,71ebd1e7061f41edaf1aa498eb564e7575fc8731d735b61e0ebc41240ede063f
R00300,OTHER,2026-08-31,REGISTERED,bc866c41d69a60cd081941650f753c13e95e51bade469315f76dfdeb14fee6e3
R00301,OTHER,2026-08-31,REGISTERED,6dc49da341e63166aa94a3ac47a171c7a09002b13c58dbc5c59f98cafb5320e6
R00302,OTHER,2026-08-31,REGISTERED,7b2f137fa02d6712a259c1cb9c945748cbf0f7a189fdc49de5c75a7505942135
R00303,OTHER,2026-08-31,REGISTERED,1300b5bf1d5b3f3ca4262928abc80d02895417860dce77176fb0e4e580be4172
R00304,OTHER,2026-08-31,REGISTERED,ceb51f87bcd51b73da911e82e3b73e2760c4a7b4bf7a600866f12378016b3292
R00305,DELIVERY,2026-08-31,REGISTERED,fb98bdd250e15b2819375d635bf5cf3f79f36a98f0b7459370106a4910a3041f
R00306,DELIVERY,2026-08-31,REGISTERED,3ab1fdfe481e05e0eba3674457175d3ef9ecfe2994da11ade8a047968c52ca4e
R00307,DELIVERY,2026-08-31,REGISTERED,db1f659cc0e4a87cbeba9bea5b9c4fc361e087d6380ccdfef3338195a59f27a4
R00308,DELIVERY,2026-08-31,REGISTERED,8511a8d089bcc14e11b523d98db2a6ca48644ca9e21b0912af1ed3df8f713d85
R00309,DELIVERY,2026-08-31,REGISTERED,24a85475e417d7ab17a39a5c45d9fbe12f57bee15ae2d80bc9b08e66f07a107a
R00310,DELIVERY,2026-08-31,REGISTERED,c8a231724a99f5ef05e68e53dfaf47dbc7da2f95d1c57c225f3e5ba7bf4c3580
R00311,DELIVERY,2026-08-31,REGISTERED,b89d460045d6a6257191178a6be5821b8d31f4cb32ada680e6da47912d05d922
R00312,DELIVERY,2026-08-31,REGISTERED,7433588c31bdecba41a6431b3b53e226068c466c63f05ddfe0da4deb880ee883
R00313,DELIVERY,2026-08-31,REGISTERED,dc866e5dc32237bac6ac540839bef2a3ba3fbc9c8c446dd105ebb93ee5279c3c
R00314,OTHER,2026-08-31,REGISTERED,05a518ec4e558d89e4e9c6ad99f6ef257d7b96c5000bb6cbf8a24c3f93ceb04a
R00315,OTHER,2026-08-31,REGISTERED,a28d1f26627e8dc5bcad85344c40368b8a3d208dec3d6c864df62d66e0443064
R00316,OTHER,2026-08-31,REGISTERED,2e3c20c3e0d84589aa08e4f7f4ef22209f31b3a2f5b0071abc9db00b92a107d7
R00317,OTHER,2026-08-31,REGISTERED,c9ad43cce933b33bac341a6d1c6b360d04dab49cdd88d3e3a466070c0b2fca5c
R00318,OTHER,2026-08-31,REGISTERED,efc2d09deb91ff135a758dc5d6b05cd62ba5f6d0dd419e03429ed0b7d82e5e7d
R00319,OTHER,2026-08-31,REGISTERED,d0601750f721860c1b8ff20d217424d28d40d0fb88448349056bb7dfb9f73a81
R00320,OTHER,2026-08-31,REGISTERED,5e7a8a09d6f9b37543eab3a6640101a8701738146a39cd1c30fdcf52fb2523f7
R00321,OTHER,2026-08-31,REGISTERED,82657dde06897dc784f0173e06f55ebacec3e1afcd9b32d56f517ca8c163e1c7
R00322,OTHER,2026-08-31,REGISTERED,0f822e253ee87afc896ad90f36a4cc7d376a1d54d3f3e3884dbb3ac0f750b704
R00323,QA,2026-08-31,REGISTERED,0978d8ef0e3bd11de764d69c0c381ad878c410b9e5f0c2cbb6fa632405cd6950
R00324,OTHER,2026-08-31,REGISTERED,e1daa49f0d09cc3f5c855bf8127255658f4142b65ab8d50b1bfd6d560a23e519
R00325,OTHER,2026-08-31,REGISTERED,4f66198d0091f3350c5e687d554065ceea76dfeba20f666ba060a02d3794b725
R00326,OTHER,2026-08-31,REGISTERED,99be5d0d91a43cf097250523e845e64ac3ba8d447102644d26082c0bd1f2d1aa
R00327,OTHER,2026-08-31,REGISTERED,7867df18bbc8734ba2da4079dcb20ba243cbe5e64ae82e25212c65a608216ad7
R00328,DELIVERY,2026-08-31,REGISTERED,2a05f52e883198ee522ab50ea637c0fb577f88b195e6418d336d296a995243b7
R00329,OTHER,2026-08-31,REGISTERED,159cf698440ae27832b2de244dc6dabe7a441e0cecae74fc69e693565eff0c5f
R00330,QA,2026-08-31,REGISTERED,c85f70289e2bc7e094c8a4659d41fb70f0baff44d817933ff182bf318723ad57
R00331,OTHER,2026-08-31,REGISTERED,afb6c3dc3e60a22cc0524eb387eb348c140b31135097bfbfb650d72145a553a4
R00332,DELIVERY,2026-08-31,REGISTERED,4e90b08b5a54e51d80299c041fa48e3fcdb908798ffb3f5c72897fbe11adc38b
R00333,OTHER,2026-08-31,REGISTERED,0f983adfeb28dfba79192cc31f585d97b402717a84cc4407c5388142dc0915a4
R00334,OTHER,2026-08-30,REGISTERED,a4a7273b28398f9efe71ccc84f2ab482ffc0d84e08db08f2ab997eb6910cb6f5
R00335,OTHER,2026-08-30,REGISTERED,a60b626ce249ca927dc32f08d66c7ee5aadfacc568d9ea0b83d9bd0802e08163
R00336,OTHER,2026-08-29,REGISTERED,fcb1dabb7a20216e1cc54d1ac13b20faf94e2c7215d7953511da40a70f130f77
R00337,QA,2026-08-31,REGISTERED,45e08bea848c3cf8ba659f1fa08581cc79241463cbc141f84f9a8dd922a58284
R00338,QA,2026-08-31,REGISTERED,fed746ea9919d0021151119e0f00a075563030869cad2c66904354a328b922e2
R00339,OTHER,2026-08-30,REGISTERED,7d4d72e488d84262af00585f82bee004f7fc06962791db7ca1e3f5ca416fe819
R00340,QA,2026-08-31,REGISTERED,61019c71388826a2635ec112c23cde81563b374593ec189bfe29030d4cb89ac2
R00341,OTHER,2026-08-31,REGISTERED,f4d03d0aa792944d9074dc79361e3653dc4e290823701d3c497ad3d75948080a
R00342,QA,2026-08-31,REGISTERED,61019c71388826a2635ec112c23cde81563b374593ec189bfe29030d4cb89ac2
R00343,OTHER,2026-08-29,REGISTERED,55513215e005eeeba4a17dfe3bf48a1895fdee87d0ba19191d01445f0809afe1
R00344,OTHER,2026-08-31,REGISTERED,a9b4caa9800cbdfd49e82b13a78e19d4c792d349b479926d666ebcb7e8adf1a8
R00345,OTHER,2026-08-31,REGISTERED,69625e8d5b66c81d9bc135cc5778ad97668e11f5bffe65c795b284f271420af6
R00346,OTHER,2026-08-31,REGISTERED,bbf0ad8c27609b7a45743f59b36a6d11980a7c644cce4b9bd107c00472b02c9c
R00347,OTHER,2026-08-31,REGISTERED,740ad3854ac0549f298b1493fbfef9f5af0c56c5d1118942aca7fcd9f4ba91f5
R00348,OTHER,2026-08-31,REGISTERED,4ff097da1273c95549dd0eafbce31cd7f334b6a99daff0882c8da011a0c102d6
R00349,OTHER,2026-08-31,REGISTERED,988b7c4c9db38e7421449fa2c235cc7473ae08413276659e8ce8cd3902f0506f
R00350,OTHER,2026-08-31,REGISTERED,bece64e1b459cf3ea3b32ae1aac5c2e7f2c31551882a7c422d8b395f9d54f073
R00351,OTHER,2026-08-31,REGISTERED,45043c8bf9fa62d41ba98fe46df167c7705d471fdce745b454d5ce60892ff1df
R00352,OTHER,2026-08-31,REGISTERED,342687d0583ef3a33621215dd67ea9252224bb3741304fa9f644fbe0c80926ca
R00353,OTHER,2026-08-31,REGISTERED,b3554c049ed72484a4a4a356867bcb569d796e75ee4e4e8cd0c6e5dccf98c321
R00354,OTHER,2026-08-31,REGISTERED,db48297428c435e3512663e01504a675e2fb7b78553fc507c8c06b70648cb7f3
R00355,OTHER,2026-08-31,REGISTERED,3a5bbfc79723fe5fd405d2af1ea7de7f9470392df32d985d5168839a309c9ee3
R00356,OTHER,2026-08-31,REGISTERED,e1bacc04ba3d8a1413837519303686996505a350be5e982026c622d63eca77a6
R00357,OTHER,2026-08-31,REGISTERED,3d721bcbf0b2254b12fcaf4cfaa1da06fcd5edc202e72ddd03a6c01882db96c2
R00358,OTHER,2026-08-31,REGISTERED,4e18f94c1b52ea6308d68c222af79b64868696646d82d286ba42647909d2830c
R00359,OTHER,2026-08-31,REGISTERED,b4e60ec589f3c53667c6e4c2437fac77a421728aeaf406f2d71823b6c2ead0ae
R00360,OTHER,2026-08-31,REGISTERED,412ed67f2d9a0c56b417fcb108af7adf57aeb5fa2fb1a8e21a8be688ce8f02af
R00361,OTHER,2026-08-31,REGISTERED,b57c69b363f428e1755d27ba83fcdabce54703b033b12018a5202d22ae86a284
R00362,OTHER,2026-08-31,REGISTERED,daa2989efd1828f00a0a751dbd231fc0067eff4989477166ac93bc4f4690bc32
R00363,OTHER,2026-08-31,REGISTERED,44999caef7f2b4d02e447a71bc04b03ed8058d53514b16b229aea9af0e78f821
R00364,OTHER,2026-08-31,REGISTERED,fae1bf9aaa21d27a8692b713be1b83a9d791c3ea6384072911ff621eec5eb759
R00365,OTHER,2026-08-31,REGISTERED,abf5c8aae2b3f766d485eca4cccbfe6a11a14ff8b94c98a830bae20eee59a6cb
R00366,OTHER,2026-08-31,REGISTERED,528c29bb829f74d7c64409111225a07ec5ba4fb78600ceb76f15e074ed9d322f
R00367,OTHER,2026-08-31,REGISTERED,d29a2cb8d486e0579a33b30f6ede7149dde5e9e64286f3f1c1818368b0598f99
R00368,OTHER,2026-08-31,REGISTERED,46a547f6e5182e8ccec4b4def36b84d0a2c94794e58c824aaa24268172a4129c
R00369,DELIVERY,2026-08-30,REGISTERED,a33403f21f01572aae961825ef537d58c7c6eaf2f40fbf5146373ed5c8ee5143
R00370,OTHER,2026-08-30,REGISTERED,99a96737a6c7bf0583e04abe8b0b54f5a0458f1b99f91944db15b2cfee0d9ed2
R00371,OTHER,2026-08-30,REGISTERED,71dec4d5a516c030e16a06f77f2532158cdf80f47e4b25d53446a2bba06bd0ae
R00372,DELIVERY,2026-08-30,REGISTERED,b738e17debff997ed81c5f16140384e1504535355b67ecd2d6d7e1c667875f67
R00373,OTHER,2026-08-30,REGISTERED,bdd306592ebfbaed2fade9bb96e5059877f24c4a9608ae9e4a8639bd3af7e331
R00374,OTHER,2026-08-31,REGISTERED,3b3013251dc31ea86cfcbeb1a0c0f67d901481fea8e8fcbe2439f895b00793e5
R00375,DELIVERY,2026-08-30,REGISTERED,3b4ec8887363a2862ab775facb46803f6198fa1dcce2b06562ba63037348862a
R00376,OTHER,2026-08-30,REGISTERED,01c4c7993b0443a977e587e200527704faffe0e01e7389ddbe919cd7c97f563c
R00377,OTHER,2026-08-30,REGISTERED,2c3da711848030787bc762dd8c404a814ab35ffcd6950def7f347b7ff3c266e9
R00378,DELIVERY,2026-08-30,REGISTERED,b124d80ad8e0275ea596ec3b91399c6c2eedb772d8c51fa35451159df1e9d2c6
R00379,OTHER,2026-08-30,REGISTERED,54b31fa307c94ff697abfe70cf9857f026b5271c2396d11812ad135e9cbfbf57
R00380,DELIVERY,2026-08-30,REGISTERED,ec20832a026993e409f49af58b83b7469fc338fd2105084d6353a5dd1df56739
R00381,OTHER,2026-08-30,REGISTERED,6343b62027b7f7e33a5bb065379f897e96c424f6fa2df38459d0d1a3893aaf0d
R00382,QA,2026-08-30,REGISTERED,ec3478a55c31d5ae0a5da74a3c063b07ab039bbda47e4e6562918da74ca58cbe
R00383,DELIVERY,2026-08-30,REGISTERED,e3ca8f32c47ad4afec158374c649b349b068b939833391d48e9f734d40cbf213
R00384,OTHER,2026-08-30,REGISTERED,566d69a1a15676628d5335277c17a746df2278b77cc2c2a388aba201359a04e0
R00385,OTHER,2026-08-30,REGISTERED,c3a08f339e80bb19ee302c8c48d7507b06543fe7fed8d6a376dc0d5e7d86d637
R00386,DELIVERY,2026-08-30,REGISTERED,e80ef48ba1911d91c41fb604ac7bdeceb13747e10a31af7a910be1e978984d8c
R00387,OTHER,2026-08-30,REGISTERED,6a5f7999120c8c784dd9ba9680c6fde4c7887e88dd6b1b405c9b141348b1e582
R00388,DELIVERY,2026-08-30,REGISTERED,f93c973e5d69d663c54128f2e61f84a718b288cfe0c97de1d8d8e9118fbb3f9c
R00389,OTHER,2026-08-30,REGISTERED,bde390c2ebde5086733455eeb8170e960a1e65bbf570ee2858f65338399e1324
R00390,OTHER,2026-08-30,REGISTERED,bfdc6e9655b89beb80dc95533588346c59789d3cb5a27db1cc405a30ef2b163b
R00391,DELIVERY,2026-08-30,REGISTERED,4ed05d2c4175b5cdf5ee18cf5f437c5928e8a4378d77552a09d698af2c33da34
R00392,OTHER,2026-08-30,REGISTERED,4409148d9576835245e30a613f6bdcd19caa4a87d86f14ec0d0b7bc02ebcaee6
R00393,OTHER,2026-08-30,REGISTERED,663610428d714903795b394583a794e78c4fd89a65fb6834f17f19483aae420f
R00394,OTHER,2026-08-29,REGISTERED,365e079854c1be1e524946a585831d4692bff48d712056dd67369816808cc769
R00395,OTHER,2026-08-29,REGISTERED,9de73136aae9407db3304b9c396b71dbe980ac1879f31ddd7668a5bd19fbf088
R00396,OTHER,2026-08-29,REGISTERED,baba551af926c292f317ae9a1678c2ac2c40ab51fc9c9548ee8337d6a5a7cfd8
R00397,OTHER,2026-08-29,REGISTERED,2e4ae06bf9b4f18ad66a2bf2e7320bf2e3e0c27fda2131a7b17f0e511f06dac1
R00398,OTHER,2026-08-29,REGISTERED,9cd98fc7e237a4354e96a47fa291fbf5798ca5aa6168e17ec1baa56c5f95bb45
R00399,DELIVERY,2026-08-29,REGISTERED,03cd8acdaf0267d5263b84491c5c9a2c6346327f840c6fa900656ae3f4c49897
R00400,OTHER,2026-08-29,REGISTERED,4951566657e349ae0160f41c8d93d6c07c600b2a3eb3e7226f33829035d3d7cc
R00401,DELIVERY,2026-08-30,REGISTERED,10a56a8f9b3f0429ec3952f087e942f0b715b02dfc5f3ed8fbd7144682879990
R00402,OTHER,2026-08-30,REGISTERED,2dbe8dee2d8ba75a1f618d50e0c265d0fa1ed938662d3f2285d409f8c0a2f5b3
R00403,OTHER,2026-08-30,REGISTERED,5730ddcfd0e89cd638036764fb10083160a6d80ca534dff2e30ae823120553ce
R00404,OTHER,2026-08-30,REGISTERED,87c140e2f0f74cf51fd1528ea75097ca431a8237244d955d01db058ad79dbc3c
R00405,OTHER,2026-08-30,REGISTERED,8b31ef76e202eafc7888469397ca1bf759b5037205c9d408a69f3abb5b611d95
R00406,QA,2026-08-30,REGISTERED,05ef462c0d22f7d10f81c9636571634c88a687a96f45bdfcd0b431b4e1e19127
R00407,OTHER,2026-08-29,REGISTERED,ff9713407452c2d81eb4ec29c542d608e6b00e9ae772b3285aae66c24b1739f3
R00408,OTHER,2026-08-30,REGISTERED,de46a01af63c2bd7ceeb0e18debc92200ee0774e45c73143b1a6a7c70eb6b571
R00409,OTHER,2026-08-30,REGISTERED,eb28a6594d7f808f3904e64ab594f7efadf75cdead9f857950ad02d1cff5a54c
R00410,OTHER,2026-08-28,REGISTERED,b40f6ce5789dea56097ccfdfc49e64b773412076bef0bb2b06a0801dcfb6cfed
R00411,OTHER,2026-08-29,REGISTERED,e68c65f24e99520b5d8612b4d1a6bdd98cd495af5b81261c6ec36573c8de828a
R00412,OTHER,2026-08-29,REGISTERED,1982b1ce447700e6adb2a1b3d0a31973a27d98d9698d0b790e285ac776587fc7
R00413,OTHER,2026-08-29,REGISTERED,0ccbd166d7b8f03823d9175eb80f51c3734b056aa41c31036b3b483741b115d9
R00414,OTHER,2026-08-29,REGISTERED,06f79e5cae784740168c93196306358f0ea365d24f01db3959936e486df0206d
R00415,OTHER,2026-08-30,REGISTERED,c54c2bcb01c7fcc6829e12e6434c33b7162894d563995370a9b7c6a0a0dc1593
R00416,OTHER,2026-08-30,REGISTERED,ac298394f22920667f0cbb7651962a22996b401ed728d910c9770214a89b75bd
R00417,OTHER,2026-08-30,REGISTERED,93312954566c02681c0a1760864746263751d500d13ed5748294f829a96d84ab
R00418,OTHER,2026-08-30,REGISTERED,31ab54d5635c4ba7a9acdfa513346f2a63c2101f4fb3e9fcd9d38c7602e603db
R00419,OTHER,2026-08-29,REGISTERED,996443b4cd638ca7852895fe841a08caf4bf1f6fa5cba1cf76d52e5e1a71c88f
R00420,OTHER,2026-08-29,REGISTERED,a62b53ed5cdc86bfcb96c81729b1ae151157ea3614681b0439238960c8ef2fc2
R00421,OTHER,2026-08-28,REGISTERED,5e94662c13b1ad48fd28d04058c256345d58eec90e339c0318be572bfb72d0c9
R00422,OTHER,2026-08-28,REGISTERED,fd033e1a74f78a2ff37971299f8342298329c88b2342efe3d51bb8767e496625
R00423,DELIVERY,2026-08-28,REGISTERED,0799925865739afc9e6c0e4d42134c1475dc5398b0618174724068a928f8c979
R00424,OTHER,2026-08-28,REGISTERED,3dd9ac9eabf8fca8b193e9965b5770abd22acac0c88de9569e5e9b9baaf5264e
R00425,DELIVERY,2026-08-30,REGISTERED,a49e3b7c3ed6caddd2d53fc4df2c1136f040249edbf9d829ce4b8e1b83733903
R00426,OTHER,2026-08-29,REGISTERED,af23901bd358b6f0492fea0676e89164b089cd67d9c31cf8088f310b9668fc18
R00427,QA,2026-08-31,REGISTERED,2bdbd73b6aa97530b606693462a005418516c471233071fb4473a7ce9218df89
R00428,OTHER,2026-08-28,REGISTERED,fed27d01f7f7738f0cd6fd6cd624479883324d0016db25bc2d2d983e0e2b1c8e
R00429,OTHER,2026-08-28,REGISTERED,83a2fb6d3e8d79bac2b67d14eeaa86387738fe96521d1fe8e3cfd9b8679a1cb7
R00430,OTHER,2026-08-28,REGISTERED,7a805128432388f6258031ae165ac1d5b78e3239df93b6d5d117390932cec3de
R00431,OTHER,2026-08-28,REGISTERED,ce7c2c3b0fb37da767a4b4c7c6b200d82a5d741660d59a64fea2b00900dd1d15
R00432,OTHER,2026-08-28,REGISTERED,08863b843834429aaa81e158913352c02af6a637e3513464e09328731cebf7a8
R00433,OTHER,2026-08-28,REGISTERED,4ebe0a16ef7001f23f859257d911ad18c930cebc1c672202bd17132e3e50b3d3
R00434,OTHER,2026-08-28,REGISTERED,670e25fb05201fec000e5040240e0437991acfa7a939c8c1a8fb22b8949d81b6
R00435,OTHER,2026-08-28,REGISTERED,f633f0761aaba80895342c34ef9fb34e223e6b8d604d7d3a4478870eb9989dd2
R00436,OTHER,2026-08-28,REGISTERED,6699f84f99a747a3c52eaf6f532db24cc18c11ec7227f00d54a044da83471c28
R00437,OTHER,2026-08-28,REGISTERED,0fdd032215622854c66371b17bd9e24349fe974bbc4a9eb68e2f1d291dc54e31
R00438,OTHER,2026-08-29,REGISTERED,1dae8d4b9ab069ea9bdc8e426f00c309cbde940eb5cc34fcc8b1a0bd12838790
R00439,OTHER,2026-08-29,REGISTERED,3b56014af7c5196ffdb96e891fd4d1ed363c4f47d1c6e3a50bbc42487e232d19
R00440,OTHER,2026-08-28,REGISTERED,3a497dc9334bd4b229389a2d95b4ac59b8168718223af355a6c6d4a6d1eab79b
R00441,OTHER,2026-08-28,REGISTERED,3a497dc9334bd4b229389a2d95b4ac59b8168718223af355a6c6d4a6d1eab79b
R00442,OTHER,2026-08-28,REGISTERED,f12d35631cc00b5619d63a285598be174da80ec4eae7774c60cc9da0bac8ce43
R00443,OTHER,2026-08-28,REGISTERED,862fc86ee6cb3a12d9e13d295e229332260150a9a2e6660b49296f7a792bb914
R00444,OTHER,2026-08-29,REGISTERED,dc34b0a85a970ecc8972de87178699435a3e33d3f15f1f0acae599dda0f40cc1
R00445,OTHER,2026-08-28,REGISTERED,00c9fc163abf0cd5e4eee4050cce412dfd43bdd99f632b3ffb5ecbc5c1ea8323
R00446,DELIVERY,2026-08-28,REGISTERED,963e0cd198893cfa0a38648968adc44cdeec1c9b592dfbfaa61aa73f06daca2f
R00447,OTHER,2026-08-31,REGISTERED,9ee5bf221d9224d21b173773ed5a4f394407d59a47bdcf1ecc3446b765a496da
R00448,OTHER,2026-08-31,REGISTERED,3ae092aa62125c29adf0336ea31627b3b63cebcd44ec1ff96991bcd631990907
R00449,OTHER,2026-08-31,REGISTERED,d4b1605c9f2ddce7a8da3446efb67fac52801eef1f4564db8dd22446e80a7b6e
R00450,OTHER,2026-08-30,REGISTERED,d3efad046988b6968d6723a472f091404e193a2b6a4cc40b43e6d732bb3ca951
R00451,OTHER,2026-08-30,REGISTERED,f4c1c2568e682201c7b4f3646f47a1679946bb746e7d4f44b2a539265803ba54
R00452,OTHER,2026-08-30,REGISTERED,cb56c8cc34247cf6fbe9056498e68a4ce854c28f99f43ee06d925c83ce706d32
R00453,OTHER,2026-08-30,REGISTERED,d1cd6a52bfcec3f8c3786180aa17f84f759ed03bf5251779e682abb42441ce31
R00454,OTHER,2026-08-30,REGISTERED,1eff0df5aa031705701eba4b4b6a35d94dc54efe22dcf59481e7d2a24b8fcee2
R00455,OTHER,2026-08-30,REGISTERED,4a360ca3813e8659d1b070710a563bc48525eada1ada7089e038d734bb4e227c
R00456,OTHER,2026-08-30,REGISTERED,35e9dbddff2dd70478ce216e6a07e084fdd0dec46535fb0e5694e8263f0dfab8
R00457,OTHER,2026-08-30,REGISTERED,055b0a074384384262568d20f500c7e696af13e0d942ffe0494adad2c3cc38a4
R00458,OTHER,2026-08-30,REGISTERED,8a632af4c0c27733fcfe0d964b5b2dae1c6d9112c19ba7f9beb584ce8a1231a7
R00459,OTHER,2026-08-31,REGISTERED,193cb5cf5ff0ed97262a89e1df1756d8d6d3ab0ae88085ba17415bc4e5733d1c
R00460,OTHER,2026-08-31,REGISTERED,e331301957aeec0f279e1b66590fccf19d4b7ab438addca28267fabd1697dccc
R00461,OTHER,2026-08-31,REGISTERED,3dc6672fdf1275b905fa7483c9e9ce905a28b547774831a0eb27e09444b9c1eb
R00462,OTHER,2026-08-31,REGISTERED,a892258c56d56123d0500a2db83b76e21b6e9317ec56ff471d9f8d4081db0866
R00463,OTHER,2026-08-31,REGISTERED,7b8c3ca295fe7e23de4b2603a4e461ad261a434c079fc251227ee9eb89abca3a
R00464,OTHER,2026-08-31,REGISTERED,10427f8f8e674e3af6ab2f0e9348aad272aadcc96dbbda78fbec9dcfac824a9b
R00465,OTHER,2026-08-31,REGISTERED,f8ac527c35d82236da5e84384f14a9d2d4d3d61b87eaf252e88c4758fd8938f1
R00466,OTHER,2026-08-31,REGISTERED,f742afe445107828115141a66816d7792e24a80692d5fe0adf1695dddfda04c1
R00467,OTHER,2026-08-31,REGISTERED,1ae6c7de8bae5dc6c04c125a179e6d4182f2ead91ad20f09ca0ab401bcdabcb4
R00468,OTHER,2026-08-31,REGISTERED,6899632ffaf369f963b1ee28419d76de45d19abd9ccdbf1b018bbd174a864407
R00469,OTHER,2026-08-31,REGISTERED,e182d1a5f2da016a0dce862e74aa2a72b79535ee61d7989f3450bb5c32ca7ed4
R00470,OTHER,2026-08-31,REGISTERED,4173bc16f87aa0c92e7dde077b0f776ceeeae060815b9d2a97c127a7c748debc
R00471,OTHER,2026-08-31,REGISTERED,63237cdc5d2cb21c54fe2fc9144765a3ad84ee20f4453d926b62265f21b70358
R00472,OTHER,2026-08-31,REGISTERED,2911b94235d566f5d4123f2ef3fb357c4ef0152279560c3a1d70f96a12865606
R00473,OTHER,2026-08-31,REGISTERED,a7a079da651e8995da93eb266bf966039df80f8b7392765135ba6abc5a340f88
R00474,OTHER,2026-08-31,REGISTERED,6d314813723ee957db3ae337c21d907a63df1d35c0bf7d1a94acd1cd101f1704
R00475,OTHER,2026-08-31,REGISTERED,fa90174ab3e3c771d6de0925a99d6a92324e29ba299146e4102390fa64430f31
R00476,OTHER,2026-08-31,REGISTERED,2a5de7a433db2a2e6528ae393d4d0ed76c74759b1233f1a200197a641ebe4a1d
R00477,OTHER,2026-08-30,REGISTERED,66b0508fd6b651c7fc861e91994ee11de9e8972189399202825e08061890f854
R00478,OTHER,2026-08-30,REGISTERED,aaa93ba2283b1aa0dc0b4cef6af220b0c4e9456ddab1a8576c605e7f798c413b
R00479,OTHER,2026-08-30,REGISTERED,033e1a82a97532de5c90082eb8428cc14d39da43f89bc9f1f0346f6d9960396e
R00480,OTHER,2026-08-30,REGISTERED,cf3c5bcc8fee175209ad88d7b82ccc84e1b2f299a4c1d7c2659df91675c14979
R00481,OTHER,2026-08-30,REGISTERED,92900fba086946178afc2243b96b2f681edbc9b38973aa395573dce629e088f7
R00482,OTHER,2026-08-31,REGISTERED,9ca1b808e73574848f33c3cf0f300d74de2f15a8fd0a37d66550a467d14f53ff
R00483,OTHER,2026-08-31,REGISTERED,beb11656379a78e8aed8b9120c5c0778055533427f96723e2409c2046f6431fa
R00484,DELIVERY,2026-08-28,REGISTERED,49f41b373a29c7993494f26b8060bd367e5688049cf16743c18fc0eff8b1c603
R00485,OTHER,2026-08-31,REGISTERED,8265a2b562e78457852120db52b0f2206a22bb3c2f7c4d981f98694550bbc8f1
R00486,OTHER,2026-08-31,REGISTERED,1ad92a0c0f0bc4116aee3981429045c04e877e97cb04fe7de9a910d8ecce78a5
R00487,OTHER,2026-08-31,REGISTERED,536dc9d057330aa074a7ed2f036372f1d62cb0f8d00f111b0de4bc4a768d505c
R00488,OTHER,2026-08-31,REGISTERED,f7f08e1ed8f9b1ed875c95b95f257b1b384a77fabce9d5d512b97cef8b2b15df
R00489,OTHER,2026-08-31,REGISTERED,51458ca89adb56bb267b304302febc3407c15c0992148c391ef91681aef84280
R00490,OTHER,2026-08-29,REGISTERED,3e967fcefc0aace0dc392e67b618fb973ef6b1968f2d7e54b0c492f6f0bfe7ca
R00491,OTHER,2026-08-30,REGISTERED,04dd580bf0165082bfbc31c635c12c27d8529b26e90ebb712b853a4ecd8a041b
R00492,OTHER,2026-08-31,REGISTERED,a1dd5803bdf3078fbc1debb9b8e1f141e961888ed30578d05348ab4642c13c32
R00493,OTHER,2026-08-29,REGISTERED,8b2603d3cb0cdb029730fd25c0bc805facd511eb268b7dcc4fe3a51787048a9a
R00494,OTHER,2026-08-31,REGISTERED,0fd11f97bfeab47e892c849d53d7795aa40a3e3b394b604ad569de10d0e2b34c
R00495,OTHER,2026-08-31,REGISTERED,9f0358b60087420e1a05c0eb0e508ba5684c429163daca08e5614d4f0110ec9c
R00496,QA,2026-08-30,REGISTERED,e267fe185560d03b98d97b30c5888876d067d08ebd60f3eea1e54befd5028092
R00497,OTHER,2026-08-29,REGISTERED,7c1f44d6122f20344652adfd8398948983666f564904e85f706c90e0c6b1656b
R00498,OTHER,2026-08-29,REGISTERED,af88bf36a545f1ad285de253ef6dd918cb0b1ce9802c97e7c86695344f42c40d
R00499,OTHER,2026-08-31,REGISTERED,b55362ba0856d160de2b0583b431e28c320f10d9bedd2da89f68706468981980
R00500,OTHER,2026-08-31,REGISTERED,00ee23abf5529bb328d3dd66c3691bda25d3a278499a95a6ad344f96ba314156
R00501,OTHER,2026-08-31,REGISTERED,76eff1867c86b945b2d24b6c6ec396120b939714d9c0f665e7e28b933ca12a19
R00502,OTHER,2026-08-31,REGISTERED,bf310844006112e3224f269a9147163711cef6930a3e7b893abb0d944a379da4
R00503,OTHER,2026-08-31,REGISTERED,0c50c48ce98d680fd1de7e527696aa0485a96ae0754c4d85f6aaf4d619fd3caa
R00504,OTHER,2026-08-31,REGISTERED,19ff0da45b6c52023c65d72beaae4c16a5a50757d0eff5da7fd337e86d402d0c
R00505,OTHER,2026-08-31,REGISTERED,be9fe95f2c09bae7c5c395069ea08d4198e0efe95da2631f66bcbc4df02636c8
R00506,OTHER,2026-08-31,REGISTERED,5d400586a9d66fd7a9b10b53ce8470838b1481a22bb8d2eb13e0ecaf4010a78e
R00507,OTHER,2026-08-30,REGISTERED,61c1c7bacbd13d58a9958c1885bb5d2af515157f755f7165036aa46e3d5d6363
R00508,OTHER,2026-08-30,REGISTERED,cf53b99099e50545b09bc905ee25bc1f4afecf13f9b757f20b294cc5cbb70b29
R00509,OTHER,2026-08-30,REGISTERED,57ec6cc143ccc32dab116edbd4ce980cc540e86c806563b343e88173a6fd742b
R00510,OTHER,2026-08-30,REGISTERED,fbcff196336925ff61e7fcbc3c811d765d5a86266e44f40f78a7cfa99775e8e8
R00511,OTHER,2026-08-30,REGISTERED,ef9a6281285d2cc0fb6ee7be52356de50411e8b684c31f0e766d6b354f202632
R00512,OTHER,2026-08-30,REGISTERED,2983254e545cfc4750115790924a5825fbe88a7cab3ebf5b8038a4c557011fae
R00513,OTHER,2026-08-30,REGISTERED,b70d26973c6788d1b7734dc39b6ce8a5cac3e463e7268bfbf6261f3ba738c28d
R00514,OTHER,2026-08-28,REGISTERED,475bdfc972017b5a9146ac43da96bf5df29e18e68006e5ef975a5021d9c5ca1f
R00515,OTHER,2026-08-28,REGISTERED,a015fde0e1466f4ecbfc823772f6a1fcc8bd7af1ddc97bf47d2909972b5c7bb6
R00516,OTHER,2026-08-28,REGISTERED,92266c04ce32043d5027ff1abd228a269596a386b1c19c3c5bd6fa0800be5273
R00517,OTHER,2026-08-28,REGISTERED,cd591ed6a2fe2d10b0a564b10509d8acf4696c46cfe21aecadcf9b208026dcf7
R00518,OTHER,2026-08-28,REGISTERED,ddbb14a0a031d419a5e6fff5ae9a8734bc1d795712eb3350267b48134bfc4c7b
R00519,OTHER,2026-08-28,REGISTERED,db6164799431877b9c5dcebaa9b3ee4c542cbf2daa8580e0fe43236acd1c69b7
R00520,OTHER,2026-08-28,REGISTERED,b0852f897238205fdf7b2e94076e0ad08c39fa65c97327e1a47f573701a43145
R00521,OTHER,2026-08-29,REGISTERED,56d9eed1e117f4ede3c33a3c86d10fd4fc03f5c60b6da80d773333e84d244c07
R00522,OTHER,2026-08-30,REGISTERED,0c9fedb71d9b175850e44b76ecbe80c5fee667b001f31c96d7c3e3191e72cedf
R00523,OTHER,2026-08-30,REGISTERED,7ff81a8d863762052bc6530132b57c7822516d023eb7423a672381601ffbd9d4
R00524,OTHER,2026-08-30,REGISTERED,38a482e7f87c053f8d4b2e6d7fe2cfb74f07d85ceb81f2f65e2f871270f33f13
R00525,OTHER,2026-08-28,REGISTERED,7536a8f2a021bbb3b84b896e4bea6876e79de3f78c665810f680afa4f54bc0d3
R00526,OTHER,2026-08-28,REGISTERED,529ee8792cd3c5be7d37b967dad2dbf28b4d3186b47d937b55d99c71c16fef58
R00527,OTHER,2026-08-28,REGISTERED,2de65eb6f91fdc4f615bb35f1ad1ac1906cf32be39b9acc157dd792a09091491
R00528,OTHER,2026-08-29,REGISTERED,10dae6d5edee21614eff226c683fdc01b4a455996b9f2d0510d85d2a665a060a
R00529,OTHER,2026-08-29,REGISTERED,51ef85756568856f5cd1c5626884ace5f8ec9c2c8879edfefae1b047514aed56
R00530,OTHER,2026-08-29,REGISTERED,ba3a7467fbe6df96ebacb4a62be22572811b42a3038949a5277eaf22aad69613
R00531,OTHER,2026-08-29,REGISTERED,d414bb71cc4ba4ad26ec9b186f811fc7576cf873026530a5aab2d6b75dcd11e3
R00532,OTHER,2026-08-29,REGISTERED,9933d78bd8c339d81f0b33cef5a840896637e041d4ea29cf7767087246f5fb3c
R00533,OTHER,2026-08-29,REGISTERED,ee43a9e42f2a615af33c01b53dc71fe674db34793df78df0703c681ebdbfbf73
R00534,OTHER,2026-08-29,REGISTERED,9b5ad9f2742b88417a910debb447cba9852944b03656315ab5652b00c7a299d8
R00535,OTHER,2026-08-29,REGISTERED,5e5d0d74659f407ab69ae09bfeae91aba02e571815b39656cad5edc4632f5ac4
R00536,QA,2026-08-29,REGISTERED,32e855ab038ac0ef1f486118891f6cab821a18ce01ebbbca0431f01608ea8012
R00537,OTHER,2026-08-29,REGISTERED,d9db8f53c53d7f0f79074a867187e608edb12ce21dc045d03f3640e40e985da5
R00538,OTHER,2026-08-29,REGISTERED,5624f35e7e81e20ab3996e4fa0bc94b09c8ca481c7b38e152818bad9fd39c937
R00539,OTHER,2026-08-29,REGISTERED,57b4e77fceebac8930eefce15f347134a61fd8b469f127251467b20f33c065cd
R00540,OTHER,2026-08-29,REGISTERED,f49c354dc5afe73c56d80b1ed6f05e236dbda05b4f3b80b013e532412f82f03e
R00541,OTHER,2026-08-29,REGISTERED,c5fb0394812bef64d20d32e9c534109fd4acd1e3c8d63973a98fb7e044460a85
R00542,OTHER,2026-08-30,REGISTERED,bd1db6b236566ac2e8a63e362f607d1f0b14ea581ce6752a00fbfaa3f1aff07b
R00543,OTHER,2026-08-29,REGISTERED,3a0ab9fb072f5e078275f4158c31fd0e531a105e7bfbaeaa738cc9d9e27abd70
R00544,OTHER,2026-08-31,REGISTERED,fb4423c714821b07be330f24e3182d952ab9fdff7c95a27319a9db50fcc74a6d
R00545,OTHER,2026-08-31,REGISTERED,b96cb18015f6896c4fc74454c578571dc84ef3c45e929f70f21773e09e972b50
R00546,OTHER,2026-08-31,REGISTERED,8ee9844f5ecb7d99c6b6ba3deb8cc1dd6b59673b1f9ac264bd76181c80c570db
R00547,OTHER,2026-08-30,REGISTERED,abd1b42eb2734080a95bce27e157355f66415a48753afb84e210b6501555afc0
R00548,OTHER,2026-08-30,REGISTERED,d2e9f7ffbb688bcda7d37e7c03d807bb55c21f887a7626219417043ff69f7a2b
R00549,OTHER,2026-08-30,REGISTERED,84a9286e77323135571b74986bb1786ee67d71be324bc0f4ffa0d12ba3b9bb65
R00550,OTHER,2026-08-30,REGISTERED,2b71050cc0ef8e25308b08985612bba8cf5f050af9a1c255703b833901008889
R00551,OTHER,2026-08-30,REGISTERED,9011dbeeebfa63a52b63e4b9096b41f84e90fa561abf0f799c2917691465c359
R00552,OTHER,2026-08-30,REGISTERED,6569588825a3d046072a563dfe0cfaf63c19d64b090497eafc3e0ab834816c28
R00553,OTHER,2026-08-30,REGISTERED,8bb7687f33285facd3dbbc8781b224f929c82617a6d07a49c90dcf256ce80952
R00554,OTHER,2026-08-31,REGISTERED,a21f9d5995a1ad06ed58930634ed490697bdcfbcf8b3eb39a25148871f7c6e44
R00555,OTHER,2026-08-31,REGISTERED,9b36f5bc0a3de872d93883ebe4da108ba92ffabf27cd10713e06351d85ceead0
R00556,OTHER,2026-08-30,REGISTERED,18fb2048266481b08efe854b86ad12a348ebc6e28b809c720921b66df02ad3b6
R00557,OTHER,2026-08-30,REGISTERED,fd1423dd6129d596a2b85b75d924f9c34986037cc8825d2aa22e828d31b46a5f
R00558,OTHER,2026-08-30,REGISTERED,2db64d5c957a88ec042fdf0e001ce8bbeecf0a6358dcd8893793e46ef3bf05b9
R00559,OTHER,2026-08-30,REGISTERED,beafded79aec902c141a6da47660995284f1a4c3daf9bc09cc86421f5af98800
R00560,OTHER,2026-08-30,REGISTERED,e3b0c44298fc1c149afbf4c8996fb92427ae41e4649b934ca495991b7852b855
R00561,OTHER,2026-08-30,REGISTERED,f976d1d4f21763ebf7082315218ec0b2bc3a5400472c56f6d798774bd7662ac6
R00562,OTHER,2026-08-30,REGISTERED,2df87466bdce64d4254fc9098f2c7624b286b09c77a44e7802169be316296cc4
R00563,OTHER,2026-08-30,REGISTERED,eb2e48f3f759d0ab2d012e1388c0b3783ce4955e6bb5f97320ddc03b5dfc08ab
R00564,OTHER,2026-08-30,REGISTERED,e3b0c44298fc1c149afbf4c8996fb92427ae41e4649b934ca495991b7852b855
R00565,OTHER,2026-08-30,REGISTERED,e3b0c44298fc1c149afbf4c8996fb92427ae41e4649b934ca495991b7852b855
R00566,OTHER,2026-08-30,REGISTERED,d3a467de56b2bb4e8adddc86ac483216b5f75f2d67edbf85835c93754b97b046
R00567,OTHER,2026-08-30,REGISTERED,74538e152db636703a72727f03b37f3fbe240be8b6bba8bb3176622b86efefbc
R00568,OTHER,2026-08-30,REGISTERED,579d4c7a5e757cb1ee15836534d5e91c532f96c95dc52840fbdf636cf2aaf3ba
R00569,OTHER,2026-08-30,REGISTERED,db6b4dedb3f8cc5006b45cbf7aa5cd2bce5d599d888d1609ee91712fa986f389
R00570,OTHER,2026-08-30,REGISTERED,2265fd4d6d61e10d1e5a4e285c4e0f6ab21f628825a17be1d687459e12dcf1c3
R00571,OTHER,2026-08-30,REGISTERED,b23377d1eb7db053258a60ec2588eb2c1c4972b614c64de9b9c5d834dfcdd809
R00572,OTHER,2026-08-30,REGISTERED,f1e1fa14afd7110fdd0e540a43661d46a576a3b6e7a299149f734332daa9c094
R00573,OTHER,2026-08-30,REGISTERED,153e87cd10db59ed023aca6bcaef66a02c0e2272e2b42a359a3302aa59bdfe39
R00574,OTHER,2026-08-30,REGISTERED,e3b0c44298fc1c149afbf4c8996fb92427ae41e4649b934ca495991b7852b855
R00575,OTHER,2026-08-30,REGISTERED,f2164eaafe04457f7e5f968ba50b43167d990953a01ad872703c846119ad96f0
R00576,OTHER,2026-08-30,REGISTERED,704ab0637024ef0a62ede8e2570da24fb63619e8679283cdbe7cd42105854117
R00577,OTHER,2026-08-30,REGISTERED,f398ccecdfb1bd494d803ce319d53b0cb1ac3af5ed019c1a0aad98c08fc51e52
R00578,OTHER,2026-08-30,REGISTERED,e3b0c44298fc1c149afbf4c8996fb92427ae41e4649b934ca495991b7852b855
R00579,OTHER,2026-08-30,REGISTERED,e3b0c44298fc1c149afbf4c8996fb92427ae41e4649b934ca495991b7852b855
R00580,OTHER,2026-08-30,REGISTERED,ef7ec477c36d28a2d278c54918e3672a35b11611cdb4d551f2a82213e4d197de
R00581,OTHER,2026-08-30,REGISTERED,bd4545a1b7f05e43d3ff86ffdc90ae4321422406635b9c279f2ba344daa84f63
R00582,OTHER,2026-08-30,REGISTERED,b88bc10a63d2ddc5beeca0cb6cd60e3b56dc57e9bb87cbdccccf563299c786c7
R00583,OTHER,2026-08-30,REGISTERED,d9a6b7d35fbf0be2acc22139588efac904929e373861e0ec830a3b0505a0cc80
R00584,OTHER,2026-08-30,REGISTERED,bab24ba302f96d0c89c4ee20c4e2ce2f77a5777e32f0b05c46c9b6c41d3f144d
R00585,OTHER,2026-08-30,REGISTERED,d993735b5394d3236989c7cfd459ec5413a87259cc6311cb5e2cf1709c3b7651
R00586,OTHER,2026-08-30,REGISTERED,12355add435f6f91d23c6f7e3e12cab0de674e12a99d01aa96ae77dd35d47b42
R00587,OTHER,2026-08-30,REGISTERED,90e5bc870bb469b3708bd713d27a89a67d791a6e6e375335b5c0f717afaf83ad
R00588,OTHER,2026-08-30,REGISTERED,e3b0c44298fc1c149afbf4c8996fb92427ae41e4649b934ca495991b7852b855
R00589,OTHER,2026-08-30,REGISTERED,9a3df1f9889ecdb49a2956b0a85e9a39520dc597370509d92c925b4ffe4417ab
R00590,OTHER,2026-08-30,REGISTERED,48495c305db7867495ecfec519d467bf2642d0c269f89d3a4ce6134cbfec432e
R00591,OTHER,2026-08-30,REGISTERED,3dfbfa4af5f9322951675ecff7ba68b97952de87fa012e6c9a72190e76cde5cd
R00592,OTHER,2026-08-30,REGISTERED,e3b0c44298fc1c149afbf4c8996fb92427ae41e4649b934ca495991b7852b855
R00593,OTHER,2026-08-30,REGISTERED,e3b0c44298fc1c149afbf4c8996fb92427ae41e4649b934ca495991b7852b855
R00594,OTHER,2026-08-30,REGISTERED,603acee4644c18d770d39cf0bbf18b1ed310b518d25a6062a13a8552879bbb99
R00595,OTHER,2026-08-30,REGISTERED,3b5f440b7938fbefb59d6d265f70497d997e7decd0fe63b472f49c111eeec8e0
R00596,OTHER,2026-08-30,REGISTERED,7ac1ddd391586387a945c02d6b7f55a8c2fc268d6985870a12d6a1ea795c40a7
R00597,OTHER,2026-08-30,REGISTERED,67be1f0a9a69e444f1fd2c1e5459c8c63dc6ee1f61f07567d8ef6e76724921c3
R00598,OTHER,2026-08-30,REGISTERED,27d6098176efbd6e07e2636deba156e49aea6cd83eab79c1ebf4f1aa0396acde
R00599,OTHER,2026-08-30,REGISTERED,06f625270d1a7e5741cd7406724e65f09edd387e4d09a311cb25cb0e15f875e5
R00600,OTHER,2026-08-30,REGISTERED,001dbe5ea89996f05ae7dec6f4809272508932c8a8dc33492429e215528f1be0
R00601,OTHER,2026-08-30,REGISTERED,31a0a7ffbcbe42258bc39c28faa7dac5dcb2bff34869fe84c7969c239fbd398b
R00602,OTHER,2026-08-30,REGISTERED,e3b0c44298fc1c149afbf4c8996fb92427ae41e4649b934ca495991b7852b855
R00603,OTHER,2026-08-30,REGISTERED,0071ce1a55ae6234d306ef206558b7d1c030f1caa8ae873e623e0ec9fc891f95
R00604,OTHER,2026-08-30,REGISTERED,374cf5292520f142787dede7b9326df0826ceb2e440d902e66f228dd0e5a51f1
R00605,OTHER,2026-08-30,REGISTERED,c3602fe8727a8c23f554747d8f9fb53fc85ef33101098d8953da5db0a586fd0c
R00606,OTHER,2026-08-30,REGISTERED,e3b0c44298fc1c149afbf4c8996fb92427ae41e4649b934ca495991b7852b855
R00607,OTHER,2026-08-30,REGISTERED,e3b0c44298fc1c149afbf4c8996fb92427ae41e4649b934ca495991b7852b855
R00608,OTHER,2026-08-30,REGISTERED,9a3780e9949d38562b49570e611f9600735324a011f19265662ed2a9437464b3
R00609,OTHER,2026-08-30,REGISTERED,dff44876c26e9a5746200635442523d27effdc04aa07ecda3e569a6164d2a8ec
R00610,OTHER,2026-08-30,REGISTERED,92757c27e7036c854c60f4048f0ff1f5244d0c3e590656d51cfb6cf924fba14b
R00611,OTHER,2026-08-30,REGISTERED,69c233be350f286694e717ac791e1cf69fb4f46a191045c4fd5b8c51b4f2ad37
R00612,OTHER,2026-08-30,REGISTERED,dfd8d58352ccf7f1712a06e9a27c6573ed2e7aa0229a21617148ec32651fcbfe
R00613,OTHER,2026-08-30,REGISTERED,95b9c7b4b3583e5f46605ec007fd16b6457ce445b113cbc2e04862d0efe06f77
R00614,OTHER,2026-08-30,REGISTERED,39d57a0925a3c5d18b338576baec1da16d52ffdc2d0cc38c91e46688d4568739
R00615,OTHER,2026-08-30,REGISTERED,008cceb1e5b97335127e840511771b7eeb41a8a631b72679ec123b0542a75caf
R00616,OTHER,2026-08-30,REGISTERED,e3b0c44298fc1c149afbf4c8996fb92427ae41e4649b934ca495991b7852b855
R00617,OTHER,2026-08-30,REGISTERED,dc27eb299bb247c6683a037d2dea1018dd2c825db202655f4d51122f7da23e39
R00618,OTHER,2026-08-30,REGISTERED,49bc5df74c814dce7beb9c23785acf9bc2c1a1fe87b82ddfd243c71c8f64edc1
R00619,OTHER,2026-08-30,REGISTERED,60ee350366cd1f3b589362fca24bce9380ca566b98348474eb208b7a8fcd3895
R00620,OTHER,2026-08-30,REGISTERED,e3b0c44298fc1c149afbf4c8996fb92427ae41e4649b934ca495991b7852b855
R00621,OTHER,2026-08-30,REGISTERED,e3b0c44298fc1c149afbf4c8996fb92427ae41e4649b934ca495991b7852b855
R00622,OTHER,2026-08-30,REGISTERED,2804b72a23c508bf781eba51fff04c88ea0c89c64832fee4da2f9a2bedfdb6b6
R00623,OTHER,2026-08-30,REGISTERED,798c13398cb324ef032d31318807137bea3144fcd06d6117a77228baacbfb501
R00624,OTHER,2026-08-30,REGISTERED,c0dfa02fc6d440077b97275d1ba47851a2547711ed913d9926f7b12a38952fc4
R00625,OTHER,2026-08-30,REGISTERED,5336c0ef65997af7b3d114f625e4af06066fd7510b8d82d8a6b7469234ce0819
R00626,QA,2026-08-31,REGISTERED,25d5f2424f50ef6e04ce34d83144bfc14a904315d45f17c822d5973119c77252
R00627,QA,2026-08-31,REGISTERED,25c6e6ce8f649ca023b409a96056873942f49676940c8536fea77bafd3158daa
R00628,QA,2026-08-31,REGISTERED,a3de4ea129a7fb30413be57d828f5ee24dfc60d3ebc82ed6b76f49b9802bface
R00629,QA,2026-08-31,REGISTERED,fc20fd823982799b1e809a549dfa96fcc9ea380c3f2c72704c117ed3a7604858
R00630,QA,2026-08-31,REGISTERED,bd0eb92e0760d6fe9257a4aff602e2428a6f9b12ae436f9d1b43980527f57560
R00631,QA,2026-08-31,REGISTERED,c609a36960e786618f519ad3250c32e1b32b4019059949e09d599661fe5ea134
R00632,QA,2026-08-31,REGISTERED,0e8fbede0a8233bc77674ac82b4cb54f55620de55cfcc628d25c6b813ad4db50
R00633,QA,2026-08-31,REGISTERED,131e56fc0cf0d98fb0294c37c6782200236c97fdf06ff51f7b95ce41326a1c42
R00634,QA,2026-08-31,REGISTERED,a4a6fc0c42a85166760377d558cbbb615624b347a1c3d40542031520e4726e95
R00635,QA,2026-08-31,REGISTERED,d0af4f72af55eef36ebcd7b08e5096ad7e9913526ae2f2e06af90abaacc18b6d
R00636,QA,2026-08-31,REGISTERED,47a1afe9dc6a396211c64302e1e9b7d9d422ac6b5947ba5945f2a093477d9375
R00637,QA,2026-08-31,REGISTERED,7c661882f5a320ea48efae686f369b245a4a58e51fa626b3573ce5b5e3cf6f96
R00638,OTHER,2026-08-31,REGISTERED,1a5964977b047a118177eeed2f2800cfdde230a22d73d35306579b2cedad3197
R00639,OTHER,2026-08-31,REGISTERED,1a522d5832b6aa427970507a6f70cbc4c4de4c8241a47e2c901e77dfe765401a
R00640,OTHER,2026-08-31,REGISTERED,d1c73e7831d834fb0ba7e65d5e81da680a79e4aa36236858ed65f0664f135587
R00641,OTHER,2026-08-31,REGISTERED,027c65cf589f069131c8fd9c264fe0bf6d56b41f9251950452570aa02e42e4e5
R00642,OTHER,2026-08-31,REGISTERED,1772244490e9bde8f541ab28ecd56cc78a68a44b770c3d36e574900c12ffc515
R00643,OTHER,2026-08-31,REGISTERED,304e0565bc753292fee02caf107754a5cd25b1d927561fc82d2533401ccfdfcf
R00644,OTHER,2026-08-30,REGISTERED,cd8d6e14578e9d72f52966d5bc09f813b2684a279ae82dd4186990d76abd0c92
R00645,OTHER,2026-08-31,REGISTERED,ab5fe107f77c163c1826455ee78f5a0f0c1b80f7c2f63dd14666caa3f645c5e5
R00646,OTHER,2026-08-31,REGISTERED,b5d65040f582993eb7119bc3af26a26ba7aac571bfda90d612e8a5b144ec0c2c
R00647,OTHER,2026-08-31,REGISTERED,5877c190c70eb179c59857e83d8397e90937e0327b7330c9bc9480d37170d6ec
R00648,OTHER,2026-08-31,REGISTERED,08d7be9dcbf587e59296e9d29c5967e3b4b638a71d510dc62f58dd696b7ded03
R00649,OTHER,2026-08-31,REGISTERED,1e1d35fe7e0661bff8a4eaeb0786d7550bfd028dbbb1b75f240488bd46e38f80
R00650,OTHER,2026-08-31,REGISTERED,a073404e211647cb5970a1c05cf0d788d06e7fdc33fe28c5cb6ae226694a6bb5
R00651,OTHER,2026-08-31,REGISTERED,d82babe6462119779fcd95e6f991425c0aa657ef4cd1e39d0ec93a2e17e82e61
R00652,OTHER,2026-08-31,REGISTERED,1fbdea4f98b58f3e20f3f4686f1661742fa4e572a89db8b69df017fa08b15702
R00653,OTHER,2026-08-31,REGISTERED,4795714cb5d811821b77df946ba6bd954377b58a18a1a223662df166c4f96ff8
R00654,OTHER,2026-08-31,REGISTERED,82dde5261c4c979c6471ed7848a06fda3d341aee0628c738ed7699def3ec3adf
R00655,OTHER,2026-08-31,REGISTERED,cfe20766049f5f69768c9d8b5d6993d8f19da060f80e6c8b2e127109687461cc
R00656,OTHER,2026-08-31,REGISTERED,072354dd1afba6ba8780553f8b4749299528c68a9f11b71e36796cb1dadfd9f7
R00657,OTHER,2026-08-30,REGISTERED,4502cc58c5eeef3a41965a988182fe8aa95d502534c65962b58acbf256b18506
R00658,OTHER,2026-08-31,REGISTERED,ca076161632b5a235588286444a39c8b78c8b2a8e931667d590aab12fe627c6c
R00659,QA,2026-08-30,REGISTERED,e1c12cb3fed8dc81837fbd8d995db83e828c08ca30d538a1446ac0d2c9454a0c
R00660,OTHER,2026-08-31,REGISTERED,628714407d291aed1f49c958005456a8465c03bde28ff40b19d0aa1a8b71b519
R00661,OTHER,2026-08-31,REGISTERED,83d9b67f0bb589f57a81a9bf6fa8c52660048d861efed239430e65d6775ae2d1
R00662,OTHER,2026-08-30,REGISTERED,6d69b85cb28c5809ed9cdbd26a7054d502cd55db0a0974ca70d09e5b85bc12bf
R00663,OTHER,2026-08-31,REGISTERED,44ff5842c02dc5cbe57ff4757ea0c8f1ce0ac7081c5b91cdfde1e2f5b4688b5b
R00664,OTHER,2026-08-31,REGISTERED,b059ff88e936eb46efaf005ca330a8c7bae1a3ca97405233ace270fe14713aad
R00665,OTHER,2026-08-31,REGISTERED,a0dff3761e9c2d36a4ee00632e1c3982deb0ccaae7e3f7625d3f41bde61a1bb5
R00666,OTHER,2026-08-30,REGISTERED,6d69b85cb28c5809ed9cdbd26a7054d502cd55db0a0974ca70d09e5b85bc12bf
R00667,OTHER,2026-08-31,REGISTERED,21e8822d6f771c966e0b13b848f91e1174045733685580eced7b2ea521f99b99
R00668,OTHER,2026-08-31,REGISTERED,6716a9ce1649589f3a05a038c697ee8c484e8f43caae99756e793b5c719be395
R00669,OTHER,2026-08-30,REGISTERED,6d69b85cb28c5809ed9cdbd26a7054d502cd55db0a0974ca70d09e5b85bc12bf
R00670,OTHER,2026-08-31,REGISTERED,4b9727f48a5ffb9a1f8d777239c4aab9a70623cad1e0d30c789a68413d0c6ce4
R00671,OTHER,2026-08-31,REGISTERED,c4c1df7d13550a9bb4e0bd12ed3c2635e0a1337fcaf09be9266b452de909ebda
R00672,OTHER,2026-08-30,REGISTERED,6d69b85cb28c5809ed9cdbd26a7054d502cd55db0a0974ca70d09e5b85bc12bf
R00673,OTHER,2026-08-30,REGISTERED,ef3a68c1a400c968b9876b80fe42fdc1c377444555958aeb08c62d5fb23da579
R00674,OTHER,2026-08-31,REGISTERED,6716a9ce1649589f3a05a038c697ee8c484e8f43caae99756e793b5c719be395
R00675,OTHER,2026-08-30,REGISTERED,29b3fc46ec7badae888228f2ce9c38fb9f4e4dec9214cbe6a60ae75862ced57d
R00676,OTHER,2026-08-31,REGISTERED,4fdd72f5aa6d3cf504941c2c3b32b5b14b50e828eb7c99af56fd70bfefc56db9
R00677,OTHER,2026-08-31,REGISTERED,5a98b5648ad6f3f23a4c5703c8ee7936d1fc5db6f5abd16d779bb3b9fd920044
R00678,OTHER,2026-08-31,REGISTERED,647e22c8c06abe3198e35b72b30524d66ee4650d1e4c72319e1dae29d139d42e
R00679,OTHER,2026-08-30,REGISTERED,2d1d996b5ba5ae27ef8dccbbf4db2201c211b1638687e0fc6ab31864cfc0666b
R00680,OTHER,2026-08-30,REGISTERED,911d2d3817cfbc493338d80e055ce514303b34e34d57628941931b225d9418c2
R00681,OTHER,2026-08-29,REGISTERED,3cce7644178c759612f2d97537c3cecc3268f8891387d9f03839c85c46fc1b76
R00682,QA,2026-08-11,REGISTERED,c53de3224182ba38f223dd56e7b8dc74b239ca47cd5a429705ed5c9222af0997
R00683,OTHER,2026-08-26,REGISTERED,5a8c75b48c56897ca7f4b9eac070337942972574502741b9e15d128360104664
R00684,OTHER,2026-08-27,REGISTERED,d81d20306e6ee12aa0dd197858a5f2d0ca51f4b2298185aec0a8213f607adf5d
R00685,OTHER,2026-08-27,REGISTERED,dd97d7185fdfb62e4752489f25d3d68bd8f7b2cfd99c461a88c49c462f482460
R00686,OTHER,2026-08-31,REGISTERED,9474e46aebd14c6767070d16503dc69b1a0d9bbeaff537e0644edd769131cee4
R00687,BUILD,2026-08-28,REGISTERED,b7537b214162e9be290de68d465be8c0e23b0efcb6ce16f93eda8f596e8f04fa
R00688,OTHER,2026-08-26,REGISTERED,9f57d3c873c860b46ae1961fd966a78292acb72bf94537dc685e23db394fa379
R00689,OTHER,2026-08-28,REGISTERED,d238640b4c68ba6b98f11e0125ae621df51d260ccdd74d4299b2eaab8108b1cd
R00690,OTHER,2026-08-30,REGISTERED,dadddffc387292b732d6a00bdca037346df775ea38f3792296280896645aa9e0
R00691,OTHER,2026-08-30,REGISTERED,3b44032f26932cf46627cff883764a8452adc00c45394fd9c01ca270a4fa8bb8
R00692,OTHER,2026-08-30,REGISTERED,1ec1843a5828a898133c629cf89a070daf7a9eb2a0a43f110e5877b9ff3d39e5
R00693,OTHER,2026-08-30,REGISTERED,f9a1a509ae7a68f5a23fc0c46ba91fb379654e23e24d9a6587873e9f2193e5e0
R00694,OTHER,2026-08-31,REGISTERED,9093570d494c36df2a811122b0c17d935eec5c05a48c4f470d22c774dd1e1cec
R00695,OTHER,2026-08-31,REGISTERED,4d04ee53ab6f71088f49e33859e090bf799d8e95a7b51374fc2c0c1d4f88d8f1
R00696,OTHER,2026-08-30,REGISTERED,7a50ed4bc3f25b8abcbbb5c4643ba60245d45e958a1d650ae221850cba4043d2
R00697,OTHER,2026-08-30,REGISTERED,ff1b04297afaa7da85317bb755021bb1ef2c03cb981f757a4cadd690ab101f4d
R00698,OTHER,2026-08-30,REGISTERED,c810ecdc815c280e329e0c7cff8025d47031c3a967e1374d9a1d7eb8c059fed1
R00699,OTHER,2026-08-30,REGISTERED,f62252d00a9b931229b7439c15910ea2a8604812bfe60cf7eec518538b7f3dbb
R00700,OTHER,2026-08-31,REGISTERED,c13760dc422ce122fe5e7be394d5b1f1a32593359130145042c6050d49d4dc39
R00701,OTHER,2026-08-31,REGISTERED,adf5680c19eb6032dc2f2663d46ccdfb065ce708ac1313afca586dbfd504f028
R00702,OTHER,2026-08-31,REGISTERED,1da46488a0bfc1d351cc111fb09fa4cf752a9180ebc89c1e2f64fa7e8e6d71f7
R00703,OTHER,2026-08-31,REGISTERED,8d478b335bb7d837e3903b28077f3b36a786f0b17dfeb901bf2c4ac75a708aec
R00704,QA,2026-08-29,REGISTERED,f16a143afd6c3d8bd78e1de6a01202b4e20fab55f30fcd7dc3822256d07abf57
R00705,OTHER,2026-08-30,REGISTERED,2ff44ef8c40e0b612e2b57280bb2d92c805fd099c5ac63339dfe8037634cd581
R00706,OTHER,2026-08-30,REGISTERED,b8fb381e921937fbd4cc530ce4386b2fd6a415c1ee4b2633bdbde12928bd64fd
R00707,OTHER,2026-08-30,REGISTERED,8bf8177cafd2bf83afe981f6c2b310dcd725a30963065ec35f77586f13c84177
R00708,OTHER,2026-08-30,REGISTERED,7c83d88b8054c29a62ebfa3528ab285b803091223325f12e46c9a43ee5a7b24c
R00709,OTHER,2026-08-30,REGISTERED,5374ec324e46490dad698f612ccaf855a7fca3c9e015336359a00363750b5452
R00710,OTHER,2026-08-30,REGISTERED,91d75805cd9257a3c195d30602042e6ccb4998b0ce4ce100aec9bb14929e8f0a
R00711,OTHER,2026-08-31,REGISTERED,acb963c9abb722248c5a93589315f079c4563ce8ec22766badb405def90ab270
R00712,OTHER,2026-08-31,REGISTERED,2f22e1f50dc3d9d3da501431667fe98c57cd34197bf5dc302efee9691810f34d
R00713,OTHER,2026-08-31,REGISTERED,e4b5000be95c3561598948d71e0dd948e2241ee3fd4a35a4f7bc51e76ee71ca0
R00714,OTHER,2026-08-31,REGISTERED,bf90ce3207f1ce291a1945b31720d3685a11ef5d31e66caa658cec5abdbe3b86
R00715,OTHER,2026-08-30,REGISTERED,bb738bcba771dd38ca42942668c9fe0b21e5b7c818428b9564eaa67093c25621
R00716,OTHER,2026-08-30,REGISTERED,bcf187c0450f73f49fa3f040f810dfdff314ffb34c0cde69020945e714b3e2c5
R00717,OTHER,2026-08-31,REGISTERED,b7aa04b9b3eb06186cd004c49fc3585c572580a7d3d3835d58e44aa53539ef58
R00718,OTHER,2026-08-31,REGISTERED,76fb767a50e2c8e5f0b5e6bf71524775fa49f9c818a5c1cf91b74682b4bad198
R00719,OTHER,2026-08-31,REGISTERED,cc1a076f6a7d363be98027625c0454ec1fb895557610a22b0e6d51e8d355c5a6
R00720,OTHER,2026-08-31,REGISTERED,26b4b57350544dd7213035dd9ab571ed9f116ff90cb7472d9b96331fd9b7e03e
R00721,OTHER,2026-08-31,REGISTERED,c8d5871e165552251ca85c44ca769593e2759857ac5ce47481fa3fc3362bbdd3
R00722,OTHER,2026-08-31,REGISTERED,d20dc27a9dcbb86b47a6719f28d02cd2506c132cab7c8ffb75c40c488e3caeaf
R00723,OTHER,2026-08-30,REGISTERED,8d03addeaa1bef3e76310c09d8df9d58c61d71a6cb8e3b20563c5fb5899f33db
R00724,OTHER,2026-08-30,REGISTERED,9249e88c401fae8a516559af8b1d3362dc14623df435217a7389beda02f8b1d8
R00725,OTHER,2026-08-30,REGISTERED,731d256f80ee48808a5ce3077bd3adcb5d0c3582bc4737c31c30ecd4bac5b237
R00726,OTHER,2026-08-28,REGISTERED,d5e698430af9ffde356c00e49f1fe562dc695ca275e09699189bb4c622787f71
R00727,OTHER,2026-08-28,REGISTERED,067da89c234dc1a39e74e6d8d5d00a17ad0a2906f7f9f9b394a582c2ba9790f9
R00728,QA,2026-08-30,REGISTERED,426d5ff28a039f154cf9bd41a026c06e2928676f4de6cb6d88ecbe9a52680f7f
R00729,OTHER,2026-08-30,REGISTERED,702232385ef08dbf94e08d75b4a74d8d4a68ebb1d869167d52163284ea255a4a
R00730,DELIVERY,2026-08-29,REGISTERED,a9f8be0421e551a82b3bd1a84b55db615ad8a6c6903a6a498217c456215562fc
R00731,DELIVERY,2026-08-29,REGISTERED,deac66bc0d153d5b2ee1e01071e68c68e7c2273108662316d801d1b403d2b754
R00732,OTHER,2026-08-29,REGISTERED,7af01bba200c10a98902196d6852977384ee8d12542ea5c281aa613eabaf970a
R00733,QA,2026-08-28,REGISTERED,4053b8f590df8f05af6b4f390353e6b0e3d859fb999d66c2aec39e7e542539b2
R00734,OTHER,2026-08-28,REGISTERED,0b990632471502faf269713fb54bb62791dafff3090bdd7c929a62faa7f0da73
R00735,OTHER,2026-08-28,REGISTERED,90445281e93fbc81ac7bb7d521f3f462c2347a542f4fcc7702521b7a4e206369
R00736,OTHER,2026-08-28,REGISTERED,23dcb13548f17ce92f8f58db73c05524b6018dfd38529f01abd550bd3057be3a
R00737,OTHER,2026-08-28,REGISTERED,d6fbcb13ba0936848fa5c6a6569337b478ea4a8ed8043a67cc3e3ec241550bf5
R00738,OTHER,2026-08-28,REGISTERED,0456c0ab0db1ad72afa9a8f2574684c3e1bb6e59b2df80d0be514557492179f6
R00739,OTHER,2026-08-28,REGISTERED,fdbe6b06d35569b1e4f8f8e4b17bca3fec856019a673e63acae11763ba91bf70
R00740,OTHER,2026-08-28,REGISTERED,ef8c8ede99f05371eade5bd1424df55b037aa62c1dd094811148e334a509a846
R00741,OTHER,2026-08-28,REGISTERED,46a16e62f862e51af87e83e860bdc37173cc6067b7429b4610cb7f63bee19249
R00742,OTHER,2026-08-28,REGISTERED,2784b24e5a4ec9b22a0c44ba4315319ca5460b0e72bf382cc3d27b14ecfb896c
R00743,OTHER,2026-08-29,REGISTERED,fd1e400783fedd49c1b847072a285a5c255bb5d2a4d212c8733b4a13d0c62033
R00744,OTHER,2026-08-28,REGISTERED,66cdd9a1eb6d7e2d61511e6fdb2a19fa845968cc1cacbe60664d0a4a5757373d
R00745,OTHER,2026-08-29,REGISTERED,01506b44c5d012e0ac8d0e377969d5ebb05f167823a763a7fac202b4d1b936d1
R00746,OTHER,2026-08-29,REGISTERED,6ad2b8d366a9b6519ba4001f2be532fb77e5c9f9c38a7edb5ed74438131ab819
R00747,OTHER,2026-08-28,REGISTERED,40f35ffb18d27d3d53ed622dd561579bede78e24da26b5efb57dff56f09454a7
R00748,OTHER,2026-08-29,REGISTERED,383bcb218b6bd00dae7fd103f49ac954e4c0fd2844179a44a56cd30523aa1975
R00749,OTHER,2026-08-29,REGISTERED,33e4b8166fbcd2d19059d038a858d6fc53f1b35af19cab90c8f9fecf040a712c
R00750,OTHER,2026-08-29,REGISTERED,09275e3992d454854ebc8dab029484c36dc6a09f3d5b59455485b439cf6fc0b7
R00751,OTHER,2026-08-29,REGISTERED,00339e013c6fa660ecf09c855afb2eae2c15e62d4971ac8a1d3b449bd4088246
R00752,OTHER,2026-08-29,REGISTERED,3efa8a148e65aefc2c8be4c62f93b3460286d4a9e37bd00a16a1eb3259e65894
R00753,OTHER,2026-08-29,REGISTERED,8ddfc3cd253689651f27b00efeb3ebfc86dd5e1ca9807a268274321ad69cb20b
R00754,OTHER,2026-08-29,REGISTERED,2b1386002d379472988ef9dfcf8d3da1407eb479f32c8b5dbb38dc41fac06c04
R00755,OTHER,2026-08-29,REGISTERED,5a50cb08e9dd2c09d1763955ba89be3885efc2b1180897f8342d8e9a5a679c75
R00756,OTHER,2026-08-29,REGISTERED,68f287e11b188d196caba561f9d81c88367b7d046e817a6b7fd2d95d8047b366
R00757,OTHER,2026-08-29,REGISTERED,603d58aef9dc36ff0bb8e02d3d61ebb5f00dee35ab7a8dd863ef2e1c8a5c8424
R00758,OTHER,2026-08-29,REGISTERED,0fc09bf8716a7555347e039b0daff10afa428bf6fda26070460e992f22efb496
R00759,OTHER,2026-08-29,REGISTERED,ceb445778d784ae932431b394d339b218552963c65d903e7b0cd41160ff91969
R00760,OTHER,2026-08-29,REGISTERED,7069afa16197fe8f797e0adf6b648270168d545fe59c976d92b04b8614cedb85
R00761,OTHER,2026-08-29,REGISTERED,a4987a6de5520c552f9e92f808b96a69a4edf654aafd6cd479a193725e79b8c1
R00762,OTHER,2026-08-29,REGISTERED,43252a5627caed4a9ecf08539ac11d57eb20068dcd9dd3f9d7d7b8bf6c5d6f77
R00763,OTHER,2026-08-29,REGISTERED,e6aa096d3506bb509522ec90e9e87e13019ee06b01aa45f18c4bb821cb9a06ee
R00764,OTHER,2026-08-29,REGISTERED,8010453ec8025ecfc3b63656048075a67579074290b8e9ea24cb3dcd6d11f02b
R00765,OTHER,2026-08-29,REGISTERED,da60e5bca8aaa38d0f765adee384081e7175042c41196fecaa71a5275baff913
R00766,OTHER,2026-08-29,REGISTERED,2738f944ec1f554f1e8220393889469a9f4522bb6e9a94abaedafa1ac102436a
R00767,OTHER,2026-08-29,REGISTERED,416fc126b4b2ab80cc6313d2d9e7b00ba1f8b8c96aaef607572da8d262779e18
R00768,OTHER,2026-08-29,REGISTERED,ca16677db5cd97b4ff499ae76f5ad445c9c787fbb060b77216f221787bc6c89f
R00769,OTHER,2026-08-29,REGISTERED,f5aae55c39a1e6289bb3e1e784547e5ff3f7a725bdf6815a54bee6b93d18697d
R00770,OTHER,2026-08-29,REGISTERED,826a7281b4969698bf0fbea0ac5952e03e434c8fe237993f39c4bd37fa5534d7
R00771,OTHER,2026-08-29,REGISTERED,a029e07f0b3c5ef1818ff9b303f8fba8dbfbd023f8dfc70912d2bc25cb55f6ca
R00772,OTHER,2026-08-29,REGISTERED,5b5ea5c38d1647d22390cdfe34624144bc65b73f2b1923d86a88c41955c3060c
R00773,OTHER,2026-08-29,REGISTERED,32e9c102982aa269a0dacc3a61f554864f94e5ad215a6c85610a5210535bbd5b
R00774,OTHER,2026-08-29,REGISTERED,a283539796c8d420bef5e65aef427b81b5a3e03808c98154da46f1bc4945debe
R00775,OTHER,2026-08-29,REGISTERED,6b508532327ab9f7dae52d981a37a7f7a19686aba61b783999d330fa8845dad1
R00776,OTHER,2026-08-29,REGISTERED,b0c24a120ce24914558c49a12937b7d3f69d891c87207990988ddc12bf2c1c4e
R00777,OTHER,2026-08-29,REGISTERED,1e6a942fa8d9c77acf5119c4bfebe39d2dd2da3becb0f1018b31893dac8fef31
R00778,OTHER,2026-08-29,REGISTERED,a695f31aa9af4791ad3208a7ecc6d12e47dad5967ed8a3ccceb5296021037110
R00779,OTHER,2026-08-29,REGISTERED,f03005cf0e8d8218c885276ef5098d07df35fc57b45b1f4953821fb2b49ccaaa
R00780,OTHER,2026-08-29,REGISTERED,4b02e8c7a7fa1c053065e100fa9b76c6396abc5856fc0c54815de450cbeaba25
R00781,OTHER,2026-08-29,REGISTERED,f7c8b7a57064c72f6eb28394f1513cb08c6a7e51e19761a0f7b7d373bf5f79b6
R00782,OTHER,2026-08-29,REGISTERED,e4f60882d7f9766f39f9e5b1f53c85b251ae27310c509dba69c5befeffd98c85
R00783,OTHER,2026-08-29,REGISTERED,34fa8ebc662cf2ad7ceff6378153ee44885f0d238ab6505bea15be73c83392aa
R00784,OTHER,2026-08-29,REGISTERED,8496597d2a7b4eb285aeab249acb8b827e09d6505182ff6499b18aba2b312128
R00785,OTHER,2026-08-29,REGISTERED,bab7622abbf13588e36beb1837514f193cebbb8c1b884118ae56499107284493
R00786,OTHER,2026-08-29,REGISTERED,8a16b25e8c95b494040887524e9361dd2e8f20920ffc7f5fdeb85019f3e8d284
R00787,OTHER,2026-08-29,REGISTERED,bdae7378fbd2b4ccb7ebbf3e9995fa5a33406ff277470f915847d10ef42baa1a
R00788,OTHER,2026-08-29,REGISTERED,87dc04e5cef06384c624c927d4f9c3cb6b6f0697002388ec3891b021d35acb26
R00789,OTHER,2026-08-29,REGISTERED,a31a40610b39ce25101ccc02ed20215ce9795c7af2f10fa934383e1f18b93e4c
R00790,OTHER,2026-08-29,REGISTERED,48e2c4212e288d392b8759ddadd772eca3749ba4a4c3e0ec54502ca70d76c837
R00791,OTHER,2026-08-29,REGISTERED,70ca8d914dbc129aa52dc85bd5e654ffe577b9f22824d15ca78b3ccdf15b7c86
R00792,OTHER,2026-08-29,REGISTERED,5d24cc93ad790ee2b24bc7940a1a62169b90ca443cf51c9779b94c4014c08f7e
R00793,OTHER,2026-08-29,REGISTERED,b67a66760a89aaf062fa92310e3bc6bcedc3da8306938b6b706f82cf29af4d50
R00794,OTHER,2026-08-29,REGISTERED,172a15f6ae17a825b82cf4dfd5e4ecfe509f5b4ec82b2976b62c666bc9de5362
R00795,OTHER,2026-08-29,REGISTERED,f2932e44f9fcfb856949371c4280863c4b15b1c4e12e5f0e9b06295cab6e37a1
R00796,OTHER,2026-08-29,REGISTERED,8eeb130ff6f5564551841378dab9c76077f8f90a3da63a67d1254c620ef49d75
R00797,OTHER,2026-08-29,REGISTERED,2e02ed4654f78651c05854a19eb94cc646f2cb7aeb7f70698157f4c80ca2e07c
R00798,OTHER,2026-08-29,REGISTERED,3f0627d21f60b5a6fd5d0c9455058847797f8e8acd50f2cd13f57d49d575575d
R00799,OTHER,2026-08-29,REGISTERED,0805c33c5909558e964a94b6342f585ea810bc91158bea57f701460f403073a9
R00800,OTHER,2026-08-29,REGISTERED,913ccc374bb73fe6674780230c1b2fa72ce2601c253e8efa66c6bcc83e654325
R00801,OTHER,2026-08-29,REGISTERED,8e02fe7f40d4bedb471d5e0f34f472d9b6bf7b50ec5c3e774164cdf84c155fca
R00802,OTHER,2026-08-29,REGISTERED,e3517a2c12840da0600f11920c1c4693bfe2fae6c23b45aced26beb7d765d657
R00803,OTHER,2026-08-29,REGISTERED,a2768236f270bf60409228621ff94715a14d480f15ca9a4aac3c1e548607c65f
R00804,OTHER,2026-08-29,REGISTERED,9a57bbe01ba61a56734d5ce26647b523108eefd061873f2cccc583cd93fb5cd5
R00805,OTHER,2026-08-28,REGISTERED,3e004b8864a4dc9766f436d0ca00b1e167a275f38812197b7af7ac7663a76521
R00806,QA,2026-08-28,REGISTERED,bcb9a8850b5154bf676c87f5feb53a028024c78ec96e1b10e6ba9d7ac7026c27
R00807,DELIVERY,2026-08-29,REGISTERED,0060138a7544dd8a9aae15914162cf23e80fc7ba68a0fcb35a3909e6466c74b4
R00808,OTHER,2026-08-29,REGISTERED,9d12349768a263217082f035d90df844ccc609b4a55dbd99817794fcd5225fb0
R00809,OTHER,2026-08-29,REGISTERED,4012d88e171d3fed286b8d0b67baa0d664fd3914f03fac48b11e7bdaa7e54863
R00810,OTHER,2026-08-29,REGISTERED,399b0215ba7a52ce336e3196a0316798485300d97bcb6e89cb241f121ac73336
R00811,OTHER,2026-08-28,REGISTERED,1a4e784795165b6d6878cd4af0945abc18944e4abe644134bdbf6b2a4434eaad
R00812,OTHER,2026-08-29,REGISTERED,95351edbd30168bce89eecc0b7404b931c8f5215f1fec8184cb241ffa608e488
R00813,OTHER,2026-08-28,REGISTERED,c44dae8a5b481639561dc9905b86c546bf962de1a29c9cd07cf1b9ff151687db
R00814,DELIVERY,2026-08-29,REGISTERED,14e48a2a5bd0ab1754b4edcce15628a0b997e52d40e7883bfb9cff2fb49fc44e
R00815,DELIVERY,2026-08-29,REGISTERED,f880d4ad8c7d7e79f626b97a3995e7ba75eb3bd54e740be27311f674314ddedc
R00816,DELIVERY,2026-08-29,REGISTERED,15c2e26a917b42706b12eb706334977d551a07852474bde1c3e4f5540f248e9d
R00817,DELIVERY,2026-08-29,REGISTERED,6a38bf9e81fec19dbb1cca01f06dd05392b6a845709cef9d8e8f461581c6285e
R00818,DELIVERY,2026-08-29,REGISTERED,4360288a9be57961ed23434e6b2b3406c160f567b234b854b97ea679caf1ead3
R00819,DELIVERY,2026-08-29,REGISTERED,6aa67c1e04968976364cab4d60fa25b7528e0b2d43a3841d7a8b25e408f13fb0
R00820,OTHER,2026-08-29,REGISTERED,4a17e4dd8ec7f4995f08d8e307a38a86b64f6bb9460c64acac84ca2b810a289a
R00821,OTHER,2026-08-30,REGISTERED,33a7397222e1f503724afc915aa65b5fb0f2122bc86a87731bfd35890fe2fa48
R00822,OTHER,2026-08-30,REGISTERED,7a5b0b050c257564a07d4f69324863cff8b79d25f7b6b6a9b708ba6747be5d70
R00823,OTHER,2026-08-29,REGISTERED,58c8f3393367439ae9b7189ec841a0c08bb5bd27b69b2d63d6e679cf3a95952c
R00824,OTHER,2026-08-29,REGISTERED,977f4a3f7e992cbc944510e529e5d478dc220a4e860e8994c9ca987faad2e0c9
R00825,OTHER,2026-08-29,REGISTERED,2443fae4529e493fa5e477441929d293b90563d9bdc2a302f78c1d2ff72c79e4
R00826,OTHER,2026-08-31,REGISTERED,4b32795751a7b3bcf0d96a4b6eeea78b387d5320930ddafb7889c241e54581f5
R00827,QA,2026-08-31,REGISTERED,1ea42e0d5a0c66107bbba9ff1c347afd2251b4b2b94001c31848636702e4d08d
R00828,OTHER,2026-08-31,REGISTERED,673abb188eb0bd351fbfb902a6ade183702d2354856e15c90e87225b123d6d62
R00829,OTHER,2026-08-30,REGISTERED,76e6003953c7d6756d6752d77a9572424b195d4472c8e0c2b1f7cc543a139edd
R00830,OTHER,2026-08-30,REGISTERED,ac879c48e40b05f862b4be5c0c19dfb965155e232b8c2f14d9f3363f3f03d120
R00831,QA,2026-08-28,REGISTERED,5cec74fef5800401439294d590c4de38c3a6e38a7d06d6e31fcae9364a55bbcc
R00832,OTHER,2026-08-29,REGISTERED,7b90e462082f6edb201833484e58a5e386c32603395f881eb6696edb2bd8881d
R00833,OTHER,2026-08-29,REGISTERED,b566bfa15b66eb1352fbc934f5d4bddc098e83c228492b6c13a3a0390be4672a
R00834,OTHER,2026-08-29,REGISTERED,cb73c463613a07ed5f42950773d81ad2935e9d85fbf56cf9138a8aca7a3c483b
R00835,DELIVERY,2026-08-28,REGISTERED,00f3336b79073aef6eb84ec015bb7f808682f1719d7edaf0c83b8b9188409ab6
R00836,DELIVERY,2026-08-28,REGISTERED,80fb79ce86814e68698d5f3ca98d531735703e62d3e0f9a0a3c7183f1fa8eabe
R00837,DELIVERY,2026-08-28,REGISTERED,6cbd446e693240c6a409bed4f2b98058a66fe6864b4b6e0bd2b646e17f734261
R00838,DELIVERY,2026-08-28,REGISTERED,3a497dc9334bd4b229389a2d95b4ac59b8168718223af355a6c6d4a6d1eab79b
R00839,DELIVERY,2026-08-28,REGISTERED,f5e81880f9023c06f9289d435cf7f19886b383f9a5d4eade8c293702e2d5cd16
R00840,OTHER,2026-08-30,REGISTERED,784dff0b5ed45d44d3dbf463db2c18e66fe736ba3b2470df2c3660ea8e184475
R00841,OTHER,2026-08-30,REGISTERED,9e5b7ff0d6852d155d769560d9988fa84705ac25cc8c94db7c009454655dc2d6
R00842,OTHER,2026-08-30,REGISTERED,80a772538bd26c222141829ca4ecce63989b0fb7a9013e575507b0a4aaa7fd88
R00843,OTHER,2026-08-30,REGISTERED,82bf44b74ea989b5868cf6dc3f178c48fd6d461984aea709e99b7c26d55cde5d
R00844,OTHER,2026-08-30,REGISTERED,f5353dac794a2eb84d7d2ffd0f06207de15ea603f58cc47732e3f97fd76c176b
R00845,OTHER,2026-08-30,REGISTERED,410b73c31c044c8451f41a59d62a14ce8892dc3b31ae3a8ef96c5fe6d32d7a1e
R00846,OTHER,2026-08-30,REGISTERED,3c249d290e2956e88d4d16d564fc718210461a99b6c2de9fdf1c613d92a71375
R00847,OTHER,2026-08-30,REGISTERED,9a0e178d2281c3550e276c37b9db2edf2095de26aadb08d6af1e6785fed9ff51
R00848,OTHER,2026-08-29,REGISTERED,ebd9bd8d4323e6e581551b590fb2e0a59d1507d761e6aa09b370921b4b41c525
R00849,DELIVERY,2026-08-29,REGISTERED,d32ac02700119b4fed18c5af447ebaa12554d0335c9aec03758e642dfdc2312f
R00850,OTHER,2026-08-29,REGISTERED,fe2a456b468be7f14c3d405912f9410f8b4b269580df28158a70d3e29ccc71ea
R00851,DELIVERY,2026-08-29,REGISTERED,b8b6db26f5b9031a549db48303cb9e6a79714148b849c492246203b0adcd9f4a
R00852,OTHER,2026-08-29,REGISTERED,550b9385c02cdfab51eb3ba17cda3caf04615eaef0074eab460b2c453dc88e01
R00853,DELIVERY,2026-08-29,REGISTERED,c5fe478de059c870a33220871bc8e1dac503ec539892f307879fa4b9c463e83f
R00854,OTHER,2026-08-29,REGISTERED,087bb6736b4605f9d61e640184ae3f22d4473785ba04a374b40d981ddbab5a91
R00855,OTHER,2026-08-28,REGISTERED,ff80307b83b94d17a73b7d8ca4ea27fab5af71eda6a6d7c984b1eccc5799f27a
R00856,OTHER,2026-08-30,REGISTERED,3e856c092b3f5739aefa28c42877b3e198058cee1d9e048b173ef6c4df5632a9
R00857,OTHER,2026-08-30,REGISTERED,9c19ac9323351a5d594986ace91a99984fa77cf0e1b53e1c1be9a00a5f827a41
R00858,OTHER,2026-08-30,REGISTERED,706d196b6ee83d210217d5012751b36762324927fe7ddd766a7b04d5ab419b28
R00859,OTHER,2026-08-30,REGISTERED,aa3c147008a094addae916525cbb3c1bfadc8538bac29288193d2bbc28606d8a
R00860,QA,2026-08-31,REGISTERED,c2dafa75d032b3f2319739ef561f6dfc560e55c0727085586441a057f962beea
R00861,QA,2026-08-31,REGISTERED,69e78523262bd78e658d0cbafa68a0e2aa22820d2919c120c1290691d83cd8eb
R00862,OTHER,2026-08-30,REGISTERED,5cc19e2e2a26ea7944977a084fb06cf7d3e9a1bd23f5c2871d25486a82127b39
R00863,OTHER,2026-08-30,REGISTERED,b7c62eef3eeb512a16b7968fa0455b5649f48272aec69ec93f99d277e150fb6b
R00864,OTHER,2026-08-31,REGISTERED,b0cc9c2a728f520175bb5515e1f90739b0959a2824d7b84934e586a59859d653
R00865,OTHER,2026-08-31,REGISTERED,fa4a15f9318b1b7d9a561c6ab263c7290216c4dbbec48282baa008534b8488e0
R00866,OTHER,2026-08-31,REGISTERED,7729036a4a711ecd924c23b7e75e787021d7cc13a7f97bb4d75c68696fc25cd5
R00867,OTHER,2026-08-31,REGISTERED,df1a8bef427d8d6aa5f6f24709cc3b579374309b654bef12c265a81a1f190ecf
R00868,OTHER,2026-08-31,REGISTERED,0fad8f12a9d950c904c1c4e40c2f388371485670dc896d6462724480f611bc5e
R00869,OTHER,2026-08-31,REGISTERED,87f5dc94a608829fb0dc2c41358048acd96d1dcc8d57ee69b2c1b68efa2e942e
R00870,OTHER,2026-08-31,REGISTERED,4c73db320f0272afef2dfb51be5c95c16c8f6243f8b1ea0a69ec597125c28630
R00871,OTHER,2026-08-31,REGISTERED,c29ed2c2668ffca3950ad1565135d34b5e3558ca5f5e10fef457eaabdbc77cc2
R00872,OTHER,2026-08-30,REGISTERED,742331f6416721bbb735165d2400171f21547f8b04ef6a9f9d8d234cd6993eb0
R00873,OTHER,2026-08-30,REGISTERED,132a4784756f241805863de856024d4de93f1fab6ee7eb07bb588202fb94caf2
R00874,OTHER,2026-08-30,REGISTERED,540d0a1e275bfe002bfce4aff42b5353da9e9584894e0062509af88182b8fd4d
R00875,OTHER,2026-08-31,REGISTERED,b17f3d0255c4e9a97afeb8c9069df398e78c91bf6e36621ea09637a3148310f9
R00876,OTHER,2026-08-31,REGISTERED,93de86d88aaa2105217c6005878c61915443f4eb171234adfba8a80bd4a8c23f
R00877,OTHER,2026-08-31,REGISTERED,320d6c78e415ea92976c8994131ef37f91115ed98736df69a2114358454d0cbf
R00878,OTHER,2026-08-31,REGISTERED,b22a1166866bcb3157bddd2dfca20c31b7ee8724f1422d61d5dea8d461562080
R00879,OTHER,2026-08-31,REGISTERED,526abbb112d013d561e0ef657a4c06fb440b621113253643caf1fb91aff2605f
R00880,OTHER,2026-08-31,REGISTERED,8e78c5babb02abe06de4c52d865f19ab2560a17a42a9823a2ab9dae1628acff5
R00881,OTHER,2026-08-30,REGISTERED,865e38797bd8e48c4613ab6276eb85f081239023bc576f4aa7f06072ec85a4b5
R00882,OTHER,2026-08-31,REGISTERED,3fee8e7c433c3cdfefbe5235aaa9ffc38a00c808d9b838f1b1d8f0562a452773
R00883,OTHER,2026-08-31,REGISTERED,51cb7ada9dfe460435ccab84aba81b3e88b6516259b8a3b978c68c54a2820dd7
R00884,OTHER,2026-08-31,REGISTERED,611035b0684a8040d878c6c69ba6218ac244a012c95b1e306087e51169ab3432
R00885,OTHER,2026-08-31,REGISTERED,3f7bda6ec5e1365653d1850a63e05f1384a3e4aab63bfec35d153bff7350ce77
R00886,OTHER,2026-08-31,REGISTERED,3a7deb172482efca6f853e24b88d56a930a568a1839f98481a033b4c17336e2f
R00887,OTHER,2026-08-31,REGISTERED,cc57486e4b0efa54af7a35d9727c0a26ce9fc4190333f0550b9dc31c6e91781c
R00888,OTHER,2026-08-30,REGISTERED,cbe91a7e71c9290bd04f8df71ee9e861791c23a4db8522edebf1378d777628da
R00889,OTHER,2026-08-30,REGISTERED,a3a44fa36091ec10dc686a4b10ef1f09778155618c9ccdd46b389dc25ad4861a
R00890,OTHER,2026-08-30,REGISTERED,99522a5907ca7bee83ccf323f480857e7fa64d8b4276cd769c0e62e89e69e230
R00891,OTHER,2026-08-31,REGISTERED,0dd5ad41e3af27a846c4324e384b5c1b157c9f2299b21791019e905699072e10
R00892,OTHER,2026-08-31,REGISTERED,6a564058e8d07c4fd5bead11e0b8893b379922490556a33d04257e3ec566ee32
R00893,OTHER,2026-08-30,REGISTERED,bdca4cde0c4c354f30c4e5df8036355a8b74b555db58ed8164895fa7f161ed10
R00894,OTHER,2026-08-31,REGISTERED,6bb4b410b112a2cec33a7c4c1f62970026273a9670c94f84b6dc87f5a3f762bb
R00895,OTHER,2026-08-31,REGISTERED,86cce492c288d0725883d29ffaec83aef1464171fc0cd07b0fcb90784030d005
R00896,OTHER,2026-08-30,REGISTERED,9e556edccf7a10932314235e168dc7cf3139203344c2e186fe71d815f7a518c5
R00897,OTHER,2026-08-30,REGISTERED,86129b268fb4e26ab01a4ca4b2b46f2e211f672c8925e3e17fc05995bf6b4468
R00898,OTHER,2026-08-29,REGISTERED,f31a363529014ac13cd55184823de555ead80d2072d4ed52947e92c79e07fc84
R00899,OTHER,2026-08-28,REGISTERED,c42279f953673027b4d776ebbeff74bb0e3613db43ca387ae523cdd128ada16f
R00900,OTHER,2026-08-31,REGISTERED,75ecb2fceb612dd7e881e24236e7f3d1e707117d0085dbb918c990731805a606
R00901,OTHER,2026-08-31,REGISTERED,d4e37e28c8a7960e89326b1feac69ddfa792a8215d31139791aa1b02a0f0f6df
R00902,QA,2026-08-31,REGISTERED,7d7c4c6dba1552ef2e83ace823da353884c943e686790b22d58b17d2ecb7e790
R00903,QA,2026-08-31,REGISTERED,533ecf8345688b5cabf0e6f84c89f46a9f727708302690de73baea189da3e741
R00904,OTHER,2026-08-31,REGISTERED,352b54dc63a1f8b094062cc57d5de918f4927d350699523dd8aa0aa25b1d3324
R00905,OTHER,2026-08-31,REGISTERED,d51fa36d120b844072f3c7397593c7d4ab3410ae8b51dbcfc55412553f3563d1
R00906,OTHER,2026-08-30,REGISTERED,d518b47eb0847ebafdefb0bd11c10d8bf700816188832e18fdaec27e9eac781b
R00907,OTHER,2026-08-30,REGISTERED,f2335f212bfd18e9fb1c81a8f3098a1b30d9e51d9cbc45ed3194c15932f84b28
R00908,OTHER,2026-08-31,REGISTERED,f5fb9d41d1e433b7784f62f07210325a1784a2905ea621feb53afd92f266722f
R00909,OTHER,2026-08-31,REGISTERED,c0055f7780f3b6d841bce1594d7cffc24e67259205496a853682e14ab4a6789b
R00910,OTHER,2026-08-31,REGISTERED,fdced23ec17d11390947ac7a4e2b6a1da8186a8c6cd61515d1543d41d607deef
R00911,OTHER,2026-08-31,REGISTERED,ae6fa576f39fd0057a67c4959a07329ce77bfb47f38619cf2ce91351252997e9
R00912,OTHER,2026-08-28,REGISTERED,e5e3cdb326f4357bdfead4bf392f2df7370d54ad1ce2619b67bd2d3e5383ab1c
R00913,QA,2026-08-28,REGISTERED,f55177205952bec8b6e1e18b279a568bd299de499780178c4192226ad23aee1f
R00914,QA,2026-08-28,REGISTERED,9f8f04761d39646d048ac0178da910efdd7e228d8edde0a62ee5c7aadb632101
R00915,QA,2026-08-28,REGISTERED,db7434ab74dfc589ff0b4e2097fa736df21569aa396eccd5219471c7c2c4f11b
R00916,QA,2026-08-28,REGISTERED,61527bf81de795d708c293b11a24c24d3bf6666435fe4efcd0e6bde734be6963
R00917,QA,2026-08-29,REGISTERED,810e8d854bc6b001405e29d19039013928970e7edbf2109592db2570bafee989
R00918,QA,2026-08-29,REGISTERED,498dbb6513deb044f6d6deeccea80dabd46ca51142b10b3d450cd5514c5dde8f
R00919,OTHER,2026-08-29,REGISTERED,acd0220cfcd6a66f59a0efb930b3c8d4f31c35df5979949172c38be689b721b2
R00920,OTHER,2026-08-29,REGISTERED,0dbdf6ba89daaeb8e050288eec8c5e8361b1394cbd89582dd45f1ed565ee599b
R00921,QA,2026-08-29,REGISTERED,276ce13495dac25c7d0418bd94c4ea0be460ec882e5f860174aa4f92cfd733a7
R00922,QA,2026-08-29,REGISTERED,df0e0918e8eb721044a4f83ba98b57446fdd8817537452ddcebe9c70a47995fa
R00923,QA,2026-08-29,REGISTERED,c6ed5759c56afa434f78e7eb7d17ef6c3c85136095dab9a7306b9ebc11d46973
R00924,QA,2026-08-29,REGISTERED,5968bf3a3940e5c8e0951066f845763696e370d12ab2c0bcbf756cd83cc8200a
R00925,OTHER,2026-08-29,REGISTERED,50dd787ad05c1a3acf3a08247b6966ab3a1342172268b54a85a0c6ac1a8dd1f5
R00926,QA,2026-08-29,REGISTERED,001ed760adf4d240b62146d297aa20caedb204b7e84d6fd28fd96d7a8d34d3f6
R00927,OTHER,2026-08-29,REGISTERED,54380ffc655b8661861228c2dde00fed1dc72c05c8664465f3607553864905af
R00928,OTHER,2026-08-29,REGISTERED,4ddefcd07691467f9b2a3c54134ca8b00211aca78457d304ef810ae3eb2de022
R00929,QA,2026-08-29,REGISTERED,57a0fe0194cafe07aeccc921685f4c10a475820f1b622bac21c4f54207fad1cd
R00930,QA,2026-08-29,REGISTERED,ac0b417ae3baaa5013f1e6859dce2e9c530f8862b3ebd0607be243c24f50ec13
R00931,QA,2026-08-28,REGISTERED,a6ebf7181d214f11d297843b25d8d489b8fab5c480140ee3d1f7757b8948a8cd
R00932,QA,2026-08-28,REGISTERED,76f1d90a4db6aa9b6ba79cdc60139c0b0a2270a9408d8e7f8f3805d87c0cd9a8
R00933,QA,2026-08-29,REGISTERED,5823ce43a632cea0a902876186e0b3f35999f7b3bc1094ae8dd0e3fb50cb7b7d
R00934,QA,2026-08-29,REGISTERED,40aa19949a6f0c910eb2274206af01aec4911a42484c1c1f377e1ba3683a78ed
R00935,QA,2026-08-29,REGISTERED,19cb47b9b4ce6dfc5b9b2de59bff906cd5c65c0d4f0a2ee1e8703802c8146015
R00936,OTHER,2026-08-29,REGISTERED,2efca8ac59435a9c446d761912b851f60b2a422c208d9f97e345c11d5d8a5525
R00937,DELIVERY,2026-08-29,REGISTERED,6d93e4e80908d52c2fb5db80bf28ee7bd49640208823587b0b8a700fe484a5cf
R00938,DELIVERY,2026-08-29,REGISTERED,414848d0d25af358b14b6bba20ad73b2ab7235dcbeecc63e352757dcce62d193
R00939,QA,2026-08-29,REGISTERED,478a4704eecd146a2b1ca5be36cc6f8e0805305ce423bbcbeefa22832e3afdba
R00940,QA,2026-08-29,REGISTERED,f1bf595a9d5c688a889164660408ec42723a6f1ee300ee20968f1a1b2ab6ca17
R00941,OTHER,2026-08-29,REGISTERED,96ac05c1b176b01be156344b690aa6575c7f2a6e8f0cc90128996be2552d0b50
R00942,OTHER,2026-08-29,REGISTERED,6ca9e67cf33d81b63bd298993ee53d0a0d7f4f5c59527f38d4b7226a000b6c64
R00943,OTHER,2026-08-29,REGISTERED,8e7513b1bdc6fea676dc697c6a00d718d1599594743edd58129c4b7e3af77f94
R00944,QA,2026-08-29,REGISTERED,a1461dd7a606bc53e14bda3a4807292b2f54d0f4b68997489e630377fd1b013d
R00945,QA,2026-08-29,REGISTERED,6dcbc23b4bb900b85b30afb378e0d283ce93ba275ce7259fe06feafe8b6c05db
R00946,QA,2026-08-29,REGISTERED,be4af2812c8cd88b5ce4ad6ce3c591ea7e5e586ffb0a11c98e10cd601eb113df
R00947,OTHER,2026-08-29,REGISTERED,816f8b367864961562c041bc737e20c057a9ec9333e202f327d3ee2f46243ad1
R00948,QA,2026-08-28,REGISTERED,d3a8936230fa041abdd8f6bbb4ab87ef77c719bab22cf0db4f118cf6873c2cb5
R00949,QA,2026-08-28,REGISTERED,b7ef6b74ceef680bfaec4b93cab7af63f364c0d0ca40b3b64ee358b348d5f30a
R00950,QA,2026-08-28,REGISTERED,54c6804ae2ccb36872a73ed34e2456bfb53d72ade680c9271eff80ee037a9bf6
R00951,QA,2026-08-29,REGISTERED,44acadee6ea298cf7ea20afbfa487fa16b565ebb21b24a4200e092c0e8acd294
R00952,QA,2026-08-29,REGISTERED,ff2e10233fb69f65c4f697cabb26cb7b2c18eaf978e121ada0c0de2f27d27ec5
R00953,QA,2026-08-28,REGISTERED,81ac7336b831da39d8691e90f65433c52afbe6ba81030a7fae58ba30a87a1e92
R00954,QA,2026-08-28,REGISTERED,928754eb9d735f20153fd58a6ee5ea424d09db375335334c57341da4ced2ae9f
R00955,QA,2026-08-28,REGISTERED,06fef87e5c5c3bcf46121d535980672e0e52ea4ad41c4a2347566635bdc4a0db
R00956,QA,2026-08-28,REGISTERED,29a095360ba6ce2d710ba2342eb04e8e21f1c8452fc7108ad6b58e72d27f3c3b
R00957,DELIVERY,2026-08-29,REGISTERED,d9d82995230ea48658c4ee6cf7a123840481eef784937bbeae6aebdfa96f8a4e
R00958,QA,2026-08-29,REGISTERED,fd3d33394040e050a5f567c0e9f9357e59f37341f27a94565882404e13387cd8
R00959,QA,2026-08-29,REGISTERED,c12492769ae17272e5d45d7c17df2fc817e7c71bc8bde0e1547f382b965b3713
R00960,QA,2026-08-29,REGISTERED,da37f4c79733d937a910ff7f411c3b4183b7a3c21382492cdcc9a15efdf5f32d
R00961,QA,2026-08-29,REGISTERED,8800b47a56731a52e56270cdef2f740a4a933ee918b363c58deccb6209a03973
R00962,QA,2026-08-29,REGISTERED,7bd3450bbf4c30aa0072b3a737eaf40c67d3188e75cff390444ed3a431eecee5
R00963,QA,2026-08-28,REGISTERED,80d514ad6e8bbb106f121fd2d184c8fce744055c6c7dee7fead78b5a44e79508
R00964,QA,2026-08-28,REGISTERED,23c6210f26bb34b886b91f26d9ddc9a43afc5f762e1b7d8793cdcbf50bb0574b
R00965,QA,2026-08-28,REGISTERED,19606b738d5d74731aa2ca000debba6b13a0082a58dfcec7574cf0e8f7940052
R00966,OTHER,2026-08-30,REGISTERED,12ab71eda5d2c122390f3d37b751b99e30185fb91fd034d13c6886f37ea62a82
R00967,OTHER,2026-08-30,REGISTERED,60d860a13857f5a040befd2cb4e3a5c513a0a34fae7b53ffc008694032cb3d00
R00968,QA,2026-08-29,REGISTERED,875ff60314a238bd8c02865ff3ac1bfe398250c2cbc84b49111cb867eb438d6b
R00969,OTHER,2026-08-29,REGISTERED,15cab76b31146e596d818116045a08f2c295689754ae08ef27cab7df5c47fc4b
R00970,QA,2026-08-28,REGISTERED,e80f5900437c27083c920d464b2bd7ec05666113731db6e0dc94a93e45f421d4
R00971,OTHER,2026-08-29,REGISTERED,bd78e22ae1fb8c0a4f3eeb056265831b59148ad9cc7724b19062615403f4a1e8
R00972,QA,2026-08-29,REGISTERED,300d4780c28ca6e38afacc63e15fd8a5f074cb06a1ed056346c826100d66b4c2
R00973,OTHER,2026-08-29,REGISTERED,2058e5b2aab07c100d102eb6fb983de8f53eed1939f9070a4c545d4a171069f4
R00974,OTHER,2026-08-29,REGISTERED,fa91f68d6ad99dfa2db2fae93744ca60c31da154e22346734cddaeaf1520188b
R00975,QA,2026-08-29,REGISTERED,94ee7d7564543c6e463f4dfe976bc3269f66fdd08c8c5b1ad645b4a88b5bc931
R00976,OTHER,2026-08-29,REGISTERED,a57d9462f10a4889419b097ef5f7925b97af97fb4c6cd88cac8f776773840244
R00977,QA,2026-08-29,REGISTERED,f76e42d5e6ab54adf1372e18a9d3f8e8f082d7be5abab2f3772ad300b59ddf05
R00978,OTHER,2026-08-29,REGISTERED,5ccde2fde344419cfa55d3dbde6d38423a6e25f591e9c370a05636f005f7e404
R00979,QA,2026-08-29,REGISTERED,7687af6ee01d95387a7248292528d3f6fb2827154e3e61620b515eef309c7179
R00980,OTHER,2026-08-29,REGISTERED,6373c242b686d57236a3db34fd57ec3110a42e1fea71b7396167cf1a1aaa89b3
R00981,DELIVERY,2026-08-28,REGISTERED,6e50cd63d666558cc610573f011f72bf97d4018b3f973f9612457291d5f6657b
R00982,DELIVERY,2026-08-28,REGISTERED,6dd5837c4f42d789a3441789f98cb2233c7f830b116cf7b42a1dd6e0bfafa92c
R00983,DELIVERY,2026-08-28,REGISTERED,6cb23071d82f5bd25ef002313a6ca068678156353f7aae70ab27a01c8eeabadb
R00984,QA,2026-08-29,REGISTERED,f3bb53bf1521e2c041fa420713f7fe0013774851f99c000a5e613ba27df3ef9a
R00985,OTHER,2026-08-29,REGISTERED,4bf138daf7f143f6e4a469b7c880989e76454f7cef78cdfcabc96b6b6b6600f7
R00986,OTHER,2026-08-31,REGISTERED,73c8b8e6c9c081ed27bbe9c0e16ae45fa14229b37e4a11b940c7532c59fcc25f
R00987,OTHER,2026-08-31,REGISTERED,ee0a5d17675d53df78c00f0f2ec1f47e40729505de357da24e745926be0dc528
R00988,OTHER,2026-08-31,REGISTERED,4d4b835fd99fea9f717da9c2ef01fa012c8a20c4ee5e186e5a32789cdd2e004d
R00989,OTHER,2026-08-31,REGISTERED,2bd6250023cbc064d1e5872c488671fff19877fa01031e182c8eda1182491cc3
R00990,OTHER,2026-08-30,REGISTERED,bc4d94790c86926ceeb9d72e24348344fb5938f7a7d7522e9336ff3c20080142
R00991,QA,2026-08-30,REGISTERED,3b9d7848d72c1159443604c9a2742fcceac3151b0f56b7a4c4003db7b3a9606f
R00992,OTHER,2026-08-30,REGISTERED,9e774e0b0a4de52bdadbe1561d22e0d21b91d9344edc7315870ec5d6eaa81a6a
R00993,QA,2026-08-29,REGISTERED,3037ce27aab91b9cc70bc517bc908e6325fcd92a7fac0a8ae25fd71c66ff3604
R00994,QA,2026-08-28,REGISTERED,3b184818f7b7f215bd685d3166b9c38553c9714a2f3bca7965374879f0b08d13
R00995,QA,2026-08-29,REGISTERED,9efe2bf4b89d5223ee00f727c726edb02489c578c8f463b6ef968fdc113c236e
R00996,QA,2026-08-29,REGISTERED,6e350ec389e727392657b765b0e499114a9d37efed705bd508fdf7bf4b519921
R00997,QA,2026-08-30,REGISTERED,d5afe308b309202871f681f0bdf7d4a8e110f4055c042d7284c4f55bf2518b68
R00998,QA,2026-08-30,REGISTERED,acec250b1eedb0a0b814486c8f573596a2b5c56aefc3b6cb66e4bde0e9f61770
R00999,QA,2026-08-30,REGISTERED,ba6930c14c2e80426c28a452941db2d0426bf4650aaf2f52cc58e43994c02402
R01000,QA,2026-08-30,REGISTERED,e49327df05849b17882fb727db420ecc8afb5d0131cef9893bf837194b8e732a
R01001,QA,2026-08-30,REGISTERED,421aa30897cd7b9ead7f460f1c7c631c5a0e5755a14d5204f0c4e2847383838d
R01002,QA,2026-08-30,REGISTERED,1bc54d2474468e57a7a0b2fd39a4e1f022a43a662f4269e23628e2e6691d8fc7
R01003,QA,2026-08-30,REGISTERED,0363ab94bb17d57fa5fd0deec26dc779c52bc556682a05864224ac4d2dfa024e
R01004,QA,2026-08-30,REGISTERED,17fddde99f38fdefa6266fe8b418592163bbbd8cf948e6bfa0ef34fd6c9d3c8c
R01005,QA,2026-08-30,REGISTERED,b4b8f3a44ed8aa2dbe7d7ca2908d5a8041ee2010cbd2edfd44a87a4ecd4323f8
R01006,QA,2026-08-30,REGISTERED,407a9abe3fd41e9d96a0d1ea12a897082fd431c409a8cf9e57683d184bc4f19b
R01007,QA,2026-08-31,REGISTERED,c31630d5f72faaa0495fa892ca3517459a913feff16764b6db16872b382ba746
R01008,QA,2026-08-31,REGISTERED,b0bcd7d18de5d6db0bdc67bd184c01634c0d3eb7bcba86d65b7cba84d1f3b6cb
R01009,QA,2026-08-31,REGISTERED,7da3cbae8041844ccdf4e5d0ceb5a7afcf58f5d86f32fb38785ce9e9857b87ca
R01010,QA,2026-08-31,REGISTERED,f1713075b0972a2933f17d277ffdb7643271258b3d0414d2b66a74c043e9e1ab
R01011,QA,2026-08-31,REGISTERED,4e7eced75784feb38cb94b618678e5de88efcd046f94594f4551e46f949db4fe
R01012,QA,2026-08-31,REGISTERED,c1d1fd1671fb821b10eb8a3f68da5dff78844bce2c6bb29458d10a8cfad065fd
R01013,QA,2026-08-31,REGISTERED,5db6ee2d6c1f8d2ff42038648cbd57bfe52d675d9bf30edb41931e0870eeb856
R01014,QA,2026-08-31,REGISTERED,f686972ace3e844351391d14201528c1374e30267e24c059397af9e5ef566746
R01015,QA,2026-08-30,REGISTERED,d8f8cdca3f0d409597bf5813b1bc6a4538788ef942abeea74b92a7d9f3b177bd
R01016,QA,2026-08-30,REGISTERED,2a1b7314a055998ab476cc7bf2534f354bc6362db0155595eb11a210d9c1cab1
R01017,QA,2026-08-30,REGISTERED,13cd76f37921a27161b5eedac2c39fe378400e57dd4a33357b747d9b47291d6c
R01018,QA,2026-08-30,REGISTERED,ff2bd2d8b0a8c358679729a8bbda7bdbdb967feb64bdc113c2c9a989b9d1b88c
R01019,QA,2026-08-30,REGISTERED,9f7034cff6f030af8a7c7cc671e4a7f2bca48bca02f442c24e0621e89f5a3257
R01020,QA,2026-08-30,REGISTERED,99879dff5f8ec9191a782fe4095df997876f6d497f933891ad6918735f54a5c1
R01021,QA,2026-08-30,REGISTERED,140dc730f002bddf22c4c9842b708f1883a1682327d0061a41ce9dc4027134a6
R01022,QA,2026-08-30,REGISTERED,806564ee12cc018e0ccafe618c8c896ed4f71f5095e22b422beb8bf8e03d54ac
R01023,QA,2026-08-30,REGISTERED,e8ca4612a93fdb9a4df669c62e7c180d29288be4f6609ad24a4e7f1361691d85
R01024,QA,2026-08-30,REGISTERED,6a60b274af8e3ac5defbf94ec4f95847d285a59ce5bdee30d60fd1496e247303
R01025,QA,2026-08-30,REGISTERED,45154cc32f19afb2eaf6c5eb94f2da006733fae7e0e47b59b0459af92d3c5ed0
R01026,QA,2026-08-30,REGISTERED,b52347149e05b9cedaf3a3145202831336704b784d17834698dd9b3a77e5035b
R01027,QA,2026-08-30,REGISTERED,05591cbb4cebcc4e7218e82bc4a894ddae740a0b9250f7e45bf7c9c8c86abe19
R01028,QA,2026-08-30,REGISTERED,183101d5fca3aca72e8637c0c7b05550707403ac1e4c2a1bc7f4201478d0e9e3
R01029,QA,2026-08-30,REGISTERED,0d3a85bade5d51bd3f7d0ec37da4b27d51d5e499720a44695166f81b02fd43fd
R01030,QA,2026-08-30,REGISTERED,b078585f9edd77409d5f73eb25ba3306a0dea60e53a22e6b90dc6db9e924cca9
R01031,QA,2026-08-30,REGISTERED,51e996313c662d33868ad0b076f391eb4f2678c1fa06b6e05653c4b165be7db7
R01032,QA,2026-08-30,REGISTERED,cce97e662560090f4b343c9035297a947eb013e1b2ca2f3fc515cb91c812e9de
R01033,QA,2026-08-30,REGISTERED,5e5a3400a02f5ed1522210d1500155172672da47d4cfe16f19eb8850f1ba3074
R01034,QA,2026-08-30,REGISTERED,ed3323f4c984aebd137434715302b7910b30d89fe295790da6ac03c8aec491d8
R01035,QA,2026-08-30,REGISTERED,ea3603a73df71e0d51dd39ed09f2f9c8d1d3fc56940281e2a4a25b330c9af0c2
R01036,QA,2026-08-30,REGISTERED,bd3d353b0e5c907d394404fac88dd0ce70ddb88c0b29e9abed60a1b98584a2e4
R01037,QA,2026-08-30,REGISTERED,ac8fc3b36887480f6b942d67d4a9b520867c0539a48066e752ea282a0d759fc6
R01038,QA,2026-08-30,REGISTERED,5d7c12b57e27489c4d5c4272748a86da5c5cf92e6752f3b0e6870ae33956fdc1
R01039,QA,2026-08-30,REGISTERED,1dd1ccc6e4ebd630dd75928bb9c3ade0757d94309c72e5fb8a1275ece25d8e97
R01040,QA,2026-08-31,REGISTERED,8d478680fe1a9bbc89358b93b8406c7fa11b13d3721a3554bc9e8dfd04883c02
R01041,QA,2026-08-31,REGISTERED,61d270b3944821a985de3e893c3c9c3b08053f03ad5e151113e6087b00f45acc
R01042,QA,2026-08-31,REGISTERED,abea89587710b66dd19bbc4315bdc1e6cf1958ca831541df2b8afa94e61540a9
R01043,QA,2026-08-31,REGISTERED,3a39379b7892a29228c4581e80a6a5df28778772f539a50097ab8dec63cec7a5
R01044,QA,2026-08-31,REGISTERED,e83b2a9d407e961817267a696b6cd7e219a20bdec0071cfcafb2e1c7056d204d
R01045,QA,2026-08-31,REGISTERED,7cbb9f7579ff300245fbe3d280e94cb27565012d547e105cf3ddef49e86c8bc4
R01046,QA,2026-08-30,REGISTERED,0bbf4abdf7bc899290e12f11cc4c9b82dc99efb8bf2ffbcfb7cb53a8b99af3b1
R01047,QA,2026-08-30,REGISTERED,a78e0573da62e8528670fa69025de123e2e9c9a6d529faf9c2807b4fa569bdda
R01048,QA,2026-08-30,REGISTERED,ccc2be02d9818b6ef252aad0d95a7550b23ceeb5d540fa19ebdac29409ca9300
R01049,QA,2026-08-30,REGISTERED,18aa42493cc124af2642d7f95dca49769eef3a39599452d4e479e56306e25292
R01050,OTHER,2026-08-31,REGISTERED,9ed8ff14597064e927a106277b78cfbb661ac463a5208eada72509d7e90d4e94
R01051,OTHER,2026-08-31,REGISTERED,7d3df89d010954c6d21de19fa6de75aff30ca464c7c96f83bc9de6096b304c60
R01052,OTHER,2026-08-31,REGISTERED,9bfcd32b1fac187005cf198e1343a1dc3287e00796a901978b73e2c74c21a8a2
R01053,OTHER,2026-08-31,REGISTERED,57bb43a7b0e4c8edc378d369a73d76a676efddc2c605022644126860a1941093
R01054,OTHER,2026-08-31,REGISTERED,b83774bdc005cfc21e988583745f0d98c79ba998971522bb9671582bad09bdda
R01055,OTHER,2026-08-31,REGISTERED,085783c475d048118dec4d2bcdd4385e722169b2de52fd349c6ed8640272e956
R01056,DELIVERY,2026-08-31,REGISTERED,a5f072dae6d29f545610b801f237a5a2af22eb67f968a6f14264192ed6514b2e
R01057,DELIVERY,2026-08-31,REGISTERED,edf8f743c0c1e48ee2bd6dbd5c28441a29efd53574b85cbd8254f4fc3c1f8880
R01058,DELIVERY,2026-08-31,REGISTERED,76dd70a609588df4b1c9c6ea0aad6ddcc8959e2ba03d1b3d47ab123ac5f2f59a
R01059,DELIVERY,2026-08-31,REGISTERED,edf8a07ecac8b0cc239b448c713404b8ec33fc5b2ed9f675d86f568ff28661db
R01060,DELIVERY,2026-08-31,REGISTERED,61c1706f7414a06fddbaa9c8bff05d197ce124a71ea6b9a68eb0efcfc9d1188e
R01061,DELIVERY,2026-08-31,REGISTERED,900764f758d45edecadf914d145282195b909a2cb00a32df3cf7f1cbe9d01bfd
R01062,DELIVERY,2026-08-31,REGISTERED,e5d9ece996df648b0377f1ec86fa4599bb4c99fc164217eaca495224c6db2e1e
R01063,DELIVERY,2026-08-31,REGISTERED,858c5ad3f238f599dbb1660b85c71e7a94a45cd6836fd3f10deb82698246f589
R01064,DELIVERY,2026-08-31,REGISTERED,ddfd5505965f35b75931cf3647c0916155288b153dfad947ef97cae0110314b3
R01065,DELIVERY,2026-08-31,REGISTERED,4dc7ff3656b878fd29cd1277b4196465866478a1d8a8934314ebd0b8ed0e1176
R01066,QA,2026-08-31,REGISTERED,76946aa4a6adfa290a6840b05617ac9bb16cc7d0cc3090b6e506fcde0cc8f645
R01067,QA,2026-08-31,REGISTERED,3ec1438116acf1d0985f6736851507e5b4f2aaf196af694039cc2e3032e22c8f
R01068,QA,2026-08-31,REGISTERED,5d43fbb51bcb49b0ffc6c95d4bcf3178d60805cf31da82967c8ea1bb55d381e1
R01069,QA,2026-08-31,REGISTERED,e819ab1940054000f89e1aacd00b905855699a8d8841e597f3102b74d69d2398
R01070,QA,2026-08-31,REGISTERED,fcc4aa93355adf3a7047c4f7de832a93e2a55dba46679576db24030406680c01
R01071,QA,2026-08-31,REGISTERED,75108d5694dd3ae0225b489a4cf4468a86acb547b99e73fe7a722b7228d61a95
R01072,OTHER,2026-08-31,REGISTERED,9298257f7d9c60dccf6adf428351a22070041e4ab0b99ecc01d4d861e3f3c8df
R01073,QA,2026-08-28,REGISTERED,f5e81880f9023c06f9289d435cf7f19886b383f9a5d4eade8c293702e2d5cd16
R01074,DELIVERY,2026-08-28,REGISTERED,00fd27c159ac218132e73f7eee95a25079a9abcd0b865e15cf2b006cf64428e4
R01075,DELIVERY,2026-08-28,REGISTERED,5bc8e9d2abad4562c86b898da7b506acc9a66acca4bcd5f17386ad38aca0c4c0
R01076,QA,2026-08-28,REGISTERED,a5ed114cd58993d3cae71a1e3390a3e3c979c3a2a993f32e1a94144576418454
R01077,OTHER,2026-08-28,REGISTERED,3a497dc9334bd4b229389a2d95b4ac59b8168718223af355a6c6d4a6d1eab79b
R01078,OTHER,2026-08-28,REGISTERED,bd431ae34b561586c859f934b56ee658187f2f410442059e711120b31cae4518
R01079,QA,2026-08-28,REGISTERED,ed61d30c17bd61c7598151aab50f0e0b16d6a7e89f3a135e60bfc4613ea24351
R01080,QA,2026-08-28,REGISTERED,bc7d7ba56106e39eb596fe09e8f6e58131f7ddd4238ae32053a3ed54cd5b3844
R01081,OTHER,2026-08-28,REGISTERED,addea2bdd18bc116dd7fcf76e1084d7fa48eefff4f7d1792dc5fec7875ec1d4d
R01082,QA,2026-08-29,REGISTERED,19d421643e1c8bd4079b38231591ee59d203e9fcdfa5b9fe2d8c1ff671f95d77
R01083,QA,2026-08-29,REGISTERED,069e3050a49f3ff6179a648be2bbc0ac22b08f83f2871bea695c910bb7a696c4
R01084,QA,2026-08-29,REGISTERED,3b541caa4f09f18ec880763c7102b5c228dbe453a0502305b278e5f6e9d5dd3e
R01085,QA,2026-08-28,REGISTERED,7b25702b5587b1eb044d3c0ae1426a57af317e838f668cd340d7f1c434c3a1fc
R01086,QA,2026-08-28,REGISTERED,59986f3b6ebaeb37455772bbd345fd382f4cc51b79450f7aa34c844c559871cc
R01087,QA,2026-08-28,REGISTERED,64ef2dd5a5c60b0a6f47d8ac186c9a5deb920e59c66c24f603ebfc8cdf2d510b
R01088,QA,2026-08-29,REGISTERED,63089a4a197b84a13870b4d62da1326d6ab0d2e5584fd947fb1d6766a262a541
R01089,QA,2026-08-29,REGISTERED,6a0e9ac998e23e67da2349c8df95c65d36fd4a5b23f6e4968ce80561250840ff
R01090,QA,2026-08-29,REGISTERED,4e731e5a805967ae22f96d0bb7871cd44fe5f6c3b16f31bdb1b542ac760ed796
R01091,QA,2026-08-28,REGISTERED,06a2b0b7200ad7e042eaaad1974c2e467921fb2d97bdb42f3282854276377633
R01092,QA,2026-08-28,REGISTERED,1bd6ae1921013f4bc2673d81d080230dbb7b65ca6daaee5be95c5e788cc462ed
R01093,OTHER,2026-08-29,REGISTERED,4a9b265a18332c9dc01448d4c3a762779c4564b8940139eb99dcb5b665a60636
R01094,QA,2026-08-29,REGISTERED,4f2056ab7858d9514157b3a8b28b7011080a51d95f4f9f77e4a1c33df85b2ae2
R01095,OTHER,2026-08-31,REGISTERED,1eff68b240d0bfbf13c8a69e226d56c46f1b96e37ea445c2bbc3e82a3e1c854c
R01096,OTHER,2026-08-31,REGISTERED,de568e8e61a14dc05ebcd3538576475b525ae4887e0e6df2713b12673e988844
R01097,OTHER,2026-08-31,REGISTERED,459c734f70fe1b1c2a7076e082b49b20fc25936034552b1171d16138ebbe4fa0
R01098,OTHER,2026-08-31,REGISTERED,159f598e101980a489927baf60682e3d52ea68a54c8372ea00a1c32e4049bbca
R01099,OTHER,2026-08-31,REGISTERED,159f598e101980a489927baf60682e3d52ea68a54c8372ea00a1c32e4049bbca
R01100,OTHER,2026-08-29,REGISTERED,c2b807143efd19d358eb7e414c252dd51edc1cf16e61a4f1f9fc98274dd39037
R01101,QA,2026-08-28,REGISTERED,be81cfd28ca0d384ca49cf5513462bb109c3e4719c2110723e8443495da83da5
R01102,QA,2026-08-28,REGISTERED,216f90def48858e616b662752cc859789d092aa45497444deeb279054d862cae
R01103,QA,2026-08-29,REGISTERED,cb71a25a051caec68f0dff297aefeff67f8175de79492fc363fed7f605de870f
R01104,QA,2026-08-29,REGISTERED,4ed74914972b78b80455646889ce309c2c550f8e8db66e6dc7937f5b5fd81446
R01105,OTHER,2026-08-29,REGISTERED,d45678ebb6fa7fbddf4e8463e8b1bb8eb5dd02494f9da9b369edb5c042b37f1c
R01106,QA,2026-08-30,REGISTERED,1d67bd120a3f8d08b2c9ff98cdcb02593f8f29606d3a3155c06c74d88c683dc1
R01107,QA,2026-08-30,REGISTERED,54355b3a4cb61f871d24801fd43e8afff28c7e11d8ea2908965afe6fbe603d3e
R01108,QA,2026-08-30,REGISTERED,b82e906fd6b9bdf9584f01df747c9006d44707ef3c1386c0148b5a613cdf79b5
R01109,OTHER,2026-08-29,REGISTERED,1d987c039dd532f79f9854a03f1f1eafbdd24019589418aa6e01e2a462dcf98b
R01110,QA,2026-08-29,REGISTERED,d82884b19abb8475ab97d38d19c6bd692b9722e29a95ca45f1016621abf970d1
R01111,OTHER,2026-08-29,REGISTERED,385f2670e05e7d67d16a137879175414e373aa0ebf4f8cec793c2e848fef3346
R01112,QA,2026-08-28,REGISTERED,ed17059d496e2f6e21af43f8ed78852391308aca71d26e61b57893238001b1d0
R01113,QA,2026-08-28,REGISTERED,1c265ec6038f65bae45e48a6488d2da1288660ba7d0f8879514043916f219695
R01114,QA,2026-08-28,REGISTERED,9fd3a529323d7777e94d8a101e1ea26073b36ea14e03a469cb7e8e98c1f1e6ab
R01115,QA,2026-08-28,REGISTERED,a9e0d767dd46168923a6617738e34d9c85d3b922a408b0bac1476d9baf70bd20
R01116,QA,2026-08-28,REGISTERED,6294fa81beb06f006df4d7a705696710ebcebd8eb8cb040cac36bcd74559ac29
R01117,QA,2026-08-28,REGISTERED,997a3d55a70dccae8ff1e66aa14bb0b837c6c847855842a36b37f5df328796bc
R01118,OTHER,2026-08-28,REGISTERED,80ed4b5a4c3a8f5aa77c8cfc09c5b2194563371cac0a6f3bd6ed82a6aaff9242
R01119,QA,2026-08-28,REGISTERED,f15ac2342780e75c273444249c267d032d83b26c098a0114929268a5bd3ec70d
R01120,QA,2026-08-29,REGISTERED,1eaada5bb4517b245cb200d8f33feefa19900d8ac7145d308dfdb57dcfde4e12
R01121,QA,2026-08-29,REGISTERED,0658bf056a9eca0e94c3e028af4be4d2b7ef281ebc94b5296729f43e829c03a2
R01122,QA,2026-08-29,REGISTERED,c33d8b8e7d4b7d2ef9ce8fbe1af93b577c756d05a6e779b006f5e26d9b50b3b2
R01123,OTHER,2026-08-29,REGISTERED,4ff4f45cad1b4b8b561ab83f0613d3fddad12d52318c7eaefa48ef8592bdf5ab
R01124,QA,2026-08-29,REGISTERED,0c025e4e945b3b4a2f72a2cf75d14f6e483ec8b4b6838963849d29e867c8ac7e
R01125,OTHER,2026-08-29,REGISTERED,b7bdcb9fe67a1ca3bef07d04fa0b5b39c22b25b98033a01e7b42aae67b8c9e61
R01126,DELIVERY,2026-08-29,REGISTERED,d1ea6d027cd08db95ea508568a7cebc22bddd4a661132d9a0208006d6aa39ade
R01127,DELIVERY,2026-08-29,REGISTERED,3a54d6fb266e1ecb6d463d48d817b55c5e61307f92893ac028ce24b633b444a0
R01128,DELIVERY,2026-08-29,REGISTERED,6acd1cc90acc888f9d133dfd56ad201af8456cb8b3edc70c60defacd3b482d67
R01129,OTHER,2026-08-30,REGISTERED,da339268d74b82ffd0adddc8131696d83639a85dda7d542f25ae4dee6419e389
R01130,OTHER,2026-08-30,REGISTERED,312e24894e602b319083688544ff9f953a47981ce5f417490e62a9d3fe32bae6
R01131,OTHER,2026-08-28,REGISTERED,7c3d5f4b730e63c6e186e122751ca450a28cb0315a34983f977eb8cd08dc18ca
R01132,OTHER,2026-08-28,REGISTERED,d7335845b01c6c30249cf165465b320da07bbd95e6021453fb52d77f512833f6
R01133,OTHER,2026-08-28,REGISTERED,e5a7362e1c69cf939e693918f2ac31abb32a11cae78589a3468013465954b8df
R01134,OTHER,2026-08-28,REGISTERED,f66a0ac688614a1d93f20dee48df249f3c6c2e7eda974502dd9659bb52a1063e
R01135,OTHER,2026-08-28,REGISTERED,8e32bcca2e13e8f1788a9cfcc1a8560829ff98438b1fea2552be78b29b2af42f
R01136,OTHER,2026-08-28,REGISTERED,0bad29f40d502ecaa974419ad079560387256eee9ad3b76ee3ab40995cf4583d
R01137,OTHER,2026-08-28,REGISTERED,943ed495a3ee67b46597e8fa378010ef5d350b53be9f972023009ae0119f2e14
R01138,OTHER,2026-08-28,REGISTERED,2144c39347bd31ddfbc3ee7554b2996d459d08d1caf2bd83e09653ea77d40356
R01139,OTHER,2026-08-28,REGISTERED,8424bc9189367a589e8cf6df994a4fbdcd03fa834ec73dda293c37f9d674dfa4
R01140,OTHER,2026-08-28,REGISTERED,69c67fb5fac112f1f9784f55b683ff877f82b14a444a6cec3dc61a1b1f1eb731
R01141,OTHER,2026-08-28,REGISTERED,8c640ad7ffadbd0346a960104aba73cea63cf54c266d8ac32e69850bda20923d
R01142,OTHER,2026-08-28,REGISTERED,e8ef8eb4a7ac2ee9323eb9142a397c2a6a5b0eb8060e78f2fc1e340081b58306
R01143,OTHER,2026-08-28,REGISTERED,d3f615d2597146e94dcb1431a33caadfe188ba58103d6ef4a6d6591360c2404c
R01144,OTHER,2026-08-28,REGISTERED,b92646dbf193ff4fb549e05a44a64b6ed45cd775fda01953ec4bbc2047dc55cd
R01145,OTHER,2026-08-28,REGISTERED,96f4fde9b6f99711a72b4e8d55ea748dd58632cce7c7444e5e4440a614ea68d1
R01146,OTHER,2026-08-28,REGISTERED,46fd98c085d946fad543986db2639feef24042dc218b1c7bdc4cc2c2ffe83bc5
R01147,OTHER,2026-08-28,REGISTERED,448a30a42ffa252f84228f464ed9855b241039e654a6b59d13538efcd76817b8
R01148,OTHER,2026-08-28,REGISTERED,1c53e424a21625503f29813f1fe762fb2a2beb1d3b88c0b32d9781baee92b715
R01149,OTHER,2026-08-28,REGISTERED,eee9eda643f46833792558f6836be66ad58a08ce77d79a7d22db243afe29bb79
R01150,OTHER,2026-08-28,REGISTERED,bc8309f9b996e246f0601e5ff40217c1c7dbbecb1f874f602a24becf07c3f19b
R01151,OTHER,2026-08-28,REGISTERED,b524aed44bed65c74f5606694ab41424157ecd794a8923bffa36b0c1b0fa5161
R01152,OTHER,2026-08-28,REGISTERED,0d52ea3ef60a56f088d7cc7714ef551acf5c7c56b26001eff1bcfaa16d25d333
R01153,OTHER,2026-08-28,REGISTERED,86f4d5fafbb9404265a672e1a8afb9be09705ad18f958dd34f84d1257d65955e
R01154,OTHER,2026-08-29,REGISTERED,8b31986af23efdee9af059d23607b3179bf19c2d17c3a270e11d90928a7db690
R01155,OTHER,2026-08-28,REGISTERED,cb23c1572d1e4d1f3dc701b6195535adb2ed8471c5fbf584c0a3068d7bb88264
R01156,OTHER,2026-08-28,REGISTERED,03477a2c1659ee5a4ed10bd270eaf45668062225c9181764d5c0b73999b648e8
R01157,OTHER,2026-08-28,REGISTERED,f6f0b639a600371c3f00f91f64117f5bb83d1e781c683c84827980d66b5c1fd2
R01158,OTHER,2026-08-28,REGISTERED,e4a2966a143d66eac6f8f2b481a6bcd8044c75abd4f3f9d8a38805c995fda94b
R01159,OTHER,2026-08-28,REGISTERED,2716042acd0f9f7b6fb219d90ac5fde88fa2563e7b58f6725c84a4b2567f2793
R01160,OTHER,2026-08-28,REGISTERED,1cd6856b30f82a144992cf72dd4e93c067790088e4eee2ebef6acf50cf9eebc5
R01161,OTHER,2026-08-28,REGISTERED,6d0f20b5a9b48cc21404321c40d3686337b91c579d7afe33fb34d890213fb73f
R01162,OTHER,2026-08-27,REGISTERED,0f9e426c237e9332f5045e92fb06f1d4273a2a6284e1853f9e5abb0c26d16544
R01163,OTHER,2026-08-27,REGISTERED,fc85d2943648c85b77efa2b0c15fe240dd0839fb6cfcf63d432c30976c87a987
R01164,OTHER,2026-08-27,REGISTERED,90eb9b1c754330fe210153e23e77787d4d70be3a8b8a2dc6922eae923c4db1af
R01165,OTHER,2026-08-28,REGISTERED,40e9228222a2ace239fdca4b5ca57eb0b991a8c764230ae7fede5839fccce2b8
R01166,OTHER,2026-08-28,REGISTERED,dc1956b90812555a544bea111153820abe3dfb335633c246e8351de6e0449d35
R01167,OTHER,2026-08-28,REGISTERED,d9e6eedd8b446b76202dd595b43c45ceea1559fc75101b582dba7b4d3f81a763
R01168,OTHER,2026-08-28,REGISTERED,4a9d0da15f1f1d781fac99c44d0f82a87fe459669d16efc511f2dac3f848d1f1
R01169,OTHER,2026-08-28,REGISTERED,bc7b5f5aeae9fa666d961deecb85575e6fd633936872ce34e571c2e13eb7f33f
R01170,OTHER,2026-08-27,REGISTERED,d2030a64b809093d6a25a53c20cfca97ba6ac90423494a663995e3600e897f27
R01171,OTHER,2026-08-27,REGISTERED,f5f26c2d2c17ca3e72c85c0e0d3929db05907982e8f4e15a5adba49849a648d7
R01172,OTHER,2026-08-27,REGISTERED,adf32940e8c715961aacc840c48edfad971106cb2deead5f9a5dfc3fe1447b94
R01173,OTHER,2026-08-28,REGISTERED,3272a726c97872d85ee07dd6ab2257538751ffd5fde00d564d138aff42e90c7c
R01174,QA,2026-08-05,REGISTERED,e49197b471392b6ebd30834676b4d4ab60391e6f3f193423f7d00fba1dab5b85
R01175,OTHER,2026-08-31,REGISTERED,8cb0c721c8ecadf596df92cd61aa109b4dd28301fdeb22be43b7543d940faa09
R01176,OTHER,2026-08-28,REGISTERED,cc7a0a3fb2a3448ab9b455ddcef9f7ed5d8b3f4d5bdee3d1284ea48d49c9c860
R01177,OTHER,2026-08-26,REGISTERED,342f020801b926ca2270950ef3410afc9f498986bd9d5781ab4e931f52bc1b68
R01178,OTHER,2026-08-22,REGISTERED,e448777b95e41f86c84eac9b33136367c43ec6462010fff5d720d237bfa6ed57
R01179,OTHER,2026-08-22,REGISTERED,295ba3e8e2311b03f54db5b6910f21b60eb7184dd4d1231bebb495d681895fdc
R01180,OTHER,2026-08-24,REGISTERED,12cf4dc866079bdf5db8a5a6665d9821fc746d7ebcff7e328364a29ba5817cab
R01181,OTHER,2026-08-23,REGISTERED,791158de065df42adc926ed8b1e3b2f5ccec742934fde13dedda87e1ee1312fd
R01182,OTHER,2026-08-25,REGISTERED,9980d406118888e0dda2c8b7148968513e7960550c56e8a20bdafe57f1250b12
R01183,OTHER,2026-08-26,REGISTERED,15edacac1dc5511be3aa05bff442d2c1fb9cff0188fc5d66f2230461c4b102c1
R01184,OTHER,2026-08-23,REGISTERED,5f18a5d1e10b59fa31825765ddde2781be4872e8a0ec3cf8be0c9d9e2afad79c
R01185,OTHER,2026-08-23,REGISTERED,a5efefc7b4799843c8fe65d40285fecc682ad8187f611946cdfe5cb31930896f
R01186,OTHER,2026-08-24,REGISTERED,298ad64b5e9117683f37b350c30b72852a99af27aabfc52c4345123f9e68c1a1
R01187,OTHER,2026-08-25,REGISTERED,67d439ac90d2f0168a434efbb7dbdc07de3d4c0ee8b5f36164a4e390c55d5cc2
R01188,OTHER,2026-08-31,REGISTERED,e833e770c10688918ec89dcc186e44eaad27675568acff5dd1e81264cf51db03
R01189,OTHER,2026-08-26,REGISTERED,a2d348fe9e855a56f2e1bee41b6275bb4b01fe3a6f5d80988e4286b9f5f5a8c4
R01190,OTHER,2026-08-22,REGISTERED,f4c03b7444aa2c9710a94180ff6f60876643d1230062f58baf6b719b37ac16e0
R01191,OTHER,2026-08-31,REGISTERED,d3a0117b6688f33bd0b2d086925f62307c06a9b5771eb9f69658846209bbda93
R01192,OTHER,2026-08-29,REGISTERED,f2ad5db08628d925493605209ab43bd52af3ac6c138e577021e480af1282f6cc
R01193,OTHER,2026-08-26,REGISTERED,74a29826987702f8a836ae30812576a483f3bb049db77a43c52f72a7fb74f448
R01194,OTHER,2026-08-30,REGISTERED,41e27a4d41e90a7e3ed62b25e400d824457a182abeeb95702f953392bd44aae0
R01195,OTHER,2026-08-22,REGISTERED,b1754068c09d4ffe8690dc6b7b83b7cf3d7840fa714b40dc8f5a91bdcc1ec0c1
R01196,OTHER,2026-08-25,REGISTERED,dbe74661c3bdb575f1cb5087833b40379c4b252d18363136323cc6c44c7ca8a1
R01197,OTHER,2026-08-25,REGISTERED,0d896ed962ad17a0fc3512fdfa3cd50bd791d2fc967cca7a80d716bffa555eb5
R01198,OTHER,2026-08-28,REGISTERED,d82af267e19f174812fba9555936fe97f372f7cf74fa1bb9381f433c6a02576f
R01199,OTHER,2026-08-23,REGISTERED,3d3d05eb7c8d5e0d765a29e1776d175f4ff3d904e768d84c55abc44fa63855c4
R01200,OTHER,2026-08-24,REGISTERED,d0202bd2f78957c4fb92f9a3e3b955d3a213c5714a0b190cbdf550c3de8d1f87
R01201,OTHER,2026-08-24,REGISTERED,b16aca4ae0a9a320044848cd05ee9437eb47ffd10deb384d05e84364db0eaeca
R01202,OTHER,2026-08-23,REGISTERED,ed86e51624c7546a2c1cf24d4ddab0906af43747b8cb85205a3d7809028b12b3
R01203,OTHER,2026-08-13,REGISTERED,b5b203b8e9298ea57ed11802e35275634b7bd66df2d9ad6e4c47c275fcb82d66
R01204,OTHER,2026-08-26,REGISTERED,f4ea970ef96fb5d94eeee434e0dbc80a2141566866f1e855ccaa643f2793825e
R01205,OTHER,2026-08-26,REGISTERED,25eb5ef0255a842c47b5150f47fd97fc032c41d8cc500d1e58c52e292e38c183
R01206,OTHER,2026-08-31,REGISTERED,1623b3b6edb31cf445b6c6ce898e03e7d51bcd189c4505ad1db388ae56ae2405
R01207,OTHER,2026-08-24,REGISTERED,d00fb3376e90c76d822a71237c40055232d40531e14031f06278386c3d671880
R01208,OTHER,2026-08-25,REGISTERED,693f49ac66c71f1c400366fcac4671dc68f565095501f90cbb180e03812b06f6
R01209,OTHER,2026-08-25,REGISTERED,572b64274663705c370e8a3b175b551627560cd528c59ab342d9f86749f263ba
R01210,OTHER,2026-08-25,REGISTERED,69d577291b85e6c2ce635eb4b709de06e15f0693edaadf092ae4c32eafe11fa3
R01211,OTHER,2026-08-25,REGISTERED,ebe2d077d7d4f3898680b469cab018c312e75145e28e35cd33843c8289a990c2
R01212,OTHER,2026-08-31,REGISTERED,c3c5965e33df75ec859d9329f8242b53d5e01eb0816da4e4a9fdf538a46fbdf1
R01213,OTHER,2026-08-26,REGISTERED,b21180906adfd1487c2f8a611c53159b9fdb78fd1b3ed415517ed4092f501092
R01214,OTHER,2026-08-26,REGISTERED,a045697ae8b20c63be3313fe25019557e8e06eed91983e264e0383822691d03a
R01215,OTHER,2026-08-31,REGISTERED,ce9f9e755d25be6c87f735239e5006f4795f280703489da2cf49de0c415b0bdb
R01216,OTHER,2026-08-31,REGISTERED,63ccc6105b251450fe23269a999cb48ed14bcadfec197e162e09e63480ceb4b3
R01217,OTHER,2026-08-24,REGISTERED,694829555f8385fa14451d73ad85b77cc912177672cda6c116b37b2c34de5292
R01218,OTHER,2026-08-26,REGISTERED,46226a1690a35fb85ff34e31e9e364830d8ab92e3a9b1486514bc6f6b99ce72f
R01219,OTHER,2026-08-25,REGISTERED,4a9bce15f6ed1f897199e0b53a460b01b21008d72e429d4ea5dd2b49e658e140
R01220,OTHER,2026-08-31,REGISTERED,8f1da4b7b228c3a250c1a364c7dc565d8a3f35f4e3573ec59cf200f5f9974db6
R01221,OTHER,2026-08-22,REGISTERED,70c44c9d8ff0cda7e096e350ec0bcf01eb7842030f02eba9e412bba8bc442578
R01222,OTHER,2026-08-25,REGISTERED,d82c8f7ce7a1ac081ee73779cf27bf41220c8b61a1f45161b2b814d4c9123c74
R01223,OTHER,2026-08-25,REGISTERED,25eee9ebca00f8cbdfd02bdaeab481b40b2219dae78c85e401ae555d3177ca33
R01224,OTHER,2026-08-31,REGISTERED,a2335d7a1782781a009e49494d699a7d414c71e38f87cd4d40ab8a86cc905523
R01225,OTHER,2026-08-23,REGISTERED,7651336a654684ff4b77f366649e5b4dfef0097c18614a8bacfe5f6849e13314
R01226,OTHER,2026-08-13,REGISTERED,7ad362ef12a9e17b1589518a95dc5f285b1cfbb376e302fdc53d4325a5ead420
R01227,OTHER,2026-08-24,REGISTERED,a77fc224212513466ee1306659506b323b8832da1f2612dddc75230716dbb0d7
R01228,OTHER,2026-08-26,REGISTERED,c0e68757a7437732f92cad466b69eee2ce8e7d9b845cc879f4e5753830870ce0
R01229,OTHER,2026-08-13,REGISTERED,ac70cc1a0671a8f71cd8d1f38cbb0d53ef79f50a431778551bbafa4709e9d465
R01230,OTHER,2026-08-25,REGISTERED,5a4898a7862069d9134c7d29646c7b83f620e98f40c0103e5a7d3770ebe62f80
R01231,OTHER,2026-08-24,REGISTERED,5c3de7db359d609b40d5702f8efbf2ac1349406a7448b79fef096899b3caa88a
R01232,OTHER,2026-08-31,REGISTERED,1062ebc02309fbc3a1f6c5ab8518c7a170d13b70daf8202976264db6a25af6cc
R01233,OTHER,2026-08-24,REGISTERED,0c305ff57ae29130284174dc3ba62037f121a06c88efe7fab7f6daa1bf4cf476
R01234,OTHER,2026-08-26,REGISTERED,1c97f771a6dc48e4b99fa6504b0de774ddd853cc2f80377718022daec522e71e
R01235,OTHER,2026-08-24,REGISTERED,b8d95caaf7c4d33ae4c1f8274027715d2d1126e3cc5a8b578e9017f7c5c7d47d
R01236,OTHER,2026-08-25,REGISTERED,20f83fdbdd9e6ae9d87d47299380b90aa2c84a2ad8eef662f36c046958e9b125
R01237,OTHER,2026-08-25,REGISTERED,7625e720c3c963805d6fb83a71b9f9f903e0b261660227480055a0738ddbee0c
R01238,OTHER,2026-08-14,REGISTERED,b6da8a406a7dde1f2408984d754a839e76981516a3b2bf904148584158e1cb90
R01239,OTHER,2026-08-26,REGISTERED,5d87282a285e8eebaf08230e156a4ac3d49dc6b9e0997ed59654144c267afac4
R01240,OTHER,2026-08-26,REGISTERED,124d6fe514b76b58277af13dd6341b72b22650dde43a0acd9a4529adb82b473e
R01241,OTHER,2026-08-31,REGISTERED,70d7622d0ac4545d8800480ccc0860a5e14ac13e991265d948cdde9909cc2102
R01242,OTHER,2026-08-23,REGISTERED,e677881ad7a1111484902d175bece81f4a4fea9b52a2418f11f7700b936e8f59
R01243,OTHER,2026-08-25,REGISTERED,e4500839a63517052c09431e05ed95f09f25b91233a92d6269358d39a4e1a013
R01244,OTHER,2026-08-25,REGISTERED,461cccd553f61576dc11dc89c28f2d8cd74fc1711d973feeb5f1920b6664e105
R01245,OTHER,2026-08-28,REGISTERED,e53216ef1f62f173f2d8e100e9f804138c1596a0d7eabed171eb2ceb345af957
R01246,OTHER,2026-08-25,REGISTERED,66bce56194e5d8bd519e29cda8f3bfda3a113de0ddd943d9917c7cb899852047
R01247,OTHER,2026-08-31,REGISTERED,77cb785ad3e9401d5b0810bfc59f3aeba3f4cf0e6ec7611a1da4af5413961ac4
R01248,OTHER,2026-08-24,REGISTERED,a58b53436d9365b2a543b8b4d555c1583306ad2e82e29476284a39f1a08c38b7
R01249,OTHER,2026-08-31,REGISTERED,54b2538d7ab4495a9e10e34c51db059f1dcbc2914a577eb02b32344d0f6a7266
R01250,OTHER,2026-08-26,REGISTERED,9fec5bde66da7761bd7f231af1bd167093b9c6242260ec2bfdc5c3d685f302fe
R01251,OTHER,2026-08-24,REGISTERED,5386891b9098b66c40e6f767aaf25c76aab706e1385453ef829abeaf8db09a35
R01252,OTHER,2026-08-13,REGISTERED,cda53047c4f4370c2a96beda7d96827e830260355913f9a8fad0ff2d99395c35
R01253,OTHER,2026-08-26,REGISTERED,04b6fbcce9e1ef226a65262e2b43e358976ca87d35f32a1cc3b4a9c4cc845372
R01254,OTHER,2026-08-31,REGISTERED,dfd9f3da4435b83702ff52bb3e9c560b5ccc2591a12198d04199cd17ad7574f4
R01255,OTHER,2026-08-24,REGISTERED,bcebdf6cc0cd63bde6cedcbd74b027e7705735479ae5c96fcf5e15290a5287b9
R01256,OTHER,2026-08-25,REGISTERED,9eab3ea3b22ac79394c20823d3c26b6442a2e2ce6b4f85dca3dfaee21be9ff66
R01257,OTHER,2026-08-25,REGISTERED,63c919d7b8e311e7b831309508ee7d87bb9c713e3e92d46083a923c48c484ca3
R01258,OTHER,2026-08-31,REGISTERED,dd8ce0cb7e0a0fab6f397431ee8770d793d61ebf38a083c30f1c60fe07319df2
R01259,OTHER,2026-08-26,REGISTERED,2e9782f5a61d44e46418b9d7d78d9c72091f59c5625f40bfcecf7075b49b5ca6
R01260,OTHER,2026-08-23,REGISTERED,9d898e8285f9d2368af6895e552145f2ed00231ff1979f61c3693b635a469d3c
R01261,OTHER,2026-08-26,REGISTERED,298458d80b0a042a346d08c78756abaa6565244832556b8f798e192b630d7e02
R01262,OTHER,2026-08-24,REGISTERED,b21434cdfc1e2eed916f22fe4755cd0340486cc9dfd8124d210f477d90f7d44e
R01263,OTHER,2026-08-31,REGISTERED,bca326d1a8705a2f8742b218ec5233bfe38c1fd8eac8686171e7147d332660be
R01264,OTHER,2026-08-23,REGISTERED,d6e87a27ca78f5c11bb50d04bba3e45bf3e337f78352861a68dfb97a85e4b9f6
R01265,OTHER,2026-08-20,REGISTERED,1a7d7808770872da97e0c73939fa9dd64b79583237c9fad01203867aed5f95f4
R01266,OTHER,2026-08-31,REGISTERED,f8651756e981f2f051419d64f6bf7d0b2ff32402f3e2d79521f6dcaa28e71abd
R01267,OTHER,2026-08-31,REGISTERED,026e0565d27a473045f11932a860c07413dcecbaa5b2c7f3c55c7335d939e893
R01268,OTHER,2026-08-23,REGISTERED,4b9da765b1d3cc826df14cafc810a0d15609a73220ef545eb5255ca5b37695ba
R01269,OTHER,2026-08-24,REGISTERED,94c3964866cfb7cd4ce7b53ed44435d81e7968bd030c27a197d055c27f2a2eff
R01270,OTHER,2026-08-27,REGISTERED,83802e5158c665af4ae10b6f021676865f490a7faf5981632f676ffd61be6e71
R01271,OTHER,2026-08-31,REGISTERED,234c5b311fe0e17a24892a6744d77277cb0b83d07544b4383577c890649684bd
R01272,OTHER,2026-08-31,REGISTERED,f962de6501699e2d8b7f1dd322ca4dec000682ff290eea1f3cc6b10ac9279bc1
R01273,OTHER,2026-08-24,REGISTERED,4fe1dac8ed9d791fdf84c7543a80d003da89c6991a76ba512dd66928127b15c9
R01274,OTHER,2026-08-25,REGISTERED,a9f17b447622466dc423ca81cda501db7d532683dda1a91e9ba443d54c29b935
R01275,OTHER,2026-08-27,REGISTERED,8dea85f0cc71e5818429ec229a281aac8c207ff8ffbcc413bf7b3f3d5cc236a7
R01276,OTHER,2026-08-28,REGISTERED,9b63da92d7977f7467d76f069a433eb0ab96acdb0692853fa2dbd3cf0fe78831
R01277,OTHER,2026-08-20,REGISTERED,4157e46acbab5fa7e7e715df97651490c8aa7f6a69b328220947b1ee5b01a371
R01278,OTHER,2026-08-23,REGISTERED,b4d0d1aa3ee2746b4cec625599c5add8548a87229a26134b5ea4d7b075676f81
R01279,OTHER,2026-08-25,REGISTERED,b2e39370c5b393e1a6c6042bdb5caf17af8da5e58a2cc28bc2428bfebfceec23
R01280,OTHER,2026-08-27,REGISTERED,6a3a8f1e40920e9168becb43f037400bed46a6b5d6ab537020f99c9e7a1c5f27
R01281,OTHER,2026-08-27,REGISTERED,01cf8bcee2aaa671939763f37fe17eeea26e8ec2d61a38a8f03a42607bbef892
R01282,OTHER,2026-08-28,REGISTERED,bfe77daa8b0083855c43a262691ced075d28f7aaaaa47b9f688d40caed195eb1
R01283,OTHER,2026-08-29,REGISTERED,bedc008da8570aeb7b2412cee672336b5fecf304998155d44fa1407813adce41
R01284,OTHER,2026-08-29,REGISTERED,7f34bba0c6acb5abecff65553a938cd644b7cbb62010939c98cd677648fc3a82
R01285,OTHER,2026-08-29,REGISTERED,6c9e82c2b9b32c7e43eb39ee5a9d6a8d13a4b9dc0d697f1a2854a3206dd0033d
R01286,OTHER,2026-08-29,REGISTERED,2c43ea9520575523e6c8457876adf53ab3fc9c437876b49ff289cbc9ea5cd8c8
R01287,OTHER,2026-08-29,REGISTERED,dd243b3a209ac6e9868e2cec8e33c766d756e00d07bd1956d76d9024d3e54356
R01288,OTHER,2026-08-29,REGISTERED,d583bfa0d7ea870185db746510513caa09693308e54c945bc00665d2d03c3474
R01289,OTHER,2026-08-29,REGISTERED,7dd651a85db58e7d3de975869c3f93d4781665b1f74a810405c8338fe23d2768
R01290,OTHER,2026-08-29,REGISTERED,0e941cafe2f2755e8ff65e51582b84db183076a415c164e8f2d24566c46e7a7a
R01291,OTHER,2026-08-29,REGISTERED,aac3f5d99b82f318170ce91844c6486e8c30736e2db1b66d52af351f3554294c
R01292,OTHER,2026-08-29,REGISTERED,de3732c3ccc1b9f305fa565256705b45acea17660bc3ea805b15d79c0f047ffe
R01293,OTHER,2026-08-29,REGISTERED,85d80f8acdb15e8e18b010bd5261c1bd32b570ddb0363223a6676e263ea1c40b
R01294,OTHER,2026-08-29,REGISTERED,138e3c99627d3d370310ab5a74606ebb7073467b17f8fbf2312d4b27a871280e
R01295,OTHER,2026-08-29,REGISTERED,620137cb207ac7a14fc3ce87a757fa2fbf9ed4e764941c1450bc9614d056cb0c
R01296,OTHER,2026-08-29,REGISTERED,e1317bde4bced15713f0ac6060ff47e17049cdcce5d4aa09b27e31a3b56626d0
R01297,OTHER,2026-08-29,REGISTERED,6f8c0597d3d8937e630192b794f8383f3bc78e47641a244c6b8b90bab9410103
R01298,OTHER,2026-08-29,REGISTERED,eea7f1cbb553ca282291621d71b4a2e31b30272a17a2a12bc77102e2ade8d95c
R01299,OTHER,2026-08-29,REGISTERED,48690009f3b91f63a9ea8f6bed0c29183cd220d09a995d5d77d464dc0bb1cbad
R01300,OTHER,2026-08-29,REGISTERED,b5794de155d4168c2acb12a53fe9fd71234691c3a92cd84736c2c1c97b85163f
R01301,OTHER,2026-08-29,REGISTERED,561ff573adda954647f51175abd269b94da213e5e200e9fddaf0f6761a80a4b8
R01302,OTHER,2026-08-29,REGISTERED,55a55209c31d7da2876c8935639107320d30e070026cbe4d291bf34fb1e02c6e
R01303,OTHER,2026-08-29,REGISTERED,e875d99f0cd50cdcd8656b19df08882e81f8660ff3c3e66b69bb4b874626b4ee
R01304,OTHER,2026-08-29,REGISTERED,2fa92bf5aa00430590ec3a0ead038e9799acace09a53b4e15afeed738149896d
R01305,OTHER,2026-08-29,REGISTERED,660ad5fa2140b1e3a539db7744bdf4fc40472064cffbb6aa1d96ef4178da3592
R01306,OTHER,2026-08-29,REGISTERED,9f01964f139882a4d5e69c8f9fd6e8c18e7822e330066dc217c28a851f71cf43
R01307,OTHER,2026-08-29,REGISTERED,cb24a89c641ec97650de07cb7f0b77bde4445d580ef1ba4ec3a0ae7ce5a130d2
R01308,OTHER,2026-08-29,REGISTERED,2d81899f018f67a767e2400185dfc5147d73f4ef43b354b2850bb5c7f39649e9
R01309,OTHER,2026-08-30,REGISTERED,c8ed83a2cab9d8d71695ca562f877412d7b3e3841afec4e21a2e59177d9cddee
R01310,OTHER,2026-08-27,REGISTERED,c86fced4b30691a1412659e9e2049d3d7e56a92f7e3e29947ccda81b5f80e8ab
R01311,QA,2026-08-24,REGISTERED,85d4a8e73af96335030d2ae95d5ee03312e01fc41bfceab08cdd49cee05ebdaa
R01312,OTHER,2026-08-24,REGISTERED,8c0123bbd3bad0ee719c197f965acaeba3bf09610e806050154a7749ec751a96
R01313,OTHER,2026-08-28,REGISTERED,7e2fa45e4c7e548ce8adfc5e2f8a57daec28a4c2fa76a66169d4d060dd9ce585
R01314,OTHER,2026-08-27,REGISTERED,efd9962ff44f333d11d7978d2c512c70c482c24312cb5e5440d33c30380a1447
R01315,OTHER,2026-08-27,REGISTERED,3108d2ddb467311da555862f8b8402c79c2ccfd2fa908cf8b99d61dfe9e8a791
R01316,OTHER,2026-08-27,REGISTERED,133b626cbec92639b19bd1d26b548fb0b42f1d4f7458dc7cc8d239f390f59520
R01317,OTHER,2026-08-27,REGISTERED,62b17383a737f950c5a0f5829e28a793a87ccde072fc78992247d7fb26f1a3fa
R01318,OTHER,2026-08-27,REGISTERED,268e6a6f090d7edc41bc13fc2eedd7cf9169612e592847d48975a06bba6e275c
R01319,OTHER,2026-08-22,REGISTERED,da6c1b79f3416107c6111bb4197be546668e31a43fe43b5014808ea94051e885
R01320,OTHER,2026-08-22,REGISTERED,da6c1b79f3416107c6111bb4197be546668e31a43fe43b5014808ea94051e885
R01321,OTHER,2026-08-23,REGISTERED,86bb1406d38f91a9d4dce61c05ce406fa2cc14d8d9c3da2887007ce5d4f2324f
R01322,OTHER,2026-08-23,REGISTERED,140d02bca3f346471eece7ed2cf66c9b2af5dcebbdfab5361722cb7cd23dfdfb
R01323,OTHER,2026-08-30,REGISTERED,9a3b607c8cd05317a1d7ff94822bfed49719ace8fc0d9ae8db82eafcb90b85c0
R01324,OTHER,2026-08-30,REGISTERED,fe42fc391680446630d58de9cb088a1eb51f776cd85b70d65877fbc62f32f7cf
R01325,OTHER,2026-08-28,REGISTERED,9763b46d2973ba20f738268464e753ace50c219c69a64e40220571ea96a74a06
R01326,OTHER,2026-08-30,REGISTERED,2f5ef7465fe569dd21215f191c8a35b7633a60b6b8c631db015c4f672637b1cf
R01327,OTHER,2026-08-14,REGISTERED,f9fe0317a5b2b43817cf4905afa3c0f592711d24e83e9946211110a4707d96c0
R01328,OTHER,2026-08-13,REGISTERED,9c8086d5f6e15b2b88439f80ba0b900dc18ba6c7d363f5ab7b631da8b3f593cc
R01329,OTHER,2026-08-26,REGISTERED,42c5752fd85a14ebec61e9423ec0f8c7e30d4afc229b9a3ac4b64e83abe8a66c
R01330,OTHER,2026-08-28,REGISTERED,8d37daee6f88557facc67c695af59b7b2d601653d841ba4954313d11c83ec001
R01331,OTHER,2026-08-31,REGISTERED,2b3cd0c7642ecd8f301be2dff9aa949226e53869c5d57fdfc370ea244f09b36a
R01332,OTHER,2026-08-31,REGISTERED,1762d9e83fdf17424c797bdbbd26ddae4835bc9045463eb30eaaae588b1e120e
R01333,OTHER,2026-08-21,REGISTERED,ee2c8baad87aa5d24e3348e77df4dd650501bf33e2d7e5a1beec31d7b90e9d14
R01334,OTHER,2026-08-14,REGISTERED,e61511817bb4fb32d504aac189e6f8b12f9d7d9425bb2ba1f7f6bb01e8de98ca
R01335,TEST,2026-08-28,REGISTERED,02dd05e1912c0223c8e926cf1575031df43e8d5fcd5a9c77fa41d4f8d1af7583
R01336,OTHER,2026-08-28,REGISTERED,48f1bf30a5891c034cffa2b8da967a70948d4e2e8ec2286da8bda57e340e6785
R01337,OTHER,2026-08-27,REGISTERED,a66af4330398b223147526e88b2735f7d1ad752020df96dd522163a7a4663803
R01338,OTHER,2026-08-27,REGISTERED,79e360c26b6371ee0b467b6c9562d0874180ae3c8c4fe3c81dd9711f7a2833be
R01339,OTHER,2026-08-28,REGISTERED,d61332fcc553874e9229d29861987ded38a131ade2fbbca3165145a8e64c2c2b
R01340,QA,2026-08-21,REGISTERED,92f9d3caf0c962d7241486927f5884971d1c7f6061385adf864ae5338d59c8d6
R01341,OTHER,2026-08-26,REGISTERED,08632c7f4fb8769c178386e892ac4ef50ed2823082f6effb886aa3c88c6290b3
R01342,OTHER,2026-08-30,REGISTERED,c08ad05cc7b007287923ce70227a1dafc222b942f9973b27437329630c605ed4
R01343,OTHER,2026-08-31,REGISTERED,9223e42468404e2b58c73e21b9674b26a8779f86a884a9f1f67aacd401476fd9
R01344,OTHER,2026-08-31,REGISTERED,366e36abf1b72f363b7fed8e1393d3ee27464acf1dc257382b46ea82d3cecb9f
R01345,OTHER,2026-08-31,REGISTERED,f90a77eae847a7d3eb8670e6aebe195f9953b966026c5e2f4eb575822ba0d143
R01346,OTHER,2026-08-31,REGISTERED,bf5ef1e646a4de1039eb25bb1316b8602d70edd68a026ec185ba4f6f8fb44da2
R01347,OTHER,2026-08-31,REGISTERED,fba637b75fc5b2a651887a24602b0167f3d470dfc864071f4a5c018ff82cbe34
R01348,OTHER,2026-08-30,REGISTERED,4b1a8af45238f9285834f0cb61d53d6ee7a0f5648cdc05d4e8de8f16f0b41883
R01349,TEST,2026-08-31,REGISTERED,49c4281d81d60b2366e824b85e263fb15a30bc05cba8c7cfa049fb926d421c80
R01350,TEST,2026-08-31,REGISTERED,f07882a3fdd3f9a8a900ac9bfe4e8f16abc63185b4308b916804860d3c0135a5
R01351,OTHER,2026-08-29,REGISTERED,97df029a5268508406bd767040615011688781d0dcdaa3c87282e78956c3cd6b
R01352,QA,2026-08-28,REGISTERED,f3fdfeb8814dfa222a2b14c09161ae5fad0f22f48384b5284cc465ceeec9441a
R01353,OTHER,2026-08-28,REGISTERED,4cfcc7bcbc335376e481bd99e110813043050b943d33c7c3c57a1db3bb0e16a9
R01354,OTHER,2026-08-28,REGISTERED,88ef9a647eb39f8154a52f23be048fdca5d07ba693aaf9a5e1d965fc24ae93d3
R01355,QA,2026-08-28,REGISTERED,188dda3997da1a60bac0083b1721d2d6cdff6add5fe973549cf79009e649e170
R01356,OTHER,2026-08-28,REGISTERED,5e728ef320ead8bbc907ce8e7238b07a998890c889aeef3d48405e16d5b61db7
R01357,OTHER,2026-08-31,REGISTERED,b9dceb8e31eee4314b8b6fda0f1d3d4abcfcf27bffeaae8e5b6af8dfe7d21d72
R01358,OTHER,2026-08-29,REGISTERED,c288c60dd9a0516ef69a3e8a548d32cfaed0bb43f3af2030a85610997793b3e6
R01359,DELIVERY,2026-08-29,REGISTERED,caf83593d82ddb44b590b1fc6467a8ad9b4dad2d262bb986d3f42b7b0d79ec25
R01360,DELIVERY,2026-08-29,REGISTERED,7f09f720286736b1f7a57bf6d13213287d1b741d1dea65ca79030cc25a8f7a57
R01361,DELIVERY,2026-08-29,REGISTERED,e8335ebea9a2abae8171ad497fe3da9d289c3415dfb26aeb1b5b58cdd18cabdb
R01362,DELIVERY,2026-08-29,REGISTERED,60e1ba5f1905182fa527b523b469672435e2b83e4acbf1e83867bd144951d7b2
R01363,DELIVERY,2026-08-29,REGISTERED,ef0403b06769d6cc713f21ebfe0e8a43fcf0dbfd4e3e94d152a11988bc570f7e
R01364,DELIVERY,2026-08-30,REGISTERED,5b857b28917fd364a52615773761a639a198a63110157a291face35ac25f5ce0
R01365,OTHER,2026-08-31,REGISTERED,fe54aad373f4f653eb1dc5f3b583cfcfb90515b7e4dc5cf266e3e35e84a1e180
R01366,OTHER,2026-08-29,REGISTERED,8755640c930fed7c22534d69a5246f01ba142ef93578f4ea68d276375ec4dafd
R01367,OTHER,2026-08-30,REGISTERED,92760a9be7cfb3fc91931a7b47fde879d99c26ac5f21c027a4868c4ac4fdd199
R01368,DELIVERY,2026-08-29,REGISTERED,d01fb9b1bd57b1c65d78c3b21526e9b7170b8e8d4f819b96f6ac9f59fb8980e9
R01369,OTHER,2026-08-31,REGISTERED,281b98f08433f5f66dc08e29d080a861bda00f44d283feb1a9bddb76e60f5e65
R01370,OTHER,2026-08-28,REGISTERED,638d730586e92d4c88f2c13bfa1811351ef40f3d162a84ff7879d142e9c98fea
R01371,OTHER,2026-08-29,REGISTERED,780e38d6f44d31f5908fa950442ce2dac5b6aa97c0af2a2b34ecb49b0ccf6709
R01372,OTHER,2026-08-29,REGISTERED,a70b8e5db733fc283bc3f72d73153698e1c58fabbcda9e5d9d9fcc61b1652bf4
R01373,DELIVERY,2026-08-29,REGISTERED,38c53b1150d9055a289666a71a587e0c7ad53f6183a2d73e20a9ba4557244daf
R01374,OTHER,2026-08-29,REGISTERED,1ababa6faa99e8198a1a9a69d78b51c410858475ef75d402403b44fcf684a348
R01375,OTHER,2026-08-31,REGISTERED,2e37472582b37dd8c1ffe4eb581a2461084e4bfc5a1a20158e38bbf8063c7714
R01376,OTHER,2026-08-31,REGISTERED,464eef995c51b48cf5544dab8437ed554de33984e4233e4d869df17b52eb5720
R01377,OTHER,2026-08-31,REGISTERED,40a59ad12b8794a49b6cc1bb8ba66cf011cdb7b68f6b0055e047ea01d00eface
R01378,OTHER,2026-08-28,REGISTERED,dcee1d6236d580f8b280b08a2632231904cbad3f035427443f21c3053c51f4b5
R01379,OTHER,2026-08-31,REGISTERED,5faeae5adf0e71cec389e92d98a21b7e35f57b4172b38036ec2eb6404ef8610f
R01380,OTHER,2026-08-29,REGISTERED,a9f19d218ab93f4c960899f0ca5ab6cdb00f708545574e6269d44d49aee827a3
R01381,OTHER,2026-08-29,REGISTERED,6ec636f26cf5e2e6c5b7e8aa1a24c04a87636a07d68c21b0f14f12846b5040dc
R01382,QA,2026-08-28,REGISTERED,191f7bd8e520066de43a1eba6b7c218776cbed3627f9832c02696ebea82d6370
R01383,QA,2026-08-28,REGISTERED,95fa9e3e8f9e52e3ed5f522acf0aaf2bf185319aca86b65ff4ec138f0cb80409
R01384,OTHER,2026-08-31,REGISTERED,43d4c6db5f71b61cbb7452c5bced65fa6847a5753de9f0b4822c15a60940f1e2
R01385,OTHER,2026-08-29,REGISTERED,ee571f1b5ef8d27240d5678451fdcbba650e5011b7bbb6cde34f2a587e4aa498
R01386,OTHER,2026-08-29,REGISTERED,a1af8801df3fffc0795bd63b25a6d5a94036f7c569cd62165c4d912a01439165
R01387,OTHER,2026-08-29,REGISTERED,8ee16fd2e3e385ac2e38e3cc73b7c6ef0b89447d2639eab887a48b298b708bf0
R01388,OTHER,2026-08-30,REGISTERED,4cfc004b52933b8b30b0d648cda4b96cfca13cb835c4ada910c50a363f4ea61b
R01389,OTHER,2026-08-30,REGISTERED,7ab38b3496f82c24e87e74cf0b478b93e744be1d6075af3f738430cfec246d8e
R01390,OTHER,2026-08-29,REGISTERED,2b19d31046cc5bbaaeeba66cf042a917e31c0ea2454f0e88f96928d5575ba0fd
R01391,OTHER,2026-08-29,REGISTERED,f24d00bca1be638208dbf0dd18047264e3853f3abae0442ad81a994cb527eec0
R01392,OTHER,2026-08-29,REGISTERED,7432c845e8c67b094c97ce4e63a58f81f1558244d9f3a1fc343cb07af82c851b
R01393,OTHER,2026-08-30,REGISTERED,b8ea4c2709a6bca9d4d33da8d0375da65c9a118185e7aac9eb433d6008b3a6ee
R01394,OTHER,2026-08-30,REGISTERED,46de711c1a5cbe20b047045d5c2aa7604d4f133c8a87b051c6fe8d10a6616fd8
R01395,OTHER,2026-08-30,REGISTERED,9f17cf86f062fc6e2f6d13e22ee26981e0ed52291e940bccab0482c58a918fbf
R01396,OTHER,2026-08-30,REGISTERED,ada1b131eab8bd0254819b9c951cd5dccdd8db1a443fe8d70af10157b0a6c227
R01397,OTHER,2026-08-30,REGISTERED,177e6da9b9c3d91f71b2c518d853e9e735a99828f773ad06699368e57cb26f03
R01398,OTHER,2026-08-30,REGISTERED,68b3ccb533630725516863b481b24a3a80ccf47909616c0678233e923d35e0dd
R01399,OTHER,2026-08-31,REGISTERED,5541e20f6f32e9e7d022b0c900663106132e72ace33b7d4b661e7f668c039120
R01400,OTHER,2026-08-31,REGISTERED,e4e1f6f00d5875f1f54b052f3c51d01e598da5ffdb9606e22f1d92c8a4aa453d
R01401,DELIVERY,2026-08-30,REGISTERED,27db842d63ba9a9e6ab15fbea6a539189df503fc2125498023a0b9bd78dad38e
R01402,OTHER,2026-08-31,REGISTERED,87caa9f9780a8b629c6ecf376a90259311fc3ac1023eec19fc6454b7c6b3617d
R01403,OTHER,2026-08-31,REGISTERED,0d81d3cbe5ebd29fc669ac4d0f2bfc4c32702d96773d8c83709fc38e7ed10c3f
R01404,OTHER,2026-08-31,REGISTERED,2aa695d00baafa4646758aebca6174bca40606e1ff003a8759137bdc0aa49ff6
R01405,OTHER,2026-08-29,REGISTERED,c36789841ccb6ff1e3455580f4e809f3d587abf89d0e0c1d2b89ba7489a0209d
R01406,OTHER,2026-08-29,REGISTERED,522c071f7f15a100ab249bd0e853ac52ffb32e0a5e67822b18e54bb7b924096d
R01407,QA,2026-08-29,REGISTERED,56e668df01f675a34df3387d6cea1e2b6e1b61094192c8e3268424671f2a87ad
R01408,OTHER,2026-08-29,REGISTERED,faa6a4aa61f40a68cd94094fdd3f61b52bc35b80a28c884f4f77c97217a3cabc
R01409,OTHER,2026-08-29,REGISTERED,23479f7292200c87c36c123757f60cd7cc2d870eee78dd36a14f5e1a2b5c0559
R01410,OTHER,2026-08-29,REGISTERED,a791df2a4b00da302f0fdb34babe811ab33c428cfeacef9d0501e636d356cf5a
R01411,OTHER,2026-08-29,REGISTERED,7b9225200cda0c1f3ac0f6a08ce6a6d95aa4193c4cbe33856c151351643e2b96
R01412,OTHER,2026-08-31,REGISTERED,7bedfeea140d022f2e8b13fa553e1adb09ef8ebd23657cbbc85f19b3f1d3f839
R01413,OTHER,2026-08-30,REGISTERED,2bb7b1a84155ac1b0a76dd735948ab8426960ccbe722ddcebfd9f6d65445dd4c
R01414,OTHER,2026-08-29,REGISTERED,a1875fb86f167da6149413626b82a2c00a8a467e11eb4e23b80d59f5060ecd0a
R01415,OTHER,2026-08-30,REGISTERED,2cec718d82a8026de78b78267b3638891caf198b299a7f87d946a5c0a6a09ccd
R01416,OTHER,2026-08-29,REGISTERED,3c79ac11a023302e21a0f98761a76252f1a891d69ffa879e73e43f8a745eb52b
R01417,OTHER,2026-08-29,REGISTERED,3a0ab9fb072f5e078275f4158c31fd0e531a105e7bfbaeaa738cc9d9e27abd70
R01418,OTHER,2026-08-29,REGISTERED,b4be8f44f0beaf3d17d75ecd3123aeccb30fa78627c06e6b4440d0f093cee1bc
R01419,TEST,2026-08-29,REGISTERED,3c2569aec5ac0aac17cb009c1fb2407dd8651763aa5c0c5c127d274375e34b05
R01420,TEST,2026-08-30,REGISTERED,b7275a223bb024af10b517eeb760bcb830ac9a819bbaa726c1dbfec561f354b7
R01421,OTHER,2026-08-29,REGISTERED,7b1e8a6cc310561f2d2fa6049fca489695dfae0544640a06669335e547698dca
R01422,OTHER,2026-08-30,REGISTERED,65adede6e5caae36d38c9b6d531bf2f68196d8c824781491dac2a19a1e38ff6b
R01423,OTHER,2026-08-30,REGISTERED,730522b865907e3c451d23f72ba8099635d637bee1ea77a2a6bb093292a415b0
R01424,OTHER,2026-08-31,REGISTERED,e063c3c2d3b186a0fb3ecb2990f35b697eff4fbdb08bba88a002666149d4e98b
R01425,TEST,2026-08-29,REGISTERED,1434aa2557cc6d9e9c2c5594b9371d515e9ef45ddd61dbe550c2feed0e4a8044
R01426,TEST,2026-08-29,REGISTERED,bd8b0e0bc101c8bf55b3e2c5d9b1045b39d31824f73ca053174f784bae0cba20
R01427,OTHER,2026-08-29,REGISTERED,8d916e1c2b90d3aa0866c07b3650786793afa8a6abcc705b21c752e1ffd2dc40
R01428,OTHER,2026-08-28,REGISTERED,cc4940b2c3358bdc22e679db768545ce2530c4d03e20fea4188dccd9da9a3139
R01429,OTHER,2026-08-31,REGISTERED,e72fcf222c61004e0899bebaa27575c163952fa6cee17e0bcb9ad78327b73ff8
R01430,OTHER,2026-08-30,REGISTERED,ca68ea7a5979dca6e754c4ae6b5683a475d7ec09bbbcc188d7bd1722380f10ad
R01431,QA,2026-08-30,REGISTERED,39417752a4cf452e43f173ec10ae36ec7c62d3af2f7402a6bd77fbd7f90bf918
R01432,OTHER,2026-08-31,REGISTERED,d968245455204e551aeba68250f752e7e6207bd93847bec09cafc7ec16ad3527
R01433,OTHER,2026-08-31,REGISTERED,d24c0f0470d22eaabc0e23179f4b305e77eb4ae7ebca842c40723cda165a3f26
R01434,OTHER,2026-08-31,REGISTERED,cd10aba765c4880df80206c18c4301f015700828d3b8d83ea7c5305c8232537a
R01435,OTHER,2026-08-28,REGISTERED,4d4b509bcc520bedcd27aee224bb11b36297d91203666f6514d19b10d61d23bf
R01436,OTHER,2026-08-31,REGISTERED,64ec0fabd071842609c6cc72c0949c3be32bc015b3d031b045fb8ed255314cdb
R01437,OTHER,2026-08-31,REGISTERED,cb832e59f1ab499df5c99c8f35a950f015dbe080669d2ee420e20c0a4699afac
R01438,OTHER,2026-08-31,REGISTERED,cc8f0b4071d4750cf3c97f87b2db940b05427b421e9367422f55b664f36d3a81
R01439,OTHER,2026-08-31,REGISTERED,6b775998d6955574b6cea1ed8495672b56f0e09a00c99e1060b3f5fb119ef11f
R01440,TEST,2026-08-30,REGISTERED,c7e8d963898ca97a39576a15f11480868c8c759809ab013bc713f3c9b483cbf9
R01441,TEST,2026-08-31,REGISTERED,6032801ece15fc913e3b194cf2dbc673fba190d4d0f818c53e657c3fafc35207
R01442,TEST,2026-08-29,REGISTERED,a11c80d94e8bdaf8dacd4d94021fe0a9d5a44fc1a68cd09d08efc1ad94fde2de
R01443,OTHER,2026-08-23,REGISTERED,86f9350dc4e5bc4c5281cf07ded378d58a9d82761171edaf24b0ef8c209b2187
R01444,OTHER,2026-08-30,REGISTERED,444dc4ab0559709b313654703ef7594559197d68887436f0223ad4b90ca3bf98
R01445,OTHER,2026-08-28,REGISTERED,11ddab7b3321bedfc04487e9aaa0147ecc339e1800f013a3cc734a8bc8088541
R01446,OTHER,2026-08-28,REGISTERED,bc718458e804af1778684a087a0469de4bd1770d366a673014e3c7525921fc19
R01447,OTHER,2026-08-29,REGISTERED,4bc40e2139c6e0244a2171e6edb4065c0bb3440149fb669795778a51d012dfd5
R01448,OTHER,2026-08-29,REGISTERED,81e9992d6e6b90e0c6d74b00b73442347111a2e4ea12030fe5e3de9115902bf8
R01449,OTHER,2026-08-29,REGISTERED,3755d5287289818ac18af6a96d77476e5ddc5c73ca8cb55a695d7759917e6c5b
R01450,OTHER,2026-08-05,REGISTERED,90aaf17cb78db535cac87f45be15510f302f99ccaa26cba3ce2b68b37d3c0803
R01451,OTHER,2026-08-28,REGISTERED,a58b176efc91b2c54a8fcf9410d95a22e4c70078aeca4a644a1a370bd86a586b
R01452,OTHER,2026-08-28,REGISTERED,0841c8061b15c57329b79f82b6e361149f310a8d284f5008f6d7d6de7e32f592
R01453,OTHER,2026-08-28,REGISTERED,cc2b4344c82177372e878f76016cb21ce13d890551e0b4ee18ffcf7b356fd847
R01454,OTHER,2026-08-28,REGISTERED,e058f6f1bd95c38c6d4e74c35a832ba428876c3d160d861113791a47b11edee0
R01455,OTHER,2026-08-28,REGISTERED,67945f2a3d21077920555471f17baf632f860e62b1d3b074c5f3852258efca41
R01456,OTHER,2026-08-28,REGISTERED,a738bf4e6fb64996082d3c1706950f95baf3ae2613580487532af6084736ecdb
R01457,OTHER,2026-08-28,REGISTERED,a4162ba6eaf3f0d70e90ea6c2403090fa0a05040b8e98280c0a0c7cbda0f2d9c
R01458,OTHER,2026-08-28,REGISTERED,d6db917ba39fae20d0b993075f6aff9060a7c25aa47cce272ff953ad46e7fedb
R01459,OTHER,2026-08-28,REGISTERED,f18fc4e3430cbdfbc4d17b63da62a0342fc7405a7b26396ca4a66328fb189fd1
R01460,OTHER,2026-08-28,REGISTERED,b65fe67bedaca0ad587c2e47b6a20593e1d9b4b25774f0d320a5d1f55f270540
R01461,OTHER,2026-08-28,REGISTERED,b5483031be69a0a10532b08511cd1b13613ca8e681c7c1e4d1de397b2bfd1044
R01462,OTHER,2026-08-28,REGISTERED,b24bbb13293cc5bf0b6e9c210d24356affb248ee9c35486599ecdeab4478fcef
R01463,OTHER,2026-08-28,REGISTERED,28ec800dd06e7abe94135f227f27c071bff769e822598d1561093c86e675792a
R01464,OTHER,2026-08-28,REGISTERED,31e046a2caa215764b52e75a923350e16a823dced11a23a02deb457eea64b486
R01465,OTHER,2026-08-28,REGISTERED,f9eda77f021788bb2f8f1a744de45bbe8c2741e3ec8a31d3036f2762f1956f37
R01466,OTHER,2026-08-28,REGISTERED,6fdeaf6677a4dc3ad71c41633dc95420b19917d49ae1c2aabfcf05031c51efa0
R01467,OTHER,2026-08-28,REGISTERED,734dc356a08e0f4ba39827f076f2372897fab2ef5c94c4738631006ec6fca877
R01468,OTHER,2026-08-28,REGISTERED,9b2540bd5c341879919d2bc5910ecd0097e29b8ec48cccf1b56bb0cb5b40e0a8
R01469,OTHER,2026-08-28,REGISTERED,83254165843a46a86b28d7a2175e967ffaf1ce2a704af57f0f22918da22f7605
R01470,OTHER,2026-08-28,REGISTERED,71d34067865b6098b41f52126b8246c4d85fa00fafdb9c61bfd28c97a2a0cf8c
R01471,OTHER,2026-08-28,REGISTERED,f6ade1d4fb085b292b3cc7a136a77bd562703c8574863adca62bf9ac71b47185
R01472,OTHER,2026-08-28,REGISTERED,545adb15711bf551826a368338d0ecfaff9ecec046c593e7744449ff27a65696
R01473,OTHER,2026-08-28,REGISTERED,036e73dde7c46bf21739114359ec0b3f5bee3ac470f8334cfbf8ea6802f6ff82
R01474,OTHER,2026-08-28,REGISTERED,1dc8ba22148c0177cd516396bfcb915b98d42bca747686cb993116f18c2a7dc2
R01475,OTHER,2026-08-28,REGISTERED,b99a186af214fa8d577e45d94c60214db45903fda7e24f42bc2d0eec73c456aa
R01476,OTHER,2026-08-28,REGISTERED,530794efa900ff8fe0782b4c85c32b68d1a16c7e5bb25fb159049e6538cc10cc
R01477,OTHER,2026-08-28,REGISTERED,6a4a4294df140e47e547aa92e102eb9adf37482c6bb82706a6683b5ae262ab89
R01478,OTHER,2026-08-28,REGISTERED,d80aba95293dce7dcca9d43ae0c010a8b60843f97f0d6a3ea9cc54ed06277037
R01479,OTHER,2026-08-28,REGISTERED,f2b5e20caf69a90a36f1b8587cf22bc7744aa978404b73a68c87350fb824c3bd
R01480,OTHER,2026-08-28,REGISTERED,dabaabcd9d7dc94fd43d255219cce07355955969d1ff38025126885629a07af8
R01481,OTHER,2026-08-28,REGISTERED,51887d2118028442ece7e9de26930af4f7d5a770b357e2cac9e32a238eccd266
R01482,OTHER,2026-08-29,REGISTERED,251aca46e83a569c930c233cfe2a0b7b063a17a767efdc8c4f96b2e047c0df58
R01483,OTHER,2026-08-28,REGISTERED,61d860b89ef54040bbbaced640cb9f8ea6aa4fa06d2b5470486b072efdac1602
R01484,OTHER,2026-08-26,REGISTERED,9e962d38425d79f9ac7d49367eab6b033efb93182af9f2156e1d68632b0a192c
R01485,OTHER,2026-08-26,REGISTERED,c04ce2982b4f6f4af4316853aec163e3b22031702f48ef43a1bec38b0bee5c7f
R01486,OTHER,2026-08-26,REGISTERED,b06116760ad4b1dabc0cd22ab107dbf142984d64544ce914244876ba3a11b5dd
R01487,OTHER,2026-08-26,REGISTERED,d6a864181de374f9743253f4553161eb1fedf51dbecd13fdd8a8f5bd4d62e1da
R01488,OTHER,2026-08-26,REGISTERED,2bcdc9f7c8253022a3a17ec4637b3fe6188c6dd04c68b6bb5aae393eb8d52ddb
R01489,OTHER,2026-08-26,REGISTERED,2289fdac09a690750a9572541f55a65b25544deec694075f7bf91e84c946cd58
R01490,OTHER,2026-08-27,REGISTERED,dea34b5c9f402968a706436378664c3be94eee9194838a576205220d823cc9b2
R01491,OTHER,2026-08-26,REGISTERED,bea79073d176de5da4c2306de20113b08f5cc82afdf8ba26f8a60664b4a80ea2
R01492,OTHER,2026-08-26,REGISTERED,8ae19564ad5d1c3fecc38d254ea0d0f001d128fec6818248727b76c999a97cd0
R01493,OTHER,2026-08-26,REGISTERED,9a97feab24112d46b5c368acb9a3fb4f50c7dcdbd872624b458b01b354f9ef2f
R01494,OTHER,2026-08-26,REGISTERED,6a20c7caafe0c432af52acb8a7455d102cd3d38294cb9cdbfc8e0d27a92ae4ec
R01495,OTHER,2026-08-26,REGISTERED,dbe5bfd0aeacd3685a48ee5194bf70d71bd3f8cbee4ed4233ecf428d7932ec93
R01496,OTHER,2026-08-27,REGISTERED,dfd75cd75b10214b52a8704c6358bba802ea72723a595320847fe436ad6603ac
R01497,OTHER,2026-08-27,REGISTERED,aad9f8a3824f1a03fbe693677c972a9419818c3558da4676f94ca3bedb985ff9
R01498,OTHER,2026-08-26,REGISTERED,32d44402b3b61be155418b13f906a333563f15a5668c7cdfb7693ea2faf3f24f
R01499,OTHER,2026-08-26,REGISTERED,cf46b070be1afa23590a060a7b10268ef16c881fcb3a6b0323190c1c207be338
R01500,OTHER,2026-08-26,REGISTERED,5d088c3345a7e4851205e431954c51ea95725136b3d41659a3fe4b0ff07f58f4
R01501,OTHER,2026-08-26,REGISTERED,f72fac4553bf9ff04b2218eb7cb37a2fa08a035b587884a1f44cca3a350ebbb3
R01502,OTHER,2026-08-26,REGISTERED,69363a9298ddc24567716c9816697394702147556208f8ca6da78948e01b4051
R01503,OTHER,2026-08-26,REGISTERED,0847b4cc92f53ec531d180bbff7e4adc1571f7a4c66ea07f38d7690c051ba331
R01504,OTHER,2026-08-26,REGISTERED,00deea01a99ad9b750d9e4e5aae1f3739fd0c10235227a39d96b75f21710e6e7
R01505,OTHER,2026-08-26,REGISTERED,eb7953df5aa876cbf50a23b45ca3f4d698d72a252ac17d3650a781a7e4a3868f
R01506,OTHER,2026-08-26,REGISTERED,bad291d340ad5b7bb87c5b877d8a2b6d92297db6cd16d2bd33edbb868905cae4
R01507,OTHER,2026-08-26,REGISTERED,c7741d83033eb146c9788843983a6369619366314a1c87c8de281b2a9dad55ed
R01508,OTHER,2026-08-26,REGISTERED,25c700135b360c024b81513c2a3322e3087af12552e5feab04434b892fe36ab1
R01509,OTHER,2026-08-26,REGISTERED,ecbf6f7678900c942c6d4b8eb4ed6c2f1f8c903028a6d57a6d1c2e0f8ce52530
R01510,OTHER,2026-08-26,REGISTERED,44be6f660007766383699bfb3bec159ac77fe72dfd475b492524b4950abd9eb3
R01511,OTHER,2026-08-26,REGISTERED,02291f92cd06a19ea4182e8072b578244f4c748ea4282df91730e50e3a9b3a80
R01512,OTHER,2026-08-26,REGISTERED,351dcf16840459db02bd1768acb47093a8d20f560de00b21a6c22d262896534b
R01513,OTHER,2026-08-26,REGISTERED,16196eef54b986ef992a2fc6b2588c4c17a5d75c738f50493385ec560b2a866b
R01514,OTHER,2026-08-26,REGISTERED,c20abd562504b9d943b06b618f45650955a2abf97efca41645543c176ff5e192
R01515,OTHER,2026-08-26,REGISTERED,8e97ba7a7651a80dd69cf3481cb7b746b5633429ec86f300cfb3c000ea253012
R01516,OTHER,2026-08-26,REGISTERED,4d0bdfb17c2b5acbb12e2f6412e8535b11f614e6ec3068e0d2a1977174d5116a
R01517,OTHER,2026-08-26,REGISTERED,f5a51ac720094955360db00384324d65d56126c84686276e440f91dd8f0577cb
R01518,OTHER,2026-08-27,REGISTERED,14b9d3105036b31ca4788807c51342f54765fdfb3a501309266a40658803342c
R01519,OTHER,2026-08-27,REGISTERED,c3d7f1e1674d67041f13eef09cae07d09113acbb8f80d909dbb98453151663e2
R01520,OTHER,2026-08-27,REGISTERED,7994eb9f48a4cd9126ae3e1e39c041c8fc022b1a1f00ebe2c20388ab70adc0db
R01521,OTHER,2026-08-27,REGISTERED,c9cdb768e18824a84cef963a4aca0c6a03d670f95f5954f0d4564fe29d7b5794
R01522,OTHER,2026-08-27,REGISTERED,f6f7b4ab5cf7ed95efd34e960d3c3811f4de79acc18afb160f444bf2af354ed1
R01523,OTHER,2026-08-27,REGISTERED,b508cea2c83dd6be41d4917d2a3ee85a08a187f99201f02dfa0ba71a7fee0eaf
R01524,OTHER,2026-08-27,REGISTERED,8ece85111b358121be345b538e28ea438f5f93e1de1b96cec28ef320dd316b9a
R01525,OTHER,2026-08-27,REGISTERED,00a189cfe921a61b883b9c51b935adc83018ef0aff6340464e72421249cdb594
R01526,OTHER,2026-08-27,REGISTERED,c2c0852c1c8f4e1a542dd8fd557755b09fd8c3679a4ea168deb3e352f3f3086e
R01527,OTHER,2026-08-27,REGISTERED,e41a2c6fe76c6861c321f3df6adef2f03126a628866ae2b1591c98eba5992120
R01528,OTHER,2026-08-27,REGISTERED,c4d2baa2d0a29d7bd797a24708737393e791b9722d42fa4bd1a37b0839f7011b
R01529,OTHER,2026-08-27,REGISTERED,c378958f44e15180a678db42585d8c364ccdc9436b913cb0ee64bba2d654fc8a
R01530,OTHER,2026-08-27,REGISTERED,e9e227e896f6051eedff68f20ad75964afa51821af80f1f4ce88db8ba555b8be
R01531,OTHER,2026-08-27,REGISTERED,a09f9427d3c840e44ff4ceee95f611adaee109471ac7cfab1a868ace6e3f5731
R01532,OTHER,2026-08-26,REGISTERED,94925daf2368d8ae87825dcfd2e49dd85a12d94099e50953d2d9868953303a5b
R01533,OTHER,2026-08-26,REGISTERED,c1feaa6eeeec157372a9c085adb4fdf6f66890b7ec626aa017972b38bab969c2
R01534,OTHER,2026-08-26,REGISTERED,b7a6cddb0f2cdebc7851438ec4cf3d248850a9a2bbb3b5a34bbd648011405a40
R01535,OTHER,2026-08-26,REGISTERED,66418c9f47a1638560e7b050b41487e9cfbcf28322fbd50a0c87d8d3369d46e6
R01536,OTHER,2026-08-26,REGISTERED,b0339b524b5a2147040c257f30664a2b6a41ed7a4d3c3dfda14120085b1e7ff4
R01537,OTHER,2026-08-26,REGISTERED,832ff66b5c4405d4ad090df9daf7d3159f8f32a53f8e6d568f35b0318a31e80b
R01538,OTHER,2026-08-27,REGISTERED,4112c4f044961b5ce7f91ea774cfff1f9a25f500c5e07685598caa5810e6f599
R01539,OTHER,2026-08-27,REGISTERED,a81cf6f01561d6f5c60f31d33b17c42a51568083e027b3e6565954af58096ae7
R01540,OTHER,2026-08-27,REGISTERED,a0cee389fa725d50970b3823cbc636078583137d5296c0fc5bfcc6261828ff5b
R01541,OTHER,2026-08-27,REGISTERED,c33e00f116dbc1528ad50bc65f2b9353c9ccb0c6f1d3eacbbf494d654b81d149
R01542,OTHER,2026-08-27,REGISTERED,408f84c673b203ac54cff57e3e932bc48fcc50c0cedba5ec6782c5bef786114f
R01543,OTHER,2026-08-26,REGISTERED,8d9da4f373c2c2b0d183fcdf8b834cfd063133001853d875a04b6f74605fa1ab
R01544,OTHER,2026-08-27,REGISTERED,9f8ebcea924192162724df8c2a0a26895e62f896986df880418d68fc6c53cbde
R01545,OTHER,2026-08-27,REGISTERED,7672936c26c9e3872170a86607dfdd5a1edce8f4d081e7dc62038959995029b1
R01546,OTHER,2026-08-27,REGISTERED,150ec5ae91f50394aa8ddce7062c6c542ac23251602d24c5983ef5f81dbaf777
R01547,OTHER,2026-08-27,REGISTERED,6754292382c6c1f537e769dd4314b2be2411fdc10723987e91f245bf464977b0
R01548,OTHER,2026-08-27,REGISTERED,611c326a6afcf6938ee6ad20d73f21bb8646c7b3729c67231f10747bcf6024d0
R01549,OTHER,2026-08-27,REGISTERED,d847a9874d3802e5bd6535641c5cfd61d98bbaf7d4cbd6edaeb7fdadc8247fca
R01550,OTHER,2026-08-27,REGISTERED,ec31818f3be8beb3a5c7cd4425100c430b432689ea0c9feea70340c4bd3c7239
R01551,OTHER,2026-08-27,REGISTERED,be3805c551446751af263988565f6e5f96a73e66ad427494c1bc91e0902e8e56
R01552,OTHER,2026-08-27,REGISTERED,9b4e721b9df9c33e358e1a469761d14f4fca7e055be216979d9bf9890e4dcec6
R01553,OTHER,2026-08-27,REGISTERED,40bbee37cf4754d1b6c4022113542105da493d90f35f79a3b3dbab712806112a
R01554,OTHER,2026-08-27,REGISTERED,36174854d27f23098c34ce4880e24332b9d10c167f783883ba84449cf48f2041
R01555,OTHER,2026-08-27,REGISTERED,e97a3ad389c927c1e051f94e979e47fc7e5fd1e13e0d883b4d7bbd45b9783516
R01556,OTHER,2026-08-27,REGISTERED,5ac24101efd97c1fe90b52b09a11836888d5dd71700e4762771f9790440c3f28
R01557,OTHER,2026-08-27,REGISTERED,03f9185df16f963953d59b7fcaed91585d81893d0bc0a8b7ec2180cdcf73ad4d
R01558,OTHER,2026-08-28,REGISTERED,50596cb2cd74ad631780cdf0935f579161daea8c48b55a71f3b4fb783630be32
R01559,OTHER,2026-08-28,REGISTERED,c9f30461c7d091dd220f704d0d5b2538f43ed86dc304f799cfb3c4c2c1f2a945
R01560,OTHER,2026-08-28,REGISTERED,c636ef1476671971b4c5bab88b5ac245ea0f35940a32ab4b46650fd95d7091d8
R01561,OTHER,2026-08-28,REGISTERED,cd62265982dc1248e906c0fe6a08002b3ac9132279ff181928cd2e2281b0c554
R01562,OTHER,2026-08-28,REGISTERED,4fba500d26d73b37c805db1a604027e620f5b0ef1587e03b1701487777e67935
R01563,OTHER,2026-08-28,REGISTERED,a083c3f07ffe5200edff74c95979f11a2673eb09d752b32062d1e312e4fc880a
R01564,OTHER,2026-08-28,REGISTERED,6ce3ff3246bd6e26f6e01d418c3ec6fd802865a19118b0c804eba131ad6ba8be
R01565,OTHER,2026-08-28,REGISTERED,7e65580c2044c3f91d29f600ba1444d34eb5dcf0ee21d3ab996329ff98a1346e
R01566,OTHER,2026-08-27,REGISTERED,53e551d7366216d7a1edba62fb6bcee0f2b87c0c95eaff82b56bba37ca6cb626
R01567,QA,2026-08-25,REGISTERED,26a8957f97e691ed9a2f9b3b557f9f626a8426047693e013ba76c3927bc532de
R01568,OTHER,2026-08-22,REGISTERED,4e2b8b5ebca0118209a1aa269ec2d05ed60f441ac0a57bf06105ce95d62796c5
R01569,OTHER,2026-08-22,REGISTERED,e342a7e92132d39c4c908bd433fa91e1a486bff4013633709cd3f9d96a2975a6
R01570,OTHER,2026-08-28,REGISTERED,6add5d51e310bc700879d6a6efc87be49aafcff809853db09f57cf2541e124c7
R01571,OTHER,2026-08-27,REGISTERED,5fd7a51f17c916f859d55fbce7a5719c4ba7bfee3b102bd527790a26d47d960a
R01572,OTHER,2026-08-27,REGISTERED,b8e5172b5f8f65e3add511c1c19ece80eb3120f4626a8a058abf897c48114a00
R01573,OTHER,2026-08-28,REGISTERED,83ed228990ed2c63c61c5024e863f736338dab2e17fc5d5f9bc37010487666d2
R01574,OTHER,2026-08-28,REGISTERED,6eede0a107ff0d69f4f644ac6bfa0aedb7bc416ecca34f4dcc745273e0f45630
R01575,OTHER,2026-08-28,REGISTERED,e47fd2d58d89d3dd2485823093cc89a533be1c380283825df5ba0bef7fa673cf
R01576,OTHER,2026-08-28,REGISTERED,e08904fefaefc2a901ceb492938110696de6d499e38d76b97bf904364f634d86
R01577,OTHER,2026-08-28,REGISTERED,91e8d5732661f7d98dea624f289d5e9fee304b781bcf33998c44a52881408728
R01578,OTHER,2026-08-28,REGISTERED,67c232d28a6e6ba74c90fa7a04e7be3da468c092982c87c6c3b6998cc0ae373b
R01579,OTHER,2026-08-28,REGISTERED,9658aabd3d4f49d2b65c9ced3865c570aa2d05378d69e721e9168e858ee8a17a
R01580,OTHER,2026-08-27,REGISTERED,7f9b5f68a1bdc859fa48dd4b3c7082960956c6aefdb7ef0da366bc433aed57f5
R01581,OTHER,2026-08-27,REGISTERED,ba26d7337b323ea5501dfda20afc297e7135d6565e1b4a55430940121c30a169
R01582,OTHER,2026-08-27,REGISTERED,b0ea7ce645d57d93cf519e48fc5345d5e6de5d04f641ae6ead2dd8f8b5737fe4
R01583,OTHER,2026-08-27,REGISTERED,3b6670edd8288bdc7cedab41bc1b7e8c3dea822e5f8f67cf62cf727c465cc28b
R01584,OTHER,2026-08-27,REGISTERED,925074a965970b08e46217c17032057be9c4c18f96aa80d385e55549a65c2692
R01585,OTHER,2026-08-27,REGISTERED,163b2e2cbc354a92e2a2f55c97100042db3ce641943ad07171c553d280c98304
R01586,OTHER,2026-08-27,REGISTERED,3630c0b1a18032a20b0e8940e7cf0482244419e59c4fdf86d4f503cf416b401a
R01587,OTHER,2026-08-27,REGISTERED,23909b6ced916e2be10e685cefe86667a251c01ea1147c2e6f6abe407fe3c3db
R01588,OTHER,2026-08-27,REGISTERED,ac440902bc409415779fd09366d1d14bf512be03c334cd541d6a639e563bc11e
R01589,OTHER,2026-08-27,REGISTERED,ce1fa186bb28e91373c39eb1a07e4e5b606368eb378749b2d8737ac5e3035421
R01590,OTHER,2026-08-27,REGISTERED,71db715089951c20456e403a47379e53dd007b5bdc6a134c030b77e1aca5e0aa
R01591,OTHER,2026-08-27,REGISTERED,e037d92c8d7373050fa363d5a69c08ff6b7e23fbea0e96a80d813cc8c5014767
R01592,OTHER,2026-08-27,REGISTERED,d2c472755c95d7d98303d990256583c6bcb445e5b29b0b3e1bd900237654e503
R01593,OTHER,2026-08-27,REGISTERED,a5fd72afee94a00fc7a3b983223cd0eb1663e3a43143d2a176f6be358f7fb429
R01594,OTHER,2026-08-21,REGISTERED,87778ef87f9de3eec67c6a847a06a37ae0a1ba0f48d2da46d368c0a10dee58fa
R01595,OTHER,2026-08-21,REGISTERED,3e67d9b342d486b96b44e30e0cf6e96dd85ec6d950ef2646266263689d6c08dc
R01596,OTHER,2026-08-31,REGISTERED,a9ad371088b8105add9ced69e04516aade1049c9df5efb68636dc7269ddbde97
R01597,OTHER,2026-08-06,REGISTERED,cb4cceb0f21e19af63007aa420ccabd38346f971d36119c8df563a411ec6f0c9
R01598,OTHER,2026-08-28,REGISTERED,71ffaa19ff065e19ad63aa70bb6eb11cd07dde86864f9d3c487e0d4e866dc229
R01599,OTHER,2026-08-28,REGISTERED,7e30a1411c18cfb352c48a5d780e9b493700f20c8e97093e096c09d95d85a934
R01600,OTHER,2026-08-28,REGISTERED,259e175fe9baa9abca07f2b6895578e8c0c83d8a2667d89d623266a8f49184e0
R01601,TEST,2026-08-19,REGISTERED,90b4188f94ac136ea3f64431ceeab6550e39e94e05604ed023c863a7f4abe14b
R01602,QA,2026-08-26,REGISTERED,016dea061d162819d95bead2232eb26d6566631c38f9cfe96f2f7761b687762e
R01603,QA,2026-08-26,REGISTERED,42db20602b7a0561632fe30c151d591ad8d04d9fc3cec0911b9b51040e3b1f43
R01604,OTHER,2026-08-26,REGISTERED,2cfc98b7ced0e0b3fee0f16f2a125ca0dd6d25600202cdf7d2db2df9de5280e2
R01605,OTHER,2026-08-26,REGISTERED,584d14735551f54a6a7944d6a105d63bbe3a484e3219a6f204bd2f1596cd8451
R01606,OTHER,2026-08-28,REGISTERED,089788d5c7c068eaf5da9b965c29af07bd370db651618b6a126b2af184ab62fc
R01607,QA,2026-08-28,REGISTERED,86419b80624a51425963f96654132e8a9ef3aa0f1045def817ff1bd008d02440
R01608,TEST,2026-08-28,REGISTERED,c14d5fd0177af2c20cbb324bd0543076a952180bec614f73cc1d8ffd1eb5919f
R01609,OTHER,2026-08-22,REGISTERED,c9ad541906a32bdaa9761e625b086c5e8685343f5d633aa03f80af56e4aa6148
R01610,OTHER,2026-08-22,REGISTERED,0e3e0b480976af105c9d1478ec87c23e252f59d1c01dce39f48b433d5b4a8c4c
R01611,OTHER,2026-08-27,REGISTERED,20314e5236e53a2dfc0312c7e11f2f8fb0ff3d42d1868195f70eabbad139a04f
R01612,OTHER,2026-08-31,REGISTERED,e6f21fa079b4164405f5482d8e6c245bc7658f613732844e7ca57bb92b2d87ac
R01613,OTHER,2026-08-22,REGISTERED,8aa01e7b9dd1dda0d649308ed9a7678d6fdde6a3e43bd9809bd974903edf9e6c
R01614,OTHER,2026-08-31,REGISTERED,ca309e265edcb341ee3d8c7f71560f59489a799da28439c6712691ebca88dc12
R01615,OTHER,2026-08-23,REGISTERED,8c6d6c1d86dc9fa46221c1a1e7729d6a0497f7c9c87f5ced4f8ed036462a12e7
R01616,OTHER,2026-08-26,REGISTERED,de1791c88fd384fe177ef4cd683966f5ad8714b64c6d61ba33458759507abdab
R01617,OTHER,2026-08-20,REGISTERED,09711a3c4862db995a6dbcdbc9f2ddb2b0dc89045d8f56564d1e87f059bf00be
R01618,OTHER,2026-08-25,REGISTERED,17537fff43d2ffd5ecd447b32e7b0da543da626460354300ed003587838bc2e7
R01619,OTHER,2026-08-13,REGISTERED,9b72a63fa02b836a49d3fe882e1b17b25fba125e257cd95d9d657c491c368b84
R01620,OTHER,2026-08-23,REGISTERED,427dd8d7fbefb05a7b218e936a2e3dfe312146cf0b5bb13bd6022bbf4d767bfe
R01621,OTHER,2026-08-25,REGISTERED,388488e2b0983c783cc490bd947c799a80204b063d7434211d0e4e9d6eb7e2d9
R01622,OTHER,2026-08-07,REGISTERED,458c4419d4f60eff729b050fe0932cde7c8ae969c802f4e1e587d910aa576b8c
R01623,OTHER,2026-08-09,REGISTERED,140039e77a1991b02756aaff6d7582e4a4a32bfd7d28dc759fc50596eaaaa9c5
R01624,OTHER,2026-08-26,REGISTERED,5f8d991351a20b39d5bede346f8f947b07f6b97cd3389b9807a4a866a9a899d4
R01625,OTHER,2026-08-30,REGISTERED,0a1f128aee05a89bf7cb6276c2c72711f23da0eb38a248b8b76e6e1c0eb5d316
R01626,OTHER,2026-08-27,REGISTERED,08e2997b263c2f097b02be10cb4e7733fda92c74857b81af9fda23a1fda7157f
R01627,OTHER,2026-08-07,REGISTERED,53f1f1edd1f0712d569c96ed5ee4fc9f3ede37d9d592c2a25a1755441d434de7
R01628,OTHER,2026-08-23,REGISTERED,1bdd4102f8467e1fb1cc1499491e849cd0d90a58f82291e331fcf7192e239bd6
R01629,OTHER,2026-08-22,REGISTERED,9b13080e3d65580455e8d9acf21589923be74ea6f172b24bec47119ff1e46a42
R01630,OTHER,2026-08-14,REGISTERED,e1d126ded2cfad654267a6e70e7d51b2bbb64a8d75d7589677d6a2e23c61e74a
R01631,OTHER,2026-08-29,REGISTERED,caeb4d62baa10973a169658a3cfbd0e5548ec68e66b0f64738afff1ae139c8d6
R01632,OTHER,2026-08-31,REGISTERED,392ec91c4958b9eebff88d204850012b0211c559c70c0ed41d87ac9ea1ef3459
R01633,OTHER,2026-08-26,REGISTERED,4c1751e2629b29510ab6e800f018a51e0e688dae9f3cb577b9cad84632666fea
R01634,OTHER,2026-08-13,REGISTERED,3dc1e1df8c6e581324515302160f4248ca31588c374cafac4989f6f6e1aeb35e
R01635,OTHER,2026-08-22,REGISTERED,cd54aeae176a3cafe0aa43c002d30c8469dfabb193fad5f2cbd1aa92e16eb8cb
R01636,OTHER,2026-08-25,REGISTERED,c47edf856bb978b67d779b0c6bbb89dab0d7037cc302afa6db878a4303005883
R01637,OTHER,2026-08-07,REGISTERED,c8cdfc80dee7a2fcbf83f4eb25b43afb26c5ae627ef4221144a34d6aa74044d0
R01638,OTHER,2026-08-23,REGISTERED,6fa2a60cf368e620865aa9cc564be31cd35e79528064f0ba544dc8291ceb3614
R01639,OTHER,2026-08-07,REGISTERED,a6f1fb444eb9e8fd971f49ad18d99bd9237a1dd05e4e00472df68711e9f87731
R01640,OTHER,2026-08-06,REGISTERED,e540e3136cc935c148e340567b3190157a6f6be94d4ca6e9f150ae90b703843e
R01641,OTHER,2026-08-31,REGISTERED,87b03a18def821ac52fe59ee4aacbada831388fe4175a3d333b9e3bad234191a
R01642,OTHER,2026-08-10,REGISTERED,4fd7fb777290c5ecfd2829aaf1af1b84986e97b360f0ae3269535848b8de308d
R01643,OTHER,2026-08-23,REGISTERED,8a5fd6753beee1afdbf3a5528f5f545fb53ee181e18a87e69b2a746d87df4c3a
R01644,OTHER,2026-08-06,REGISTERED,a637a4dd9b6decd7a0def0584a6dd28fedaeda334713032d48793765ad108728
R01645,OTHER,2026-08-24,REGISTERED,6f7a0d02490f943abe229aed7dda75183a3fb5a172ace6db6b280183712a118c
R01646,OTHER,2026-08-24,REGISTERED,a6b07f5270d5a38cb8915681442618454986c1df890fb89ef089cdf2e8e328a2
R01647,OTHER,2026-08-25,REGISTERED,7951c5402ba673dba748a05826c5e9c4aa4907eb2ca3c7f20f3d19ceba607760
R01648,OTHER,2026-08-26,REGISTERED,eefb9408c930d47cfc79e0a1999d7b5baa35d374202783ea901b5816fe10a7d2
R01649,OTHER,2026-08-31,REGISTERED,2006b59b612b04c298db383016adb966401450b65dfb9f15236c358ec694975d
R01650,OTHER,2026-08-28,REGISTERED,7b90d943e01558c22fb979c994979f08f6ea5cbc788e6da6e010fa6abaf1579b
R01651,OTHER,2026-08-25,REGISTERED,a9d663dc63be8785b00a786530f5be1da158fda0152139921971aed1be531073
R01652,OTHER,2026-08-25,REGISTERED,154a568b58a4a19396016fe8d7b169b401bb6429a1492becbf08ba7a853dd059
R01653,OTHER,2026-08-24,REGISTERED,9582e9b2581cba86084404cfd5640a3c5458bd5ae5a75697c653e19aa6c24b04
R01654,OTHER,2026-08-31,REGISTERED,7ebc957fa72c9527719e986159763afe94a91a4c7e2cbc51bb9d1d44f38397f4
R01655,OTHER,2026-08-26,REGISTERED,87d5cbd5b38570411824c21e70e62bb93c858ddae75feee0ff735ff0376121a6
R01656,OTHER,2026-08-07,REGISTERED,abc8b097de7e22a292fc21e1ec1bc8c86ac452914e46b6b8ffaa7e4475cdf02d
R01657,OTHER,2026-08-31,REGISTERED,fa386b7745f526d6bc7101a6bdef795f1befdb8663cc237ca3431d1740a09189
R01658,OTHER,2026-08-25,REGISTERED,55ef092ed3dd2bc9b4d59989c4738f4f64c99aab68e42e99908993b1f26c4bcc
R01659,OTHER,2026-08-24,REGISTERED,9792fa147760e5f733a67a7e56b407305c9ee0c7d1f962ffe9243f856f701cd1
R01660,OTHER,2026-08-25,REGISTERED,20080131d9868760755ce0258a3a77bd4fb6b85572ecc3ac5b5584cd5dd6c234
R01661,OTHER,2026-08-26,REGISTERED,3acbcefaa5ecc2a74d6b9151c67eff42aab1b19a771de3cdf69419780183713f
R01662,OTHER,2026-08-25,REGISTERED,26a9e46de89e6b6b03a80e027b32f1d051e4fa6869bd66b67bdff6d6a2f298bc
R01663,OTHER,2026-08-23,REGISTERED,a49ba7f2939fa73c8b9191e055ba78b332a1c9e8baea2e7051ee3ed9b50f1b0d
R01664,OTHER,2026-08-24,REGISTERED,6bfa981f3d7d3e275dedbfc5c2a107e4b7ac32d5b1e99a87a1c946ba209d214c
R01665,OTHER,2026-08-31,REGISTERED,67b1380d4c7863a048b135190292393c6441f28e15436ae071ae50a69137c8ba
R01666,OTHER,2026-08-28,REGISTERED,de991a9948819a1801ed631ddfc74e69e41ecffbb0aa2d0b28cb360961d4dd70
R01667,OTHER,2026-08-24,REGISTERED,b0b15d06fab9f7b7b9df17e5db4cc4e8cb36bfec52c518457fc3adcfa3f8d83a
R01668,OTHER,2026-08-25,REGISTERED,cdf7671aae2d4260deb27a284dbad064a9643cb0893fbcabb90b1883eba91307
R01669,OTHER,2026-08-26,REGISTERED,d632ab09b491be9cc9fc924de7b211fadbffd402d3847842f9b962ba261ba7d2
R01670,OTHER,2026-08-31,REGISTERED,50a5a9e764e86bad21dd44f1229729375c92c6a0fd4c7e2338bf8233748660e6
R01671,OTHER,2026-08-25,REGISTERED,a00a34efb72b08cd8a19670ac080bbe786f3ece838e3b538170c680f31ddca5b
R01672,OTHER,2026-08-31,REGISTERED,c26166ca312f0c58f49cb37a2dc8860f692eaaea8e5c9e22963d25c1c5b40ed5
R01673,OTHER,2026-08-05,REGISTERED,a82a432d76aefeb9f86978046c7266800406cdd0195744436578699d403efcca
R01674,OTHER,2026-08-23,REGISTERED,c1a1b93cea5aefb5e4f360301f70ed0e2def3914720128754a8eaf581ef1f011
R01675,OTHER,2026-08-31,REGISTERED,f4fb20ab56e9ed4d364ca310dcc6cf1824dc3e730ef27ee159b95ce7f8df2414
R01676,OTHER,2026-08-24,REGISTERED,0225abea1a0d3bbdc17b01db9ded0111519021754f606ea37c711580fc35754d
R01677,OTHER,2026-08-10,REGISTERED,8de52c1fe336c774d4cb87fc286b71df1d606415ac7af2a71463c03151d42cc1
R01678,OTHER,2026-08-24,REGISTERED,1f0b99762edf64abc7d0fc69f43a953d1751906430e9b1b635b82ce7523f00ab
R01679,OTHER,2026-08-09,REGISTERED,488ee8620b05b82d0473e8ec13719ddaaf5d1e7d23c56ed5c8b64af4eb840b22
R01680,OTHER,2026-08-26,REGISTERED,10fef807e49b8fd7d975e1c1fdf4e8fdd54a2f41635f1a6a8202446200f1d970
R01681,OTHER,2026-08-31,REGISTERED,954e356a6926ae85f5c21d54a2a137f3aa83a24e1626fe6750890f41c1434506
R01682,OTHER,2026-08-24,REGISTERED,6d7d26dd9a5fd323409e835b594ee03198044a1360a4ecdf7f312819becea30e
R01683,OTHER,2026-08-27,REGISTERED,40649452ef60920d1fb84e384f91a63f1c65d63f476d6cb362fffac81bf88136
R01684,OTHER,2026-08-24,REGISTERED,083d5888238876902f96c68dee64fac8233a9d1dc554ba646f844e7c9f170e28
R01685,OTHER,2026-08-24,REGISTERED,ff0d2f87fcec2bb285e505be3199ca0dbdd30a11373cb2ac756d0e69400792a8
R01686,OTHER,2026-08-26,REGISTERED,b95d1b2a0edf5c6a6868a0d1d4db251ce71c9a84fedb9b0af76a077e2ee3df2e
R01687,OTHER,2026-08-26,REGISTERED,b88e445b9e2850066deb51b21a7d8bb41d97917d8694becbe7a5f4a7624d0fe7
R01688,OTHER,2026-08-26,REGISTERED,6fbc64c97b3353d744e00b34aae711e11aee7fe0cf33aaaf60df727684205a59
R01689,OTHER,2026-08-26,REGISTERED,d68426b124c5a81d819e8ee6313ab57d27181670dfa770667f945cd8d24c3d98
R01690,OTHER,2026-08-26,REGISTERED,96feaa85f436d12bad7f9c6e1cc771ac61662dfd0757efe5e7c2c23ee8c8968c
R01691,OTHER,2026-08-25,REGISTERED,b8b0c5251a94025722be7d627b4c5d1d4bfa9533c140fcbba96dacb9dee68d8c
R01692,OTHER,2026-08-31,REGISTERED,dca68bb9cde14061bdc2a1178a0a72ee7b0b47f46e4107734e4c8ca16991e3af
R01693,OTHER,2026-08-25,REGISTERED,1c45c68f686e8b77b0841c61e539e37e366409f87c5a2900bafb5851e3bbcfa8
R01694,OTHER,2026-08-22,REGISTERED,bc09130ee89ea9edb2c3a247178294a649f6b77fe69f33f414e3d21e9ac94ed0
R01695,OTHER,2026-08-31,REGISTERED,0df90079aba099fd1669a40b6fce1525f874624499e3f97d9d6c6231410cc55f
R01696,OTHER,2026-08-28,REGISTERED,1e8e9a89f063012a8802b6b6e2aa849e117ccb5b6d87e1babe9dd4772067f43b
R01697,OTHER,2026-08-26,REGISTERED,8fa1733a376657b3b5907bc7b3fe9575a769785faec02e85b3574b8ff26e89fb
R01698,OTHER,2026-08-13,REGISTERED,9e93b76debcce8e14baa4f2eacd16c2a11184c67bc2c4fe80118d921d0390d93
R01699,OTHER,2026-08-24,REGISTERED,0a560555e093e3ab5a95817c91013756d58d2813992ca138c475be6ecd278064
R01700,OTHER,2026-08-23,REGISTERED,10fa667ced8635e72f9bef3fc898a7e7c109f8b5bdedc14d6652ccb41c260743
R01701,OTHER,2026-08-11,REGISTERED,3be87719c920dc171e6e6bf3d7c85ff0de5560049cb18cdb5f9e6511a48e24ac
R01702,OTHER,2026-08-26,REGISTERED,8526cb2d974284195ba230f56675f941a45802df6b44903655876294d5da49fe
R01703,OTHER,2026-08-31,REGISTERED,d4e8c04cdab3c013182a0089e365ea44759bf6d92e62451331ef2d2fa33685ac
R01704,OTHER,2026-08-06,REGISTERED,13ca2d455c147e612ddf06e32d67e635c715d9affc0e1a30a4c26485d53373e4
R01705,OTHER,2026-08-25,REGISTERED,426f724899fea692ddd7e74cf410e6f06b9c11d33c4079aa4239572c2d981556
R01706,OTHER,2026-08-11,REGISTERED,aa0e896217aaa50d41a314ce351df1d0ade6ff2c5c5e689f3d63905e358e734b
R01707,OTHER,2026-08-31,REGISTERED,b4278f5cac05dfa4314a1f1fcf9a25f126c16bbedfe6eb3fc222d700d6b03b42
R01708,OTHER,2026-08-31,REGISTERED,28da841ad4557f080d9eed3a6037f8ef6cdeaaafdc35aee49150c48c25628fef
R01709,OTHER,2026-08-25,REGISTERED,6d2c8a6e1405c541b18810411bcc0ccb32eacd29f3a7a3cfdb80f17ed97b66c2
R01710,OTHER,2026-08-25,REGISTERED,67743ad4c0901c9ea2ac19e3234e362b73e5766e1cbc6fa51a1e19772f39206b
R01711,OTHER,2026-08-05,REGISTERED,dcfdb297a4a37b9b0fe2e7c998856371393a06f346d9d606dbdbce31401aab90
R01712,OTHER,2026-08-23,REGISTERED,7ee5c603617e85cfd9dccf5a19a29c9928cc74bc7305125fd26c518befc27f97
R01713,OTHER,2026-08-20,REGISTERED,a20c5053edd416ab1cb9135d2e392b2cd6e21a61912ab3cf54c3edd9aed3a2af
R01714,OTHER,2026-08-23,REGISTERED,a396634f60fbe9f339cd31a67ac038a3e6b619f36f1cbbc3851a3970d8d84f60
R01715,OTHER,2026-08-25,REGISTERED,cf85c2ce0abbc1aad87b048235c7adb9ba57e934943d1926c2e52d44bf044b8c
R01716,OTHER,2026-08-31,REGISTERED,6132739c5f3d92213efa477b5d58ab3c4cb466d3b3da3cdc2d5650edd06cc7a6
R01717,OTHER,2026-08-26,REGISTERED,ef5b2ed1f9fed68c36af0412e843fed9d98835c815b1e6490070e58d70eb8348
R01718,OTHER,2026-08-25,REGISTERED,451a803c5ed07ff6cb88de1aa43c9af92f9c6888f6c8d9b421859a907fd82eba
R01719,OTHER,2026-08-23,REGISTERED,1e455aaf0a5bf70ed865ad8749d1d3e403686bd83844d9c2970927d3ee908940
R01720,OTHER,2026-08-24,REGISTERED,b54b3aa174efd5bf25308f917102bb065acf28fe627ffdd168124d2ddf9c8809
R01721,OTHER,2026-08-06,REGISTERED,3b1e86a044c54574dccb4aea6f7236d5a03813d615cb692daf0923356bdd69a9
R01722,OTHER,2026-08-25,REGISTERED,d52636bc22b9e6c40ba0fcd0b3b68935d391a3c34a1a8531818863e22ac056c8
R01723,OTHER,2026-08-31,REGISTERED,34f732e6a71fc89e33ecbd59db1d845e86cf56a4d355712e13110a226bda8d8f
R01724,OTHER,2026-08-06,REGISTERED,39ede1da19554839b9ac0914af739ce74c002ab3b7fa79dc5af864af93f406af
R01725,OTHER,2026-08-07,REGISTERED,2a49ddce1866b2648ca3df9424dd351855a1fe7cde03daaa042bea6f823954de
R01726,OTHER,2026-08-22,REGISTERED,9ad4df2add03930de97cb9290bd16a0787b6140e8f4105aad795151b1ed0c47d
R01727,OTHER,2026-08-24,REGISTERED,fa6011ea94ae89ae78447b62f0bf181904f480b4b16d124537652c566593fe97
R01728,OTHER,2026-08-24,REGISTERED,d213ec75934b1987f2fc47cc3e1372aa70946d572d7b8c1ddfef3a91b9ca1327
R01729,OTHER,2026-08-13,REGISTERED,0339701c9d90163f1aeacc17784c3a062a1b639668fadae59e1a081bcdd4a10f
R01730,OTHER,2026-08-11,REGISTERED,55dfa480c4c7861f256c947f218aab6eacbd3b702bbf4370b1f90e2d2b4f7fc0
R01731,OTHER,2026-08-25,REGISTERED,4b2e8cf9abe0d57db66a725148f81d5225abbd416a4d8643ebf59060080a32c5
R01732,OTHER,2026-08-06,REGISTERED,aa90424cad125ad151c10bcff13a5adc19e252ef718b9f25e6b0cc4f9b815881
R01733,OTHER,2026-08-31,REGISTERED,807c97f45fb50fa70cec1f5ac1c1c6dc3ead740c1ff0d196468e356e6fa2855a
R01734,OTHER,2026-08-25,REGISTERED,f71bc916ed4940b723dc3e8461ca7fe08a413294ddc1e1a9a732e158ff7f8b06
R01735,OTHER,2026-08-26,REGISTERED,fecb52ebacad9a87b9e5017c137e02aed1bb4524e3792b2115d4373cbe180ad3
R01736,OTHER,2026-08-09,REGISTERED,cde4c0c7500c4b2e91704fdabaebecee3db47589425b1a614fffa4150305838b
R01737,OTHER,2026-08-28,REGISTERED,b6af9696028fe83559b01e4739c9bb5e5c60b421b57f1d601fd51395621bdf94
R01738,OTHER,2026-08-31,REGISTERED,61a9c6d22cbe0fa60bba08a82bb8d76d7b6e9ff1f2bdfa1c7408822d7d0eaf84
R01739,OTHER,2026-08-31,REGISTERED,e1c9ba9014afd5acb52e546c00607264752aa78a18c1d43c93a34ff1becd0fc9
R01740,OTHER,2026-08-31,REGISTERED,287337eac975103816ce0deccea700fba85ad90401792f87e96426dd39401262
R01741,OTHER,2026-08-23,REGISTERED,af1ddce43b1ba1f4b6b22cd11e825d1d101d5596c3d72029c45adf5f01a40a4f
R01742,OTHER,2026-08-06,REGISTERED,0da27b24a2de8f77be75db04dab7256865a6678d56e6ed124206f2f4783f06cb
R01743,OTHER,2026-08-07,REGISTERED,702fd95801aaf6428d22da7f5f21749e16b9390889ea30deaa088baad5f8680a
R01744,OTHER,2026-08-07,REGISTERED,727cfba8272fc43ed16d1a29f0d8cbf44c2bff4b7f59209348ed29c1bc5b726f
R01745,OTHER,2026-08-07,REGISTERED,dbec2ebad6878f90f54679883ee999ac3e831f9b4c8b0742f1311a678bee9778
R01746,OTHER,2026-08-07,REGISTERED,512790491e9db9a56a80826932d8ae156e79a891d80b4fd53e6395eb182e1362
R01747,OTHER,2026-08-09,REGISTERED,1e24693386a486ed1c3a3720b254e2598be9a8099db80daffd0bbc4c87af17bb
R01748,OTHER,2026-08-09,REGISTERED,1e24693386a486ed1c3a3720b254e2598be9a8099db80daffd0bbc4c87af17bb
R01749,OTHER,2026-08-09,REGISTERED,1e24693386a486ed1c3a3720b254e2598be9a8099db80daffd0bbc4c87af17bb
R01750,OTHER,2026-08-20,REGISTERED,938596709cc986efebb6a8445b6bf6a5421d3234481f86e208511499bc0fefad
R01751,OTHER,2026-08-23,REGISTERED,ba80f239d5252abf7d4277cf9e2ab29c77f1dd5ddd37290e7945eb7df88f598d
R01752,OTHER,2026-08-23,REGISTERED,a7e3b4dbb003ad2469a3fbce5e4f981f8d1e64b06b58f1ea60a41abacd915ecb
R01753,OTHER,2026-08-23,REGISTERED,27a28e4c0ab57d65ed286e01e581b43d8fa87dfe69a77750c75afce62467ceca
R01754,OTHER,2026-08-24,REGISTERED,a2d14faef6eccea3b24ddd1ca8267472d904b86d40077d118ca62d1ac19dc70a
R01755,OTHER,2026-08-24,REGISTERED,14966990431e5ca34524f00e3c4527e9f3e6ddc2f1f6c7708033c47132e277cb
R01756,OTHER,2026-08-24,REGISTERED,f8794cf07459d5d611d04f5659225f945e0a642f8b16ecdbfc8bf3bd2a199c28
R01757,OTHER,2026-08-25,REGISTERED,bd3edcde45766da4595d46cb262860a5a2b129a99b2a93a74d612b6345dfc865
R01758,OTHER,2026-08-25,REGISTERED,4892b95349685629ed944b8de500f5e368dc7b02b1cd736538d0d6084e5e8650
R01759,OTHER,2026-08-25,REGISTERED,a4c225b05357710f9c0cdb88b0b052cfb08c51e1e8874edb2c8b43e04986dc79
R01760,OTHER,2026-08-25,REGISTERED,fcf4dd4e1ad85c7cd5ff060cf3aa1fe7b3e6695775f5db9237115a54daaa83ea
R01761,OTHER,2026-08-25,REGISTERED,5f3346f501c3abfd729b7d7fb08d0f58cc44db984199bc0de43d7e18cd1e9f5c
R01762,OTHER,2026-08-25,REGISTERED,080dceb59f18f794778841d9a6b28fc5fafc24de53610e41d8dfa558d4e3ad46
R01763,OTHER,2026-08-30,REGISTERED,4f53cda18c2baa0c0354bb5f9a3ecbe5ed12ab4d8e11ba873c2f11161202b945
R01764,OTHER,2026-08-30,REGISTERED,7532123dafa130547a00807e14364151845b26be83b40a337fceb3a5dec1ec52
R01765,OTHER,2026-08-30,REGISTERED,51abda7eb59423fb7318565dce4486a9d8ddd8b0247fbca703a67b0c2bcf5a4f
R01766,OTHER,2026-08-30,REGISTERED,ac326fc6edfc9401ac473d8b6acbb0a07a5fe26b37ba02d0236a461dc828de24
R01767,OTHER,2026-08-30,REGISTERED,e0f26a82b096f463105fda816f4e1c45f45bc198e74547ce4bd02daec532b838
R01768,OTHER,2026-08-28,REGISTERED,b1253039793bdecd5436a4ff265d97b54450a3d0683288751a1ec317b65285e7
R01769,OTHER,2026-08-30,REGISTERED,fbc2f4a44c28c97271abeb17dec8f31e11b128a750ebd2b93ef4442127fa9a59
R01770,OTHER,2026-08-28,REGISTERED,01ef3e88b15966a356d194ca108f2a7cf69236ab131e1dc526947ec119847a42
R01771,OTHER,2026-08-28,REGISTERED,01ef3e88b15966a356d194ca108f2a7cf69236ab131e1dc526947ec119847a42
R01772,OTHER,2026-08-31,REGISTERED,339c7a65e61f7a82538d62f3a3c402d89a05a4f63e0097abdd2ceff8bf6a9647
R01773,OTHER,2026-08-30,REGISTERED,51abda7eb59423fb7318565dce4486a9d8ddd8b0247fbca703a67b0c2bcf5a4f
R01774,OTHER,2026-08-31,REGISTERED,3efb5bc1064880bf3883ec9622e1d2cf84954b47dbae2f6c711ef6f563afb7ce
R01775,OTHER,2026-08-31,REGISTERED,96411ec3f3074e8c8954e8f27f1281cee901624fd082e717b38094e81d0a7c62
R01776,OTHER,2026-08-31,REGISTERED,9aeec08eb1ecb8cb5ef5f5b9315fb25b26ee59641517e6c374a2c98062c06635
R01777,OTHER,2026-08-31,REGISTERED,3987fe62f293a92c50f11d9f12276851b1124d6cf32cdac4c82629702a9b3556
R01778,OTHER,2026-08-31,REGISTERED,ac9af775d313dd1bd090af661dcd475708b4157dbc4d13b9f48b3817916a855f
R01779,OTHER,2026-08-31,REGISTERED,504face6598229be22fbca5e94b2b980da93dfe99430bd4cbd6eb73f9a1e108b
R01780,OTHER,2026-08-31,REGISTERED,aff6446a8b29f9da2d7eb953476545d3c5b729f5af72a12234ae5dc500dc2aaf
R01781,OTHER,2026-08-31,REGISTERED,acb8a4e8245393983ec1f6a799d9b6f436f0898beef489b8f48e293070c90d87
R01782,OTHER,2026-08-31,REGISTERED,58f76ff42545648da8a5fdc4ae350a0481b5ed2af5f4c2d525c4e71fc05f0522
R01783,OTHER,2026-08-31,REGISTERED,faf04f34621ccfcb5e1d1e397d00682525338a8ac0bf5758acf8feb14af9986a
R01784,OTHER,2026-08-31,REGISTERED,458c1769b8f7bebea8db11e3296853dc28ef470d93a53fa27b8a93fd1b72dcdc
R01785,OTHER,2026-08-31,REGISTERED,dbbeaa7378201c15493a67a45e9c26d7d6e37d20695b5291ef452ee7253fa700
R01786,OTHER,2026-08-31,REGISTERED,59dcb6266f94a28ea8d62f5f7dfa42fa9337ff65c6ebd4b16897feb100f2cb4f
R01787,OTHER,2026-08-31,REGISTERED,6aff5b52f5055c4521ca2ae3f194a7e4fbbc2294f18615a7f34daa045c75cc90
R01788,OTHER,2026-08-31,REGISTERED,c31f9f43fc423fc444858daf6273b627ed2db9a07c54ddbda46f42bf713f3c56
R01789,OTHER,2026-08-31,REGISTERED,aae85c1a22889cade65a1c4f26bc53456b740cdda2a6c58c6f66d21a8da815a3
R01790,OTHER,2026-08-31,REGISTERED,44c6132b2d35b50459472f7f41e0cd83144656f2cbb1e91707e40f0dd6a1d815
R01791,TEST,2026-08-31,REGISTERED,f50313320fd5e7fb2d115a5711f8d3db32098520f0823af693470f843134f37b
R01792,OTHER,2026-08-31,REGISTERED,7e44b6cfe1c65a577a21d5b0c00c0c9d445491ab1dbec28b7ab26c609f9c3610
R01793,OTHER,2026-08-19,REGISTERED,c369bf930ecb3ca6c119720d7e2bb30936378d9421db80855ade8c56e2360cc3
R01794,OTHER,2026-08-31,REGISTERED,462c3395431f72ee1c3ca23efa6176d3416a91ada91d1eb87d30a8cb860b31a1
R01795,OTHER,2026-08-31,REGISTERED,4d3a12bd35aab5fe7de4dc006724efb597deda73e0e0ce6ffead201ed86a2bb5
R01796,OTHER,2026-08-30,REGISTERED,dd2e90207d3b98b27b8a5769b6a76522bf83198f77ab6d02a213ea0865a3a35b
R01797,OTHER,2026-08-19,REGISTERED,fa2b52b1555204bd0e7ca67dce9eb68eafd0bf6b776349c01225c3de3f0cdd8a
R01798,QA,2026-08-23,REGISTERED,ccd44b1f7ac2f141ead54f5b9032f5e3456751a0c93538cc118fef700565598c
R01799,QA,2026-08-14,REGISTERED,166a87be734187610451a2e6f964bbc1e32e810dcd245822d520406c0b2786e5
R01800,OTHER,2026-08-22,REGISTERED,738fd08a0054aec55f90d96b8a2c52d8dff3f967e024e938a77a783f6ff04658
R01801,OTHER,2026-08-23,REGISTERED,f5f73e488b8392bb6c11c807e2928bdfbaf998245aeef5d051007f19ed38630d
R01802,QA,2026-08-26,REGISTERED,6a55809489503e7e8dfd650049343dbac1263c6cd13883faa3c16236e03ed79c
R01803,QA,2026-08-23,REGISTERED,61bc1f2f5ea090c24fca324e2fd85896d6c432cfc20cb8e02aee667a66e224eb
R01804,QA,2026-08-23,REGISTERED,f358f17e118d4a7d9f9f0f1e237bd39157532dc61e7cebaa6729def92962bb22
R01805,OTHER,2026-08-28,REGISTERED,f564069a6ae393d918ccf8210e9f9b15d71dfc731eaa50ec6449b5ae46e42d84
R01806,OTHER,2026-08-28,REGISTERED,e2781158b2b247b54958e6cf569b142f493a5bb90c5bd1501efc0584bb694547
R01807,OTHER,2026-08-21,REGISTERED,394cc4b3b6940829e7ddec346f3f2cd30851b3b26e41ff30248c6afc57ca34aa
R01808,TEST,2026-08-28,REGISTERED,44608d11f016d17bbe077d679b373f954b4205417df48699984ae715c43e6a89
R01809,OTHER,2026-08-28,REGISTERED,fc817e0c1dbad765ed47fcc87dd37da27eee33d50b137edef120436bdb31b865
R01810,OTHER,2026-08-28,REGISTERED,4c53c1ab784d344fecc29d984eabe3b2c2414f56ba65927717d6b8429ef73961
R01811,OTHER,2026-08-28,REGISTERED,4f2ddf5f5e3162a0f80c8c3e3425f39992e7acb21cf6fa8ce6d7971258d5c190
R01812,OTHER,2026-08-27,REGISTERED,b972ea845ad82fb27f4202d58f9b7d0da1e51f53e7fa9e63d114e7844bb58009
R01813,OTHER,2026-08-27,REGISTERED,b06054c8b833af0d52e3f4e64d4b66bd09f407a0e7edce45f41346c5eb91bb0c
R01814,OTHER,2026-08-27,REGISTERED,461be951ab4691ba6d08170f3d84380ae3ad2b3ff874e76ec412e538496ab9d0
R01815,OTHER,2026-08-28,REGISTERED,76c67e3cc1989cbfdd9ba025c387225a1aadc3b735eefb37ccec36d758d6fe5b
R01816,OTHER,2026-08-29,REGISTERED,59d0d4be541a98ea175619e7fd583fbeae99852c3856846dfbf7369e2def1aec
R01817,OTHER,2026-08-29,REGISTERED,9bb48c5e0e1d212e90f6afe50fa62fa1e9045f79a3cba03c2f139110e7c73a10
R01818,OTHER,2026-08-27,REGISTERED,cc7d82df15ca501ac35b8545c554ac69d14facc0122b4d803ba8015c221fada1
R01819,OTHER,2026-08-27,REGISTERED,38bf8c85a645a11d72858725e57deedb0afd7e823fc87f8b19dc80f93c0cb663
R01820,OTHER,2026-08-27,REGISTERED,bd6bc43e44059914e9c1b88f2ec465353657282ca6f4740f235c37cb1e64bf4d
R01821,OTHER,2026-08-27,REGISTERED,e4971493d5bf8b0f7f434da781ebf99cf8cc5f6d7fd8b3372253aba9ac7d3030
R01822,OTHER,2026-08-27,REGISTERED,f0d0d88c75a84aecdad53698c4d42dcb7e3c58512ddd41b687b67cb7e174cf51
R01823,OTHER,2026-08-27,REGISTERED,2488d00cda69754eda7cecda6bd3bf715a774409c6f15d7bacd7657bbb8694bd
R01824,OTHER,2026-08-27,REGISTERED,a657720cc9bcf54a9e3b3f4f87843d477ad5d65dbda5b47f1bbc3a4724a2f947
R01825,OTHER,2026-08-27,REGISTERED,6e840e651a7eff1f46ff123e78d3355820783cd0fc1ee281fbbf247d5b260238
R01826,OTHER,2026-08-27,REGISTERED,0f1c20b00e136a215d1d369bb3f4c1e1352077f9ff8b633926747debfb7c8d00
R01827,OTHER,2026-08-27,REGISTERED,4f5966496c524763fc9af6a4aecb9d0d7f4e8f238b41c621146c463cf853ca1d
R01828,OTHER,2026-08-27,REGISTERED,8b4d33b63e4c8b7503f89e826785079dffae1ebe9ca4552d184c63cac65e77f3
R01829,OTHER,2026-08-27,REGISTERED,157b43dd6d19ca434698546c6c0052305babc83bf3c4d52446bbc9d7e2855bb8
R01830,OTHER,2026-08-28,REGISTERED,63c4dfdda381f3afd0471da9ab58bae6b76d129b28edd3c321b3ee2ad1f2e055
R01831,TEST,2026-08-29,REGISTERED,deb6cd9ec73bfc3dd3c5bd26a977b312bcf4ebda65974e9292f3fafeac1d50d6
R01832,TEST,2026-08-29,REGISTERED,7a4287b1e9d12a2e28626562b9e6ac6102316d73954cf6b377893d9042947cc8
R01833,TEST,2026-08-29,REGISTERED,09b9743654e8dbb09b8e383daac43b95ec0888416c18edc678d83ec17165d26b
R01834,TEST,2026-08-29,REGISTERED,0e959053086c02831376ce45c0543c3a8b71b39aa6f91d6ae33b63a84d098e80
R01835,TEST,2026-08-29,REGISTERED,97d40943549068c6e0fe357296c12357016611e41987a66a5b98e5fff6ac905b
R01836,TEST,2026-08-29,REGISTERED,f7b3c33251f014529893af53aed6d7918628b5b6f4d425bbadd96e9ec2b08e05
R01837,TEST,2026-08-29,REGISTERED,5fd51151de014d6429e58500a641964602a6241f9a9767245a2b310d9b155908
R01838,TEST,2026-08-29,REGISTERED,b47e3bd4052ecc70cbde748b916ceafd20468335a55eb377d00515fba40a26d3
R01839,TEST,2026-08-29,REGISTERED,17d714a0d7ea6dd161618cb3ac1ea23d1aab178631874b03c6347df2e9d921c5
R01840,TEST,2026-08-29,REGISTERED,3123dbd979f8a761f904a9b95818add0fd412803de50754687776ede27a3178c
R01841,TEST,2026-08-30,REGISTERED,ff385dc14783cf8b25aa049484c8a557fb316efad64da773d8785cbc089c4a2a
R01842,TEST,2026-08-30,REGISTERED,857aa2114ec5ba7cb8e9446c77636d0bc6adad34fd19b8f225347dc41ce7a269
R01843,TEST,2026-08-29,REGISTERED,26f64310fa7cd06a537f335979c9854d2bb5f19702a6ff7dbbe6212d2597269a
R01844,TEST,2026-08-29,REGISTERED,10b644d9ef7099f3c841049f9a9f9e96878bb4a71f0c8ecb1fa6d3530b36a6c2
R01845,TEST,2026-08-29,REGISTERED,b90590b31c2c5792100e3bdfde2b05bc2b2e28774c6a0e8b0e10beb1af0052aa
R01846,TEST,2026-08-31,REGISTERED,b8999a8fba639b43a96b77aa34da2986942f3f049976dd17df71306589bee2fb
R01847,TEST,2026-08-31,REGISTERED,854162a239e91681d2bf8b87ffce8d5f0a5b700b942289db633ed02f2e6f56b2
R01848,TEST,2026-08-29,REGISTERED,9faab51295a02ac21f0126fd3a09abf027f8b7127857d82c437ab7ba10e3b8b8
R01849,TEST,2026-08-29,REGISTERED,0232bf17b2856ec689c7aa11960cf69e9606c930e592e81dc3bffc318a7c9d12
R01850,TEST,2026-08-29,REGISTERED,2cf9391b7872bdb6ed96f0fef0ef19fac132f57a11d931fc32a590a92147a5a3
R01851,TEST,2026-08-29,REGISTERED,0e4066b935198cb754dea094894b0fe5d11c2420c5a38a7035c395515a360911
R01852,TEST,2026-08-31,REGISTERED,0111991167778f011e490d758be9f67ed6aae8addc733dc234435d7bad1ca3a3
R01853,TEST,2026-08-31,REGISTERED,ac7f5ae2cd679c24ac1a3da49f7aed7c0e82007b303ed25ce18927d21c1f5774
R01854,TEST,2026-08-31,REGISTERED,310577f3066d777b59960c12e02fe6aa2cf4d3e39d55513e5949e7ea01b8ff34
R01855,TEST,2026-08-31,REGISTERED,b1762a7817a765c2cb1c725df96e581952c2e0810ae4140bb63dd689c54f3e69
R01856,TEST,2026-08-31,REGISTERED,2ec15f3e31e44be256649920d82ecf18e8bd3410d4cdc1a45f988af5be24e25c
R01857,TEST,2026-08-31,REGISTERED,98cabc1af06083fecdbee094a13a14839fd02b8334b8eff820f4ac4054f86eb4
R01858,DELIVERY,2026-08-31,REGISTERED,d36279b31e29e911f61f717ea76453d08f37dc419e528378380ad66b14def798
R01859,DELIVERY,2026-08-31,REGISTERED,8e74c92921460fd9b25bdc89b92c018827d5df91f6ddd3614a09e1a3c06ac709
R01860,DELIVERY,2026-08-31,REGISTERED,ad3387d5f99bb33647c9dbb0b8181c535d96f2325584b8efc6344bc66b713fab
R01861,DELIVERY,2026-08-31,REGISTERED,71e86bc82b0565462a775c7fb15129e08db4976ba7537b2f5faaf2a81a67e318
R01862,TEST,2026-08-31,REGISTERED,f045f4767a0c40c0dccea51a0eb2507bb1b4bca31339643ed2672deaab1cea65
R01863,DELIVERY,2026-08-31,REGISTERED,c9293f368dc5a44a998fc335b43256e455812750024109a8b821fd83d152236c
R01864,TEST,2026-08-29,REGISTERED,211c43bbf22c23b38a9e65c8a2434d4d7940d11f048b5eef210a38addb166223
R01865,TEST,2026-08-29,REGISTERED,a6dda09a0726c5a65f5a4f4e217929da512235f3f3dbaab755b9819ebd132d10
R01866,TEST,2026-08-29,REGISTERED,b543fb963ae10342ac910e96df2170cc81329cf01f8090e451ca97fac65825a9
R01867,TEST,2026-08-31,REGISTERED,8b48427ad0a5e1fa74589a9f04899c0818b5f4dec97da16b26179c168bcd01b4
R01868,TEST,2026-08-31,REGISTERED,6e4c9141e16de5cb25a14e2104d037a4dd24f3c618edf8a60c79136bb5961f16
R01869,TEST,2026-08-31,REGISTERED,19c354fa1e83d451b63b4074e765cc7f065b611946d35a9753fc935880457030
R01870,TEST,2026-08-31,REGISTERED,c514317496f0f2302c0f9be3e6f544d2534f7f82362bafba22686f511afbcc94
R01871,TEST,2026-08-29,REGISTERED,638c6df25f1cf55dcbadb549ac3c654d514ccd49fef993c42fb8ab31eb9b61e9
R01872,TEST,2026-08-29,REGISTERED,6b02bd5d1ee51d4893feb90156c1098d97a16967dfa82181501e9cf5398f6eb5
R01873,OTHER,2026-08-23,REGISTERED,52fd52f894bce49ba06ad100299062ed374c4e4be921ce24f83b77c3af1a534f
R01874,OTHER,2026-08-23,REGISTERED,0da12315a760ec7aeb683d425060a34f3a2f81fa743080b672ed007c03585cf2
R01875,OTHER,2026-08-23,REGISTERED,8ca25f44542dd930ee4c1e12f2b17d9ff9567bd45a7797a137820fc39d4280fa
R01876,OTHER,2026-08-23,REGISTERED,ea843f341dae2acd74573a0410b890fd3706f0dc697537c99d378cd8de9bc349
R01877,OTHER,2026-08-23,REGISTERED,37ad69394b3a3ed46acfc5bdb5b450f1f213cc0dcae06df0a2a0b1bedb721c12
R01878,OTHER,2026-08-23,REGISTERED,100bb8145e93465420ab86befb531a4dfe5b17566467c25a873885542d9feb16
R01879,OTHER,2026-08-23,REGISTERED,8ca4134455731ee0ab73272b2068a4715bff913b7a4b6e53e6a996e30dda6960
R01880,OTHER,2026-08-23,REGISTERED,a9520d51b3c66715614465c9e39d3841f301876fbbe95a9654b2d466bf6a9472
R01881,OTHER,2026-08-23,REGISTERED,b8dbbf850f273f90ff29de1b4f65701be5ba07bfa1832090277e7b382fe27bbe
R01882,OTHER,2026-08-23,REGISTERED,a63c02ae39c7579bc1045978fc2352e95fb377d1ed372de58e3d6ba0dd134daa
R01883,QA,2026-08-23,REGISTERED,75d71f1fb5d6e9c3a94dd9c80fde09e6de6448fca104740edab4373872346d29
R01884,OTHER,2026-08-23,REGISTERED,5c4fcc7ec9d8aefcc5303c8c38d7583188f246d691899865699a2a88c7965469
R01885,OTHER,2026-08-23,REGISTERED,f18ffe0a1b082ef1b7b6a0d2d9dbbb17650d4509ad9e3439c0bb8542efd92fca
R01886,TEST,2026-08-23,REGISTERED,5512a03264b2762b795dddcf411eb2e542090c412a335f87367f372288cbbe1b
R01887,OTHER,2026-08-23,REGISTERED,c86d13c76a08796c396a974817624d8b6d3fcb26bc7fb008301747eed6de7fe0
R01888,OTHER,2026-08-23,REGISTERED,b213d4bdfde0b3c50fdd6992b620594a2c463cbd84eb2d2c4434fcbb979e7884
R01889,OTHER,2026-08-23,REGISTERED,eacdb756753f287fc0a0786caac96970694e7a844e684789bcfebef3e8967c1f
R01890,OTHER,2026-08-23,REGISTERED,06042debffa8925f2fe35a66054b6831474964d6326957d12e6d6f76f6876810
R01891,OTHER,2026-08-23,REGISTERED,c621f0d97f68a2fa2238d0297970f34ba3c6648346981cbfbb9b26f968ce3273
R01892,OTHER,2026-08-23,REGISTERED,8f4eecfa5ad69cd069da2f136d4d7c2dd0edb14a5bb4b7600d622280ba2b2858
R01893,OTHER,2026-08-23,REGISTERED,6ea6ca55ff7db1116b233bb965cfdc3258578069ef44803443e27f2d7428d979
R01894,OTHER,2026-08-23,REGISTERED,9fbf6866ff1df6ecc1d41989913fa467ad4683df88d80317b9b1d9026f95fc37
R01895,QA,2026-08-23,REGISTERED,a6abde2fc63999f1c4090e3ded01de5272d6044b928e4ea8cc76b550654718d2
R01896,OTHER,2026-08-30,REGISTERED,c2c18f18df3da052697922fc7d00d41d8194111883b2bb93fae50b1befe0727d
R01897,OTHER,2026-08-26,REGISTERED,9c20231c91c0eb9953d773352ffce4f038cd0407bcb8be5bb2d7eb154af23617
R01898,OTHER,2026-08-26,REGISTERED,6fce85d0a7ad8c4e91d728bb4fa9f8d01551f315b8f882c9ee042550d70f7fc0
R01899,OTHER,2026-08-26,REGISTERED,8ed0c2f8c74e417de88e22699843987652231340fed0cba624b066bd40d156d0
R01900,QA,2026-08-26,REGISTERED,bf85a3d5da5b4fc5a9dbd48481da4691ff8c5941f3a236dabf372a627c920fb3
R01901,OTHER,2026-08-26,REGISTERED,d702417964489a86011aae284722834c485b85d0f155b0ef4c45335336585ddf
R01902,OTHER,2026-08-26,REGISTERED,8f4bd7729b3ff0df35f1558bc905e7ad107293b6cdd2e11742c4a211d1e9a687
R01903,OTHER,2026-08-26,REGISTERED,e44eba746c10591ec2cf447d48b581e9232a7a2b231be31822f2977b681bf498
R01904,QA,2026-08-22,REGISTERED,62d3d0a3aa77f8212a0cec58e4a4ede432556759280640bed1aa172c1b37d8af
R01905,OTHER,2026-08-28,REGISTERED,816c0aeab7fa2bee6c1face4c26cd0301f903b373fb46b74731f2dc1b50a8efa
R01906,OTHER,2026-08-28,REGISTERED,7319a34830915898782da5bf0de85b4618f83ae8f874a67e22ff8a27cf6851e1
R01907,OTHER,2026-08-28,REGISTERED,eeaae8f2075f4bf64ec05b1f42fa833402a6501bec51bfdbe4d392b01ea78580
R01908,OTHER,2026-08-28,REGISTERED,e425b1cce961c3b74acd407d8c5940409d829e20d47b4919469978dae0d35a00
R01909,OTHER,2026-08-28,REGISTERED,5b44e69220fd669f0ea65ab2a925119f033a2e34e31203a73e289fde156b02ba
R01910,OTHER,2026-08-28,REGISTERED,afdcc526255d77802a99cd8af01307174357e2d44cccbb2d2dfa65355aa91af8
R01911,OTHER,2026-08-28,REGISTERED,5bcf9dc2fe46283a359eed6a965056e7063aa66b36be9daf1319ae79f810d9a6
R01912,OTHER,2026-08-28,REGISTERED,cb393ae0d548f85c2b7f056f6d18e5c0457dac87cb666116cbefd7f7069a1136
R01913,OTHER,2026-08-27,REGISTERED,a7cc63f061fd46498b6187455ff66d9bfebb4693b466393c81182bd973392aa3
R01914,OTHER,2026-08-27,REGISTERED,2b180b6b9dcd41ba121c171c5ccc2abf04266265581d290882c9be4299ebbf71
R01915,OTHER,2026-08-27,REGISTERED,edc31c79cc2240a7002978973e84004b865f9b34d49e2326d47aea149cb3b77d
R01916,OTHER,2026-08-21,REGISTERED,9f1846a9fe7408426140e99b2a591a13352cabbdd1d53535eb8b381d980831f0
R01917,OTHER,2026-08-14,REGISTERED,d19c26f7dfe66f96e83bc36d86ebdff7d96a14398a268752b0f4f9d96e47a42d
R01918,OTHER,2026-08-14,REGISTERED,c229e52859791530ee0d70c9f8bad8241707b77f8b98066c72bf01ecc557ff71
R01919,OTHER,2026-08-14,REGISTERED,a807076321e8db3bb11c01d0b4c939fb9988d935572d48d71710df425277de19
R01920,OTHER,2026-08-19,REGISTERED,685fdb1c8604e1750fdbdae33470c7417ad28e5550b17074174b6483c0b3e666
R01921,OTHER,2026-08-19,REGISTERED,6f963e0da79bfc7d67466feba5c8c317c0a2bee838e603ce30b5680df2853b77
R01922,OTHER,2026-08-19,REGISTERED,4eccd970d5c6ee39b38b0e60033a231ec86094646086a16a151a43c086c2272d
R01923,OTHER,2026-08-20,REGISTERED,c892dec4128fcfdb21fd7af1e68dc062e86b4209892c9985e328d24cdf659d62
R01924,OTHER,2026-08-20,REGISTERED,71b8d374f5191c439d56e0143c5792cefa889e7f2a560ef1c80c8c9df29f9ea8
R01925,OTHER,2026-08-12,REGISTERED,9af245d08510f59e52f3c46ad6740afaf76abd767246e6541359728a700e51b0
R01926,OTHER,2026-08-12,REGISTERED,651354e0646947854602c9fcdbd7fe8870aaaabfc5391b9f3b8d29e73fb3bbb5
R01927,OTHER,2026-08-13,REGISTERED,925e396fa61f89c59a18868d7911f2aad6a722e49a4bc3166522dc6c6fa00e52
R01928,OTHER,2026-08-13,REGISTERED,277eae8f416bf1b6c16c66c7fc3009f7febfa23f16639af98089dc462c46246f
R01929,OTHER,2026-08-14,REGISTERED,a5f2978683b417a9d37f3bfb595d4b1ceb6977e93f66291fd70cff5bfa55949a
R01930,QA,2026-08-21,REGISTERED,953e4c474726d5187ced3e50f0299c2fddd0bdc0b26acc6bfe3db85372830ed9
R01931,QA,2026-08-22,REGISTERED,9dd90b86fefaa14479256c8f8661b4f75924eca0e60e7c82c7d6a9051a8b35ba
R01932,QA,2026-08-22,REGISTERED,d9357827ef3312e5eebe58302d268eb431fd36a7afe3a04b8b5f6a7afd3bd1d4
R01933,TEST,2026-08-14,REGISTERED,f43a913ac7c53e4eadcfd64cd712f6a46355176020e525dca7ab80507c062676
R01934,TEST,2026-08-14,REGISTERED,8c991ad9aac9501a8bee31d84f3b58e5d5567085ac06da90837c3ccabfccaa7e
R01935,OTHER,2026-08-20,REGISTERED,c9c59614532a114a32f3bab82737f68faba383d2ea0a70a9dbcb7cf4cff8ddfd
R01936,TEST,2026-08-31,REGISTERED,e819ab5473ea62929540216c2a26ffe1165ee7d6621a20d0419b89ef855ae300
R01937,OTHER,2026-08-25,REGISTERED,f51d00ef4f3d2cdfef22361e087c0106590c83d7e1feaa13284b41c395253c44
R01938,OTHER,2026-08-27,REGISTERED,a966d469187ccf0a534f684aa4f07f7f6dfbedba96c8cde740443988fb32233e
R01939,OTHER,2026-08-27,REGISTERED,42d8a407db580afba199a2ac41d998d300f35b73eda86b9db7317be3041a8945
R01940,OTHER,2026-08-27,REGISTERED,1632f9f808b603bba33c0b8bfce04c068c28e2d8a0ee8007e910918441dfd821
R01941,QA,2026-08-27,REGISTERED,275dad6f46e759669cb277655a97097d246b951e925167ffa2e18fb02c3c181b
R01942,OTHER,2026-08-27,REGISTERED,5dab70ff6686a55e4a2e05cf3d627c29e8c586b9dbf5a98a48cb3331f9fea070
R01943,OTHER,2026-08-27,REGISTERED,7f7721278fe78beecc716edcb78b3949c010cbf39f37a0606fb9d4a268c11cce
R01944,OTHER,2026-08-28,REGISTERED,5e13f81f16a530f4bb7ae25e7a175d032a689f1e200a0381c87bff6e180107ba
R01945,OTHER,2026-08-28,REGISTERED,a8c5952494013bc06519f34b5c875f556bef76c916dac2cb4673c589b73c8ce6
R01946,OTHER,2026-08-28,REGISTERED,2e41e521f03f700051391a8598832f8539eba997a938c617033ad332da1241b6
