public_report_id,category,record_date_utc,status,sha256
R00001,OTHER,2026-08-06,HASH_NOT_PUBLISHED,
R00002,OTHER,2026-08-28,REGISTERED,72e092ed69a5882ae4e49e6e15ab438cbbad921bc0243824001db9ecd3aeb59b
R00003,OTHER,2026-08-31,REGISTERED,e4e7bec1392511e7f46201baec01631093475bd0e6c7b9226e9ad14beb888d28
R00004,OTHER,2026-08-31,REGISTERED,5222e46ba441d9dedebe3a7fcf1b2f13794c8cccc996fd206a34b036b8588ff7
R00005,OTHER,2026-08-31,REGISTERED,ef94a052dc2309490ff500e1ebc66c5d5e7dd3558c817e31a09767186d2ea285
R00006,QA,2026-09-02,REGISTERED,3e8fe3ca4af9f6632bb514fb2d89119fbed716e255b80f705e22299ed5f34991
R00007,QA,2026-09-02,REGISTERED,a4545e5d50974d3522c3c46c247af024105b26c9dd566effff85dc1cb82420ff
R00008,DELIVERY,2026-09-01,REGISTERED,b39da9da147af25dbfa81ab0096cbe0a3339deceabec9f4be220545730c20119
R00009,DELIVERY,2026-09-01,REGISTERED,6d8c16bbb2695db64666301d1dfac4e883575e6a5f4c340ce95b59b2f93c0774
R00010,DELIVERY,2026-09-02,REGISTERED,c53b9b71a77fc96ef858fb939e7ac3de46dedda779b23d195748ab1739ecca52
R00011,DELIVERY,2026-09-02,REGISTERED,8a74ba003f26af7ad8b7bce63070f638e123d0b5e8d463713efb5a97ceb082aa
R00012,DELIVERY,2026-09-02,REGISTERED,0b4d9fd2add2d1e6fa091bd99be8ba8297dee23b7ee895a1debe67d020080314
R00013,DELIVERY,2026-09-02,REGISTERED,6fcd07c8c02d54f50e6a9c18aa8b8d2226fdc7039a1e39e677e8acd9a722bd55
R00014,DELIVERY,2026-09-02,REGISTERED,013f82cedc5710eacf587640ed7ced6ec45eecf85e1922306b057ec3afe22d93
R00015,DELIVERY,2026-09-02,REGISTERED,cbc77e3d3865584a57c68785e5ec35739749f70f039aa4cf3cc851a4cac459de
R00016,DELIVERY,2026-09-02,REGISTERED,2273ac21760dbcc91a9ac16a7cde2774c8ba96c8b94e26b6b87fbedf234f875e
R00017,DELIVERY,2026-09-02,REGISTERED,b3b59f523e85698ca1e13a5652acd69ad69e889b5925afe27b569e22f9aa8a17
R00018,OTHER,2026-09-01,REGISTERED,ede4f4dae7cb3065502823329330bd1a546df9ec946edb1dc4bb40348cdd4aa1
R00019,OTHER,2026-08-31,REGISTERED,9b28c0e206ad7929a7b001df43c3e938882ab0c2f8a844ad7c41b406673e8a36
R00020,OTHER,2026-08-31,REGISTERED,d6c3d4d317e710e8dd848858012b2ad114bf6ca42939a3f2249030b39bb3ae41
R00021,OTHER,2026-08-31,REGISTERED,46a32c0c2d2bf7f374593084a0ae72ae8d1a890b2cb4b6a20f33f29982b0c0c8
R00022,OTHER,2026-08-31,REGISTERED,84208185d15b789b5f6c844e9db695fee7aee9028dad56027e5141025686a48b
R00023,OTHER,2026-08-31,REGISTERED,7af9ae32bd98e06e88df17b0a87e681cba3fe0013c9570e9ad8ba3813e638ad5
R00024,DELIVERY,2026-08-31,REGISTERED,2e085b8fd5ba6129c3c9cee54751d59e3e7ead5ed6988de0ac9a06949fde2a17
R00025,OTHER,2026-08-31,REGISTERED,1dd8a51fe706afdbb13266ec774808b6576ca3da3edc2bf52035396ed490642c
R00026,OTHER,2026-08-31,REGISTERED,f4bfd5826575e11d0694334ce0f362db7c5cc0e14fbf846fb22f9e7802bde0cb
R00027,OTHER,2026-09-01,REGISTERED,cd3deb3d243ea4920cffc65dac882af2dc6d5071be62b44140b6a744767c7828
R00028,OTHER,2026-09-01,REGISTERED,37b3372568556e4e6054faef88e3c5d8e9bd61094392d833fe6a263ac5f74057
R00029,OTHER,2026-08-31,REGISTERED,f1172e4c36989c780d51776e795a75f6c729f17c0d78a0b4d0f4fe0aa56ad874
R00030,OTHER,2026-08-31,REGISTERED,d613828bec51c185df0c1762d660a3ef224d1d8e19d3637db06a897257b27023
R00031,OTHER,2026-09-01,REGISTERED,eed0e27db946197faf154bcb9c98434dcb3b579c0cf8f66d2146b3c0033c198c
R00032,OTHER,2026-09-01,REGISTERED,c80d67effd8a290781aa44eab722fda8fd9e4ce68d7acc3bfb9357ba3a1e6675
R00033,OTHER,2026-08-31,REGISTERED,5704b814f894139e8f29541cdb7d8d09ba3b51f197bdd6e092a8e94fef7d175b
R00034,OTHER,2026-08-31,REGISTERED,70f4f2ee8be83182c734b5ab26e4f775422ebd6d0537d11b383bf7fc57e9ede8
R00035,OTHER,2026-09-02,REGISTERED,9fd30d2f56df30db0e9fb139bcb8f2c2858f476d0d98e3a93e555cc8f82ce8a9
R00036,OTHER,2026-08-31,REGISTERED,3f1b3f9a839ad05a8841ac2003fb6556dcfedc761f6afcf450bdd03e278f670b
R00037,OTHER,2026-08-31,REGISTERED,82d6d96778df88699b66d41b5838acde3d01cd9f270d8f8403419328ac8219b5
R00038,OTHER,2026-08-31,REGISTERED,7acd32fac3ca7524e5a7bc1fea65d4aae2adbeeee9f3031bfb40dd60f49130de
R00039,OTHER,2026-09-01,REGISTERED,81b315ca27a488d5d8bbaf438674bbf80dcf7cf257b477489fb27dbfcfb910cc
R00040,OTHER,2026-09-01,REGISTERED,739dbb16a2e4bd3fe7060a5876ba694ef3dafbd2c9499661dc2c195e9eddfd27
R00041,OTHER,2026-09-02,REGISTERED,2471c1878d62727360853ba1bf1882e35ae355ed305d2c642a0662398b55b33c
R00042,QA,2026-08-31,REGISTERED,f83322af2d6aeca5bffbed521198215ac92b56df797a61d24903249413ce4d0e
R00043,QA,2026-08-31,REGISTERED,c8d03e112ec91573d240997b67280c99111f83d407a694e656248bfe70dc1752
R00044,QA,2026-08-31,REGISTERED,770e0af9747d18f45442c91708afb50f6791ce0df9d2239438ef1747cf485e89
R00045,QA,2026-08-31,REGISTERED,eb1b66acb1b730e431b5c28fd2064611f2d96702235438e391f0b5e67e5e7dbb
R00046,OTHER,2026-08-31,REGISTERED,02340f016f24a1f293afc918d58b10f7c9efb54eb6fcf51614773a727a4ff698
R00047,OTHER,2026-08-31,REGISTERED,bcec5eb1a89cacb28cb24361f7157edf72f27763bb686d6598a42490411a907d
R00048,OTHER,2026-08-31,REGISTERED,b9fa175a87e1cb73da6458d3b25eae9952b7625d91791ff9a38d3fa010cd8aba
R00049,OTHER,2026-08-31,REGISTERED,a4d944e241b44976230e4944ee29a256bddee97e8df87d20987b4ca6cdb94394
R00050,OTHER,2026-08-31,REGISTERED,a58739f44e4b3dcb4d5071636e6ddb255fae3068289d5778ecea505cc5d5a857
R00051,OTHER,2026-08-31,REGISTERED,a8576c2d09b066f5dbec96127922811cb4253e756b904e284f419b8c5ad75e98
R00052,OTHER,2026-08-31,REGISTERED,bd18028a32ca150b291c24ffb78341ca114cc6aa9f2341226b58066a94b9f9c9
R00053,OTHER,2026-08-31,REGISTERED,30382de04ed712f747abc34dbe4a0fbea9ce0c20b013006e02eedf13a10ea6b7
R00054,OTHER,2026-08-31,REGISTERED,aa87a84ebb9ddd8ae11e10063a8a79c8aa866a08c8abedd693911d90e15b9a54
R00055,OTHER,2026-08-31,REGISTERED,03e57c5f3ca57c1591f0cce025eadc4258fa83dca18bc0841902bccbc756f53e
R00056,OTHER,2026-08-31,REGISTERED,b7e6f8e4a374ca4bfdacbfa356089ad1684d7e671005245a117d471180e8c9db
R00057,OTHER,2026-08-31,REGISTERED,114031e91eb573cc37a5352d3c520e01099094be4499af7b92fdd987a45e2c41
R00058,OTHER,2026-08-31,REGISTERED,d45986ae8b330b92a5726e1a9e19c819011f0d1e2fc3a6aeaa016ff4c18a8966
R00059,OTHER,2026-08-31,REGISTERED,9ddcf23d613abee43f86e9c6374256c8d765f0dfdbfa6df3266319968afcc86e
R00060,OTHER,2026-08-31,REGISTERED,afe8e1abc8250b2a0679b5c8b755e485b1938a9809e3782922eed0e0f512f1da
R00061,OTHER,2026-08-31,REGISTERED,7bd9f5fc3dd6146b94fb5708ea48317fea310d1333b022aa1fb536d3573eea91
R00062,OTHER,2026-09-01,REGISTERED,22fb01baf8fb002d9438af760211af677b441882752cbbb0088aa791955420a8
R00063,OTHER,2026-09-01,REGISTERED,73875d412f2161abc0258c24f7efd07a9a712030b068e50dca9015bf07c19d9a
R00064,OTHER,2026-09-01,REGISTERED,c1e53e2e99d7a9f874cd4553705afce74e8e976147e2f1bb244cb04197decffc
R00065,OTHER,2026-08-31,REGISTERED,57d2b2f82ab5165b3ed399ae3ce46aa5f40fd39f6bb3150087bccec9a00fa4a1
R00066,OTHER,2026-08-31,REGISTERED,35ed84797c9adb1f80c16e6f7f45bea44f5f7fa89a7ab0be27d5bc7da9c3d8fc
R00067,OTHER,2026-08-31,REGISTERED,1a551978450e62a57b3d53f91e7b043edf4c9e09f1f3397857df805664b4f921
R00068,OTHER,2026-08-31,REGISTERED,545fb4045178328daf7d97cc00f889f1f4782ba406ef8563314baeff447e30d5
R00069,OTHER,2026-08-31,REGISTERED,a174cdd834f0d791c6ce97c5cca398623fb5cfe3365de4eb172c4282463a1ce8
R00070,OTHER,2026-09-01,REGISTERED,87904d89316b09259a7ce781cff4c2d09c6aa22e54c0db3757e592db9b91db89
R00071,OTHER,2026-09-01,REGISTERED,c6e3d218d88d99022fa8bc06441a05edaff0757102d2899545d28db640da33ce
R00072,OTHER,2026-09-01,REGISTERED,6f48e61e00e56df058101a800a867db45ea0b71548fbe448d71e33cbaf80c2aa
R00073,OTHER,2026-09-01,REGISTERED,bdca250e8a431ad8e6bd639c5674b756a40d6741e5947b5aabd6fd8eaa0cbe77
R00074,OTHER,2026-09-02,REGISTERED,5e8fc555206a3053c0d3baf961ed3dd2b797b877e06665204748e9749d027976
R00075,OTHER,2026-09-02,REGISTERED,232a55c7a3ce099c5e31d483fd4ee49a259d1b6ba6326c7e8a5d11d9b11d6a18
R00076,OTHER,2026-08-31,REGISTERED,d2cf7a4dc73a0e3e0a87ce792ca553f4df8b1351a20fcdac82ce08e604f4091c
R00077,OTHER,2026-09-02,REGISTERED,7947683b30734e38e8c52f5258d27f4e38b0342c8badc56cc61f5420e55073cd
R00078,OTHER,2026-09-02,REGISTERED,773bf99a5529cfc81eeaf77e8440aab83db3ec2ba2f2da8d7b85f05bd73ae97a
R00079,OTHER,2026-08-31,REGISTERED,03b1435f1574a6ed19b634554cd016a4ac5232281407e24b39056272daa16c13
R00080,OTHER,2026-08-31,REGISTERED,bb725285d02bffa5c3b78d779a2256baafb8f673034f5e2a67e78aa3bc7b4905
R00081,OTHER,2026-08-31,REGISTERED,c579503da1095773b743a45e74db0bf8b6d3852ab0ecc198e75ce841e5a7a932
R00082,OTHER,2026-09-01,REGISTERED,07e68f425214845f6a66684da1342fe285b30d577d526fbf35266e9c076f2864
R00083,OTHER,2026-09-01,REGISTERED,8d132cdf10483c98462d2983ec50c50f367677068999840537cac001e56d0d3e
R00084,OTHER,2026-08-31,REGISTERED,bcf1171ff7222b5fb68c6997c8aca3bad9220f4a895d698229a9e0ac9f5dfbb6
R00085,OTHER,2026-09-02,REGISTERED,b96bf6cdd27ace38ff87ce18745090987107e2fa353da62558e13286e7a36be8
R00086,OTHER,2026-09-02,REGISTERED,501f760acff794673da3a394dfb67c0a83ff53f11f7f709a6ceb1d74c88bcd39
R00087,OTHER,2026-08-31,REGISTERED,e37b9aa43ec82be5a0a3ad743960eb246c38fb9033ff4bb6b95a0759babb9f90
R00088,OTHER,2026-08-31,REGISTERED,0bc0d3a643dc4ff986354724aa1e80add362a406351ce08eebced13fcb3519e1
R00089,OTHER,2026-08-31,REGISTERED,682a9b45a1e1f4e137ff45a57ae3bf79ef7ec1539d971ad5311d913ffae21983
R00090,OTHER,2026-08-31,REGISTERED,5600cf0de50af6f26b68e357f11b288c68b3da8f19120cbcc514a1137bdb9788
R00091,OTHER,2026-08-31,REGISTERED,ab6a90d2c11587480720a87b7dbcc6ed91da737c7dc8e57bfc6652ab3db55aad
R00092,QA,2026-08-31,REGISTERED,cd17e49fcb6fcfd0fb7e56ec0cea09292417d68d9a898445dbf3a8e0c86ba3e4
R00093,OTHER,2026-08-31,REGISTERED,0545b6dcaf77e5a772b195e11939294156f3be738458f898e1c472f534d2ba3a
R00094,OTHER,2026-08-31,REGISTERED,32bb3e42847b5367325d9230addb9286f749ae1251b9d400f7e2d114c0022648
R00095,OTHER,2026-08-31,REGISTERED,920c94c0a4f5d531b0f675929ca1a3fa0218c22e67f15956ca3a47108adfe38a
R00096,OTHER,2026-08-31,REGISTERED,25f05fc638417da9df7f357bb8bf5b4e480a166c2750555d9c0a2483950ce92d
R00097,OTHER,2026-08-31,REGISTERED,2efb6272976de4d2470d13c7717b512384dda73cbcda76a3177b845d0253ba51
R00098,OTHER,2026-08-31,REGISTERED,bbc8dbc09ebc8112d7bdd6290aec500a187285cc3a723e3175400c656b04309f
R00099,OTHER,2026-08-31,REGISTERED,09181ee5093514c8623a921b04dbc90dd121d6f466a06a6ae12ca88d5690f4bd
R00100,OTHER,2026-08-31,REGISTERED,656dbad9d745adb264c6657ae21f3b6357a3f717fbabd37f7ecb26eda499908e
R00101,OTHER,2026-08-31,REGISTERED,fc5f29d881c493e6f26cbb5b88cd6388ebd8e19cbccd28ffa85b73b8611e423c
R00102,OTHER,2026-08-31,REGISTERED,1e4730695fdcb23fa3542432f5ee0187e5405b7e54071565e48e70cce6a18981
R00103,OTHER,2026-08-31,REGISTERED,ab472e31cec648d23b1b2b339f3ec0b703b095cddb98fc830397a9ff1b579320
R00104,OTHER,2026-08-31,REGISTERED,f14e26141009972177d46ddbaec7b7c37854b547497d384380bd88f90c345f7b
R00105,OTHER,2026-08-31,REGISTERED,d49985a64d89194c9a57606c43b4a772d728e758957c0febce6581307751d6c9
R00106,OTHER,2026-08-31,REGISTERED,5d8759d5c667400a8ff72bb0f13b6bcaf187e9f5edf870359043bc61ff0f95a0
R00107,OTHER,2026-08-30,REGISTERED,6b6fe0bae7694cb238025fb8d8de3648e761361f9479aac69dca80fd5e43a0b2
R00108,OTHER,2026-09-02,REGISTERED,570e1f81030a0fbe8735f696556b6cd27dde301cc3a7420e59e51d90a9263236
R00109,OTHER,2026-08-31,REGISTERED,7ca094c26cd321bfb428c8b0d8b78c9a11f057f37cbf457ec04b648df8fe9974
R00110,OTHER,2026-08-30,REGISTERED,b23a168ada6677118f20c7c620d29677ae167ae71857a226d4115ad68cb764bd
R00111,DELIVERY,2026-08-31,REGISTERED,459404fa23f09851ba1b37bcae3e12655572179dbc9cb38dbfd6e2a01f86dfcf
R00112,OTHER,2026-08-31,REGISTERED,fbbd27ba571cda33464741a6827324d4ec78d9b48b96a4eab8f24ea3607b0e2f
R00113,OTHER,2026-08-31,REGISTERED,b1699f192bcb870a457b0a0d3aaa003e5ed0c5eb5f59264c04700e8b4071dd1c
R00114,OTHER,2026-08-31,REGISTERED,4d7a073fb1fe69c337658777e4fdf8ae42c5303df7adbf32cec61f26869e3e26
R00115,OTHER,2026-08-31,REGISTERED,e5ecbeb7fd623b9c696a39ed15db7df03e7b6f48658cedcbd4eadf821f35097d
R00116,OTHER,2026-08-31,REGISTERED,7fd9c8e4fd627dd8a8937ddfafa62e299000b6ac071106f58dd19fa685f20fba
R00117,OTHER,2026-08-31,REGISTERED,3c593357180a59db862ed7efd97ef6f4190633f6f039e2dbdce386c9e9d8307d
R00118,OTHER,2026-08-31,REGISTERED,71607dcb0b31afe6e65b2f294c83a40d778b680f129b2101bc9237ca8e5afc1e
R00119,OTHER,2026-08-31,REGISTERED,807a526e1235bd245c99e215f0cdbd6cf6b4faafae24c92c69382f18dda41b0a
R00120,OTHER,2026-08-31,REGISTERED,f63f1d888f51844c39b7febb973c0e60241e739c4688fdf04b5c7b2277696b14
R00121,OTHER,2026-08-31,REGISTERED,95d9bd09593336950ba3b2ce15544321fcb0b01755a439d7162d903067f44627
R00122,OTHER,2026-08-31,REGISTERED,f92545c29e983dad756afa68a16a23596ba423530c776cb6fbc8946e08f8500d
R00123,OTHER,2026-08-31,REGISTERED,9679399f2fe16ab0b4798402fddd50fa479f6934d87ce93d0e60c0d42e431150
R00124,OTHER,2026-08-31,REGISTERED,dc7fbd0c8a4a6a354000181ae1102b6b85119bbe29ee5827b0462a1d641aaa55
R00125,OTHER,2026-08-31,REGISTERED,d2d1cd154cf1f3cae0b7463c1f72112481c5b91879222de6c42b48c9be70e856
R00126,OTHER,2026-08-31,REGISTERED,3d1d3bbc88b004d9b1a4c89f6161a39f923fcb0534b7d7a36f3f7dd3a19875c7
R00127,OTHER,2026-09-01,REGISTERED,76d3e870d40e3f3914fe6634ab1a621571a2a3748574fd2a071e5718274f4cf9
R00128,OTHER,2026-09-01,REGISTERED,d241f96df6ec9fbef94077a38eb7e137320e2a54c8186b6f3d42cd752ffce287
R00129,OTHER,2026-08-31,REGISTERED,be6c35909fb6645466cbb89e7c541d6f5336eb4e308272674a4740958ac15185
R00130,OTHER,2026-08-31,REGISTERED,d6c05ce241d56021038881085a3735a1b2d67693885917ef365bbddb3921f12d
R00131,OTHER,2026-08-31,REGISTERED,0e30ac130e1691e3e58e0d38299d757e35f55fe0e04d91cc0e6c7aef12c5538b
R00132,OTHER,2026-08-31,REGISTERED,cf439c9fe26221e3a9176776b310fe9c26e479dd8194931eab32eb0fc94f44cc
R00133,OTHER,2026-08-31,REGISTERED,1f8f45ecd4094c187ddd0619257875832b4176332de1a8b305b8175a5a198f37
R00134,OTHER,2026-08-31,REGISTERED,d26def9d1672a7238f6e4155e730e98040cc5effd6ba7c2cb8c6a6518161e607
R00135,OTHER,2026-08-31,REGISTERED,53711a437c3626eeb2279aa4635da392a884f5a5998d46b2216e4948c89a0a71
R00136,OTHER,2026-08-31,REGISTERED,e1aa63021e4569d7295475c4bcaabfe3c9db9018c81799da59d8fd28cc13a16e
R00137,OTHER,2026-08-31,REGISTERED,21f60633a13416d6b0b5c2c27a49397d454ee5db22802c30d71e1543557df04f
R00138,OTHER,2026-08-31,REGISTERED,ac6d5e60c77a789f40963da715e3f26196b9f564d6a853826a05ce6df71046aa
R00139,OTHER,2026-08-31,REGISTERED,3243a97ed68159cf75754f95011d0782dbcfcf6c5573d3445b7f40ae468af1a9
R00140,OTHER,2026-08-31,REGISTERED,153b09b44cd98795c4c8906e82646f9a101c4279dc93551803a62a1ae9252a7a
R00141,OTHER,2026-08-31,REGISTERED,dce35bad76dec0bbebd4557d596f0710901679cfb47a2ba54b486da3f39b5b3e
R00142,OTHER,2026-08-31,REGISTERED,e6d2742229806136b727aacc073fa6cc023c756a76fab10e0e7ff0047c81c097
R00143,OTHER,2026-08-31,REGISTERED,c171a1b7d6b0d2aa5d3e5187dda1b53bbbdeb1d9c46f8a774a68863810754649
R00144,OTHER,2026-08-31,REGISTERED,06cb4b406947d8f6fa151f253e3077be117ce640561ac80d67b163f276c38f31
R00145,OTHER,2026-08-31,REGISTERED,1852e2e0010b45cc79feb91492849bda0ae0350486d8934c2378b0fc1f8c5b1d
R00146,OTHER,2026-08-31,REGISTERED,37c3c308bbe4821d5cc1fb4db4cdb42404e5312d431f780062426097146b7a34
R00147,OTHER,2026-08-31,REGISTERED,71b07238c7028f7aaea00ab90cea207b1fbc8596a4008315f9633ed2933933a3
R00148,OTHER,2026-08-31,REGISTERED,f27edc28dc4d5b0a00ce2df6918d86315c7607b91c3732a32253e14d45bef4ae
R00149,OTHER,2026-08-31,REGISTERED,f6b24fbb748de0d0de97a74b29f4b45b1bcef1029526560e08620762ee840b77
R00150,OTHER,2026-08-31,REGISTERED,60fb95c05e30b8c4fb3897931e40854efa5627de1db18cc25844398984cdfd02
R00151,OTHER,2026-08-31,REGISTERED,015566afe4d012b8b618b97c345bc2ca2aaf72e4e5c80ddc5873ceda38d8df5b
R00152,OTHER,2026-08-31,REGISTERED,e4f8443787fffde80b7aee82b1857a5ad5f2a8fd07c97d503ac8393a5b2538d7
R00153,OTHER,2026-08-31,REGISTERED,ebad3d3bab47ef08dd8fd404feb95c893ee9062ae61abc36520d0122a8586f55
R00154,OTHER,2026-08-31,REGISTERED,5d4a3d715b5c387924917252fcc6fd654574821e50ca1bd4ccb8321cc88ab4b1
R00155,OTHER,2026-08-31,REGISTERED,251e6e2477e3bc5aa8f0be11e3d29e44c7a3f47f50dcc7619c41c6a586b32741
R00156,OTHER,2026-08-31,REGISTERED,a5b05e3db84046f110cd1f8c207874205732a3283bae87d3e84ce0d0a62580b2
R00157,OTHER,2026-08-29,REGISTERED,f519a624dffc132ed2deea63486dda0b9848ee997c17bbd55e45863b12a828d8
R00158,OTHER,2026-08-29,REGISTERED,30eb15b12c13582db08ac17044f3b04049feb72519cade83f66ffa61e9a9cab2
R00159,OTHER,2026-08-29,REGISTERED,4271b8fffd217a74d8e4d5292b5eecaa2a529e3097bfc02a7e3199fe3fb3ec6c
R00160,OTHER,2026-08-29,REGISTERED,ab6a9937a7ac1fe6631d466bc829e0661411f892e2d60d7f7b99f25597c51893
R00161,OTHER,2026-08-29,REGISTERED,9a9a58b513a6e0a3e092d3154da520d53fdafa3d4c187869578b9b06474a36e4
R00162,OTHER,2026-08-29,REGISTERED,30f0b1b3b403ea8fe50033cfc26b297967727fda5bd1c45a58043d19c1a9faf0
R00163,OTHER,2026-08-31,REGISTERED,0e127f52c187a262f3a2e4063871cb7da326d0106bdbcaaff6728fcb8b8a1839
R00164,OTHER,2026-08-31,REGISTERED,3f51828e38205c868462e5d646857c7680548221a97beecf7e03246c3cd387e2
R00165,OTHER,2026-08-31,REGISTERED,c605962caa236f6861d26f79d43ed75897acf361ec203e7a875644b88f398183
R00166,OTHER,2026-08-31,REGISTERED,146ecdbf196d528605cdca85c538fe2d164e3018bcb5b25f958eb36826a22ac9
R00167,OTHER,2026-08-31,REGISTERED,cc7ee29970345ce91ec8088c921e02d4de7c65dea01a78041363d25a14d6c806
R00168,OTHER,2026-08-31,REGISTERED,5339835feffd5574397de2bb06c31c5311268b65fce5929e86911bde071bbbb0
R00169,QA,2026-08-31,REGISTERED,b6618d1ad226d2fc54ed4210ecf8033d16b7f24d8f2db33a8588ba8f56801383
R00170,OTHER,2026-08-31,REGISTERED,d05a9bff2b898de7c139c5a7c05405706f59e1d01900dd817b8b746b57bc196d
R00171,OTHER,2026-08-31,REGISTERED,5ab77ca7ff46f7c28d53847f3c47ecd50392b0504076463275e80e066d2522be
R00172,OTHER,2026-08-31,REGISTERED,48b659cdbab9515768d1e131b71a55a84d3def2e792dc4fe7fdc167a64d89ff0
R00173,OTHER,2026-08-31,REGISTERED,4cff3a4848024717faf43020f2b2eb14e032b5300eb7e0d29bf61f8ad3a4893d
R00174,OTHER,2026-08-31,REGISTERED,64cabf029cf211de30a7f96eba1a620cdc467e9828ef1388fd5e149db0eca02b
R00175,OTHER,2026-08-31,REGISTERED,f84cd1aaa1bfddb438c576cea32962e50df2c5749c1e0612b3dea32538873683
R00176,OTHER,2026-08-31,REGISTERED,c46bb92cb7285f3c9c82ffb569722258f51af361dbb071a5a2d3c35b199d4bd7
R00177,OTHER,2026-09-01,REGISTERED,fc1ea3941b0a74ef48047bc28bb4c23b5a4756e05f355938fd84e8c4ceb8d767
R00178,OTHER,2026-09-01,REGISTERED,f7a8101133d06c4676e24b7842434aa93ce0f98cca5860da105b4c912052c6b7
R00179,OTHER,2026-09-01,REGISTERED,8582760eacac3d62e130697492fc1b6b177dc7734b385e34b2e8bd982b71c3c3
R00180,OTHER,2026-09-01,REGISTERED,047fc06655f208ae3f75b74e80147e5d48909bc799ab17c619e120a2da3ddd2f
R00181,OTHER,2026-09-01,REGISTERED,6aacca29c77b25f3c4c333b3ee2e8bd72a85e4ce57ac8e30976d9e40f153f4ae
R00182,OTHER,2026-09-01,REGISTERED,fcb1329166b2118c7a7232a409405249c5c8ca452cee4a939bfbca19baa343b6
R00183,OTHER,2026-09-01,REGISTERED,d282c421653cd29466500f008456c0a34ab301e9bc3a16c80b42a10e6454bff7
R00184,OTHER,2026-08-31,REGISTERED,704ff5138e8dc2b285b70a0048fcdadf30fe1a79ffe6ffbb858533edcb8ff4f9
R00185,OTHER,2026-08-31,REGISTERED,ef2ad520ccf9cd34d3978fb7baf59b90efb88ffc430af517bbc72efcece38e60
R00186,OTHER,2026-08-31,REGISTERED,4881c61acbf56f5e5871c971f1c9c1270b36cc2f9ee70ce0f4fc12cdef69760e
R00187,OTHER,2026-08-31,REGISTERED,5e2ee4a3651e95abfe17e27bc335f797f8c83fd2b373c0b1acb11ec0886e6547
R00188,QA,2026-08-31,REGISTERED,074daaac1835b2fd2071b22a540cf2278d72aeb364fd3dadd34fd1af0259a669
R00189,QA,2026-08-31,REGISTERED,a3688b576f91a921da0342832c7a8072ce61c66e86dfa351624962f3f12c41c7
R00190,QA,2026-08-31,REGISTERED,193d648d43e96ba90a4c36c39afdc4bddd9a03845e689b60c16edadd2777f030
R00191,QA,2026-08-31,REGISTERED,167a9cdedf780fd49f58321d266ee02b51402a33330eee9723d769b4e9106f10
R00192,QA,2026-08-31,REGISTERED,6581939aa672201853738bab991f489cd93511c7618bda5fbfff8e8c452758f4
R00193,QA,2026-08-31,REGISTERED,78ff23f7a8c4195c0aa40015ab55fe8f5cbd3c31d04d2e045c3d5ac7d3f24136
R00194,OTHER,2026-08-31,REGISTERED,cd13d2f0b24638a350da556f421e901ae978e8c292f14d59f92e21be921598f9
R00195,DELIVERY,2026-08-31,REGISTERED,7dc68877b16539e3de30391643a852fc38809408ee4d7ec289781ba6610236e0
R00196,OTHER,2026-08-31,REGISTERED,1a760c8271a477eea74a9863bed41c708bd1a7082214581634c62174b739742b
R00197,OTHER,2026-08-31,REGISTERED,1c7b55dfe6b21e15dbfe884f9d6f169ac5470a2beee1618581c3d29367f3dd2e
R00198,OTHER,2026-08-31,REGISTERED,19abb6c162c1a7aca6d8a144bfc489a0b0de0c1ff12813a1c829252b51b6c8ab
R00199,OTHER,2026-08-30,REGISTERED,4c037d008157cce2a5376189e17691fbfe3381d2242430b548aadc49c2c278aa
R00200,OTHER,2026-08-30,REGISTERED,d66449604e5db49de1002837874072b5198d20aeea01c108d98ab256fc3f538b
R00201,OTHER,2026-09-01,REGISTERED,47de0bce34a0d3207235b57f5f8e8da3498830fc85b6fb0182ded552396768bc
R00202,QA,2026-08-31,REGISTERED,4375f4d75f558e591ac157ec9024a05d59a3e11cc19be6749ea0042405debe00
R00203,DELIVERY,2026-08-31,REGISTERED,79dcf5d678d3445b321c28ec7e9ee14ca539356ec74113fc3c95c0a6f16a8e6e
R00204,QA,2026-08-31,REGISTERED,857a25ab840ab534cca6b69a205a3c1239081b6d637e6735913ac23e9fdff5a5
R00205,QA,2026-08-31,REGISTERED,f9e614be2f204d87cf43c04f7afb99ec79a1d2dd89b49da82fffcd0928ab313a
R00206,QA,2026-08-31,REGISTERED,69f7e67433063666f4895f9131412ff6994b6e9d70675e6538714a99e434d884
R00207,QA,2026-08-31,REGISTERED,8c69f6bad4850c8f72d41e2de69597075e8b5ac1cf17c666d7c63d1b111a7888
R00208,DELIVERY,2026-08-31,REGISTERED,478e87b2e22e25c6bb1a05c5dbc9748c881a4aea30344594500ecb9dc81c7872
R00209,DELIVERY,2026-08-31,REGISTERED,bff1978509178aa486c86dea44dc7d783dd04106d4d4ba138af3ac93db5f8741
R00210,OTHER,2026-08-31,REGISTERED,f355dc751adf594291ba5fe824bb94880cd15bfe453233601f914c570d25530a
R00211,OTHER,2026-09-01,REGISTERED,3ce808524db1061753255725f0af4bf24dd23d15d78f29dc7f89815eeb33fd20
R00212,OTHER,2026-08-31,REGISTERED,c106fa07d86b8cb30b292cf5144ffb05b9eca96ef29f6cdffd606ad188141041
R00213,OTHER,2026-09-01,REGISTERED,bebf9c467d9c5b3a58a807f0eb5911ae5154edf37e9a169ee29ac7080a49a2d3
R00214,OTHER,2026-09-01,REGISTERED,624f82af05f257084c3e028c464ddf23be25fbd475e096a5b85b789e2cbc7f06
R00215,OTHER,2026-09-01,REGISTERED,ad6db7a912fd87107e10d3f28913159bacadb57eface1ac522b209369386accf
R00216,OTHER,2026-09-01,REGISTERED,f4c3c9c6960808ab9a952bb83c02a7e13a99cd9f197c606505a9ff23700e4b29
R00217,OTHER,2026-09-01,REGISTERED,ca07c9961f30e7fb5a21bcd941a43c0039efb847b820627744a1ed029d5b6024
R00218,OTHER,2026-09-01,REGISTERED,96481f88c6e5ce80fc7616b33828bae3a3937ee4ce2b8842b6dda4d01f58ccf7
R00219,OTHER,2026-09-01,REGISTERED,57f8c24168844233ba7d8413711c1469f5ce9cfc97e6ec5a6474ed671d2fc9b0
R00220,OTHER,2026-09-01,REGISTERED,d81799aa723abdb122a66dd4bc05914e472155558a8dbd95f6efe5263241f724
R00221,OTHER,2026-09-01,REGISTERED,5f39e9b4868da73fe0c2e798f117d3fd344867cfe18fe3d128dc97152dccbfc9
R00222,OTHER,2026-09-01,REGISTERED,33e9032f466d942456dc039b479c0ffa65cfb4bb3ae04655b512045e62f4e716
R00223,OTHER,2026-09-01,REGISTERED,133a160e0c1ed963613bf143867d79eedb93ae84ba6997972d63f391fe47dfe2
R00224,OTHER,2026-09-01,REGISTERED,9caf6266725d072d6c7ebe543e07c61939e67f33fee6f2ededcec2d878b63e9b
R00225,OTHER,2026-09-01,REGISTERED,5b5f36297dc517013713af404c8e5b923ee6a599f990314cf01e829d495049c6
R00226,OTHER,2026-09-01,REGISTERED,96aece1c5e9e430be9c70db79660f445c1854ca6ce4cadaa377eae54f34956f0
R00227,OTHER,2026-09-02,REGISTERED,42a8146168dcdc53550473a50c6dbfbd8e1d2548317edff0e3570fb49279515a
R00228,OTHER,2026-09-01,REGISTERED,f88c39a66b2ff81f0b7c1568c02462daadced112f17302ac3d5b9ff8294ec4fa
R00229,OTHER,2026-09-01,REGISTERED,87feb322b050298c471f8b53ff907e3fe4518429dad226365b08517693c68720
R00230,OTHER,2026-09-01,REGISTERED,9e33d98b93cf909815c4693677e47136b131e1bb3d5772c35f7a3cb723c95402
R00231,OTHER,2026-09-01,REGISTERED,40b02ad138c6fa8b64a62c88b0a7a37f7a883aee1f3d38d91f502edbbe78f1dd
R00232,OTHER,2026-09-01,REGISTERED,126cdc529ad23c521d2012d3523e051c14d9b67b08f629a59143de273db6c3df
R00233,OTHER,2026-09-01,REGISTERED,717749aed5e570cb43954d3ff15d46234ff345cd47d877c2dab0f8af49f1ad18
R00234,OTHER,2026-09-01,REGISTERED,34445d724bd5918e832bf1f0bc8a795e9240499269826115ae7f908298ede053
R00235,OTHER,2026-09-01,REGISTERED,764261638c25618da221653cdeecc9333d60c85039fbb3e50add5ccb2f5cfb04
R00236,OTHER,2026-09-01,REGISTERED,cb6911c9a2e8b8ebfc9733f71d450ac63e21228b7952ddfd66a1e4963864c655
R00237,OTHER,2026-09-01,REGISTERED,9338ecf16b16fdcd6901466cdf3bd665b242e4d9b4df6c19bae1dfd05bea5d5b
R00238,OTHER,2026-09-01,REGISTERED,2ca1e72e87c146eb64d3a36265cf56f00111117cf27731d8f97f786c043d61cb
R00239,OTHER,2026-09-01,REGISTERED,223da10b42ada62d7d142bb732656041e11702c652ff3cce24f2f1f9a8e03d78
R00240,OTHER,2026-09-01,REGISTERED,60c6e73bd0ce4df0105ae8e3e5b1760f6fcc4b190ddaaef4e5e99ac58d9839d1
R00241,OTHER,2026-09-01,REGISTERED,b4dc99946f8b3de0bf9ee8351f50358d2d21c5006663da217e4ccb0d4598f916
R00242,OTHER,2026-09-01,REGISTERED,356c569c1f908cb3dd66a6da9a7ecde0968c26a917363504761f3c2dc48ce4b2
R00243,OTHER,2026-09-01,REGISTERED,3287411747d149c40db82127dfc81828fb17520896216ff88a9529bb1108e971
R00244,OTHER,2026-09-01,REGISTERED,6d01f3c479b43a0f9fd5a344ba1e08ba7fbc78883bad2506f90cb518053bfd06
R00245,OTHER,2026-09-01,REGISTERED,b6cf463f387f2b559bcbd994613a2a3c172ddee8979a828077579343be017a45
R00246,OTHER,2026-09-01,REGISTERED,ad51ee7dd53f52300b4766097c60a35eb073a2519fdf832bfad7900cb970862a
R00247,OTHER,2026-09-01,REGISTERED,3ddf45ac957dd7fca77977ae91ffd3c7c2768693f05e1469b76a062f859a788a
R00248,OTHER,2026-09-01,REGISTERED,d1d15f1afcaabb0e694348f5eafe3a4ccd76149c35a403990b9da8feca518bed
R00249,OTHER,2026-09-01,REGISTERED,9687a19fb988eca81512e6d8581f25f05070a90057ced12ded6fb4520f12464c
R00250,OTHER,2026-09-01,REGISTERED,ce067d438dda6beb955a46763ab4eba91610ea15034de97b212e55d818608d72
R00251,OTHER,2026-09-01,REGISTERED,6b02bb42f6cad95a44c9ba09b9da765085e52e4208b60fbe61e551122a397c4a
R00252,OTHER,2026-09-01,REGISTERED,ff10214f3dfb58298051d07d619341ae648415957c7b29dccf2efb22cc0f6aff
R00253,OTHER,2026-09-01,REGISTERED,de290acb62370d622d23f91dd4264a879f969b9094022cd550bf60065172df7b
R00254,OTHER,2026-09-01,REGISTERED,4e9d86762b65868aa6555e83ddcad57bbf0890ea03b2d1c58705916991539b2f
R00255,OTHER,2026-09-01,REGISTERED,91c7a70819f61b1fdf6b29d173051b3a793fc72f8f438dc2f093269f0f5ad18d
R00256,OTHER,2026-09-01,REGISTERED,0cdbdfb22d1f38d78ca96a9af7256197d3f8fb200c4861316ee8ec0abcdda479
R00257,OTHER,2026-09-01,REGISTERED,87ae9a1291f9b62cd8aef7ece348f70cd6c3f937feb056372829a8c00054980a
R00258,OTHER,2026-09-01,REGISTERED,daf2e9902a44e4d51b00359cf97589d574b8943cd65600ecf6b60d0bc5835689
R00259,OTHER,2026-09-01,REGISTERED,074ca11c32989cd1fb93d668b6e980892bcc071b328e5946273b7a6d55016d5e
R00260,OTHER,2026-09-01,REGISTERED,d37aba79096df90f2564ae520b096169e695ebfc7e94a8f16754c9a21c84ac54
R00261,OTHER,2026-09-01,REGISTERED,b0966a32152de01cf3f7ca3442e54337fc6fadbd2b254f36ab267e07e62ba410
R00262,OTHER,2026-09-01,REGISTERED,9ea2c2ef069c9c8316fb2734d639cd80863189c6e4e3fe2f7c797ef94f8f287a
R00263,OTHER,2026-09-01,REGISTERED,4af69d279ecf6eb0d1f144a99e5318f945ba4284ebdc03f566c35a6e9ac66f96
R00264,OTHER,2026-09-01,REGISTERED,c6059b36bd0d270acf693085d0d128b1ea16d71d7cb9430f14602184300a68bb
R00265,OTHER,2026-09-01,REGISTERED,69a4a8adc66623f79b15a932dd4a8598b69fb08b944e97caaee7e3b03259ef44
R00266,OTHER,2026-09-01,REGISTERED,80a25267009f853996f998f3294d22fddc6d266e90c44153265d5130f9b6bfe9
R00267,OTHER,2026-09-01,REGISTERED,d3a2b69bd0b9f6c487723e7db3db5be59929848f6b9607d06eab736ece32b1e5
R00268,OTHER,2026-09-01,REGISTERED,2c850c201f8c195ee7c8a23aaf5b04a2f361341b28ea47eba617cfcdd88fc71b
R00269,OTHER,2026-09-01,REGISTERED,c4970b8c2c5b4cae502388351855eae6deee421061d5d3058c9638dc8eadd7e3
R00270,OTHER,2026-09-01,REGISTERED,6b70e061875c7bd9501c0bb66c797ac4117e19b87dd02531ce8f6f76b16af5a7
R00271,OTHER,2026-09-01,REGISTERED,63edffb7bd88a8fc58bcea63ddba8e169078fc87691ee836a52b00b130518e50
R00272,OTHER,2026-09-01,REGISTERED,1d5dd67f5d7a73be808d66bf487ca4a165e1ea21ceda7483be7cf5c5ed2620b1
R00273,OTHER,2026-09-01,REGISTERED,535f1f61838a1acd16280e5963d6710a2155fe68a9234a61fbc9fc5b23d4064a
R00274,OTHER,2026-09-01,REGISTERED,da2be0e7aed03bddbe3b0eb9437b594a3182ae591580b8fcd41a7cff26650db0
R00275,OTHER,2026-09-01,REGISTERED,0b40c024dba84910c23522d0968b9fc449d46492aefb68f3edbe8a58e01e6c24
R00276,QA,2026-09-01,REGISTERED,c1b5c6961459634d2e9dc5d9a40b03cad545eb94e2e26ec9de09fedf01d24c0f
R00277,QA,2026-08-31,REGISTERED,d49cc73e77cde3336ddbbda20c26309e137098f53830359cfc403303285c319f
R00278,QA,2026-08-31,REGISTERED,382dd82cda4014db2424cdcb84294150bd8b4fbe63cc07e5976fd3b662955b15
R00279,QA,2026-08-31,REGISTERED,89af30277d73e6221543535497aa1c65294453741c89609cf9c95d0a3c0fa72a
R00280,QA,2026-08-31,REGISTERED,c85caa3bb53f40afe20209418b88bc08f7e9a6be2194870cfae091dfd5a86fad
R00281,DELIVERY,2026-08-31,REGISTERED,9fe832d93f967ee53e6774fa2ea15768c8295f22abebd3cd4c7e2897cfd70866
R00282,DELIVERY,2026-08-31,REGISTERED,8232cb60b3967c9fb8b61b457c5148161839ebb7718443640766b9e9759be55d
R00283,DELIVERY,2026-08-31,REGISTERED,099b9216da6448f1ba928eb38773278b216f36b526cc0a95cf4ef60ef11ee98b
R00284,DELIVERY,2026-08-31,REGISTERED,509f313c937fa2eb00e412dd1908e6b21ac5f5a63e90f76032cd04519a470192
R00285,OTHER,2026-09-01,REGISTERED,2a1b9b790b567f89754727fec57e679dfe28f4003a652da3ad8d402b8d6cf765
R00286,OTHER,2026-09-01,REGISTERED,e3d7c61ab8bb7c2f5989ca98bdb255008cdde103e28ffc34d1da43a02758b6ea
R00287,OTHER,2026-09-01,REGISTERED,7b6b1d28fae6e8282f8be4e8434c41507f11f246ebb4f5eb4a3278a2b112c592
R00288,OTHER,2026-09-01,REGISTERED,cdd929e0641685f0de15be43339c2a4d493c48c6fac4c8215c9a52ad50eafd3b
R00289,OTHER,2026-09-01,REGISTERED,9c644b9fac43a9a625d0cd11f91bc22c605177a96b2403e0ce5b44b86b0b4a2f
R00290,OTHER,2026-09-01,REGISTERED,bd778ae683214c6ced54b4eabb0d7eb067e2feb5a1b4394504c8f21b72bebe6d
R00291,OTHER,2026-09-01,REGISTERED,1299aa01dc6e6158c8e959ba3fd11fc1a8e66ad4fd1b1b27464f05274458d254
R00292,OTHER,2026-09-01,REGISTERED,624247568438173f7d5983e29617976ad072de6220a9ec249051768639d6e2f8
R00293,OTHER,2026-09-01,REGISTERED,8ee308d8b57b29facf318e94faa1d529f1fb7d82c4bb2bfcc9f44cf6dc1aed0a
R00294,OTHER,2026-09-01,REGISTERED,a775f782a8fbfe9d5b652b87eff7b54491652c53a7e8e42a6835a36765715b5e
R00295,OTHER,2026-09-01,REGISTERED,3bc90f58e40399febee4cfa383f7aa5b59ca2adbb6bf6c4d301e86749476cf46
R00296,OTHER,2026-09-01,REGISTERED,f778f436d3b77cd94111210c82e8da425656861bfb6326166e883673ed97bd8f
R00297,OTHER,2026-09-01,REGISTERED,cdfed1148bd8da182cfc4ea3a1fb5dc79e039761ed860e5de1625b961c2c2fc1
R00298,OTHER,2026-09-01,REGISTERED,aa23c6f4514ef8ea60b9ca50b0307200754a0084ba33b698a27ab36fac8fc8fc
R00299,QA,2026-09-02,REGISTERED,1890c62614e8958d2337b60b7ce52c093c259944c67acee83ad0f2c10900b988
R00300,QA,2026-09-02,REGISTERED,35001ff7e42883d9bbd37828f1be6e0a097220e121194464aac7fccdd934e670
R00301,QA,2026-09-01,REGISTERED,2138177bdb6f2c0bb56abdd892b6c5fcd817f066e796b417f8dd1df3826b6ae6
R00302,QA,2026-09-01,REGISTERED,d69ab217481afd1585f1de29962a49cbe0cacfd6f8ebd73afe20330fa29d891d
R00303,OTHER,2026-08-31,REGISTERED,098593f5e218885d5f988700ff8385a10fa74ba660c668face9c249e4321ca02
R00304,OTHER,2026-08-29,REGISTERED,eeb3922d9149dd678f9b427e4de5fb3a3eed831f0269e672be530ef1fe1f44ae
R00305,OTHER,2026-08-30,REGISTERED,8bd04da76426b865e52e8070bd94f45ef3b162c8bef0e35e68612ab530b16cc1
R00306,DELIVERY,2026-08-29,REGISTERED,7fa0ca77a9dc1035f4931fff0e5e48f1bb0e54ed75457e73a9231c5a72eac62b
R00307,DELIVERY,2026-08-29,REGISTERED,aa832fbdc4d461523c3c5bd3b1bdb2645ffc49e8ecfd9a929608618f93cb1650
R00308,OTHER,2026-08-29,REGISTERED,bc9ab6bf5bd092feb00b1dec6bf0ee9913eb2e1802fc9055d084c00e4347138a
R00309,DELIVERY,2026-08-29,REGISTERED,999f67ecf6022cc0299c50b552dfa6d97f3eb5f15b715024fd85b4990be8dd6f
R00310,DELIVERY,2026-08-29,REGISTERED,b8fa824d5d470f0da80fa17975d88999e8e4d250da6b61975ffc9febc39ba7af
R00311,OTHER,2026-08-29,REGISTERED,b9b94f27e4de7a54e29abb524b8c27ec2185e2853474c6dc48209260a00ffcdb
R00312,OTHER,2026-08-29,REGISTERED,a2f4a903b355179cdf5bceeb34b1b78c6e9b3a4024ea4085a24708770d0fe00f
R00313,OTHER,2026-08-30,REGISTERED,95e044b97d98cdcb90983f0f81bfee43a1eb055d1eb8a0a4fffc82fb94a11024
R00314,OTHER,2026-08-30,REGISTERED,4e0f8f411dd5eac4de56197d1dcc94218e5b3b270be6a5263ef003ba987f3534
R00315,OTHER,2026-08-31,REGISTERED,a2551b375ab3738cb52d74c537a02b580dc058a46c206977ba8cb24011606fae
R00316,OTHER,2026-08-30,REGISTERED,679cb30c9d104cd8763d378a2fd7cd1e67b669d531b30c2f37896ca0435a9a14
R00317,OTHER,2026-08-31,REGISTERED,ef599a2de6008e65fd4052c532a6dec28097bb8a38c40e22d465bd28ce00ccb6
R00318,OTHER,2026-08-29,REGISTERED,95c56b3c96b344cd75243553666d78ef42cd9cb7a0b47fa7d0fefe3ab0d8abc7
R00319,OTHER,2026-08-31,REGISTERED,621b9dc775217d881d35c2164b64aa0ff5ff8313c51a9a1718e0ced7cd5b77e4
R00320,OTHER,2026-08-31,REGISTERED,a1e1fa25ab956680d3c5e47e47a9b8f89aff1a4c4d5e6c2d3b4d5b5536dc269c
R00321,OTHER,2026-08-31,REGISTERED,ddc7ab5730a033ed7ca9e8b48ad9ced7386dffe070ef7a1f55e120ef4ba791be
R00322,OTHER,2026-08-31,REGISTERED,ae047d495300f5b9d5d70b505f6495f5dce5ec758b426a5fe503186413d9fc59
R00323,OTHER,2026-08-31,REGISTERED,e4dc6ed1caea8d4257e61e0b5f713aae27d4aac0fd17dbfa2c444a3db65e3490
R00324,OTHER,2026-08-31,REGISTERED,72c5482ac17df3d681b47f155d3a8b5f131484d66d1d6905df4d2da38a3d2010
R00325,OTHER,2026-08-31,REGISTERED,f8b74b4c080eb7140fc6d411b3f1378b9c256018cfefcf40ac69e0080be102ef
R00326,OTHER,2026-08-31,REGISTERED,18cb5bf0399773b4086262a9e071ca0b8110c1d76e0cd8206d9eef923dd55b9f
R00327,OTHER,2026-08-31,REGISTERED,13bd13854b9f43c4cd60658bd1203039294a52979d15d4151bc867e778944a84
R00328,OTHER,2026-08-31,REGISTERED,539a6a86578b0e8634e53d937464b88bcd2614b81c60ff3205c52320583919ba
R00329,OTHER,2026-08-31,REGISTERED,c121cecb672bf1ee2bc5948f44d5b4c0f5a8461e680e322c879f2be5968e6a1c
R00330,OTHER,2026-08-31,REGISTERED,4f41dc2a005311b39cfe4dfbbdf13d1f2625d0d2ef77fa8b4d5e946d082db16e
R00331,OTHER,2026-08-31,REGISTERED,def283a3a8946546133ad5b54d48ad9c741164c5b25b5b1fefed5083732e272a
R00332,OTHER,2026-08-31,REGISTERED,33b1faf6973a44512b2357126c95f02a5165fd158486895ba1ade75552b984f4
R00333,OTHER,2026-08-31,REGISTERED,82cf059407d1a5091c73786aafe39453847225d4b4985c37912a847174fef91f
R00334,OTHER,2026-08-31,REGISTERED,cd610786a8825a21162d8414c189bd0dc53217665ae743d02dd392fd5bc7c857
R00335,OTHER,2026-08-31,REGISTERED,f8f2d267e61eb4d28735cf9b4cdb364f0704d6be7b673a9bc29cecef140d07e2
R00336,OTHER,2026-08-31,REGISTERED,9a910e6ba4324c341cce0e6fff1dda27d12eb7b524a7ad2eb6a6b393812dbc90
R00337,OTHER,2026-08-31,REGISTERED,e7f67e3c4ccacabd2d0265274171ae5be761be110eb7f0ac7ccc208972902307
R00338,OTHER,2026-08-31,REGISTERED,15246181f9c09ce4a3e8e34f4aa94fd4dc89edcaeabee1778d801f73c6a645f5
R00339,OTHER,2026-08-31,REGISTERED,9ee265363e16dd881f1a8ca52db31fa92e413eb1cd5c085d25f9b81d3a6f435c
R00340,OTHER,2026-08-31,REGISTERED,e37af98a6874de13ee2c63c6d90928fcd57844ac7a6b2f5221566f939a191fb3
R00341,OTHER,2026-08-31,REGISTERED,e07753784f49dd96b6a683f200c31bbfde4c090d13f36cdadb03c164d23667ea
R00342,OTHER,2026-08-31,REGISTERED,083696f93c340cb05e353590292d03b2cd6ff315c0e4e49cffe3b105a77d0380
R00343,OTHER,2026-08-31,REGISTERED,57558560fefa48e6ce70253f1a45365733f03da3f39f134c2349db934cae77a6
R00344,OTHER,2026-08-31,REGISTERED,972b54b0586ffcbee63dcbb65c7da95e9650482c90f836fcb90c475024f78856
R00345,OTHER,2026-08-31,REGISTERED,e345cf3182d6ac67628aa6c8a7b5c7431a971f30c6b94f847f7b3d4a901b6e6a
R00346,OTHER,2026-08-31,REGISTERED,c7a9babdab9255af06b23bb2dbfdaf82589539ee8486bdffe10642589baf07d9
R00347,OTHER,2026-08-31,REGISTERED,98064c3365708e17876a33aa56e1c5fc982c2595a02f590033155acddd9a7260
R00348,OTHER,2026-08-31,REGISTERED,86a97c9f458b4dedc8ae78efd31840dadd8e74f8c0c5aef912e6cf5eb179fe38
R00349,OTHER,2026-08-31,REGISTERED,e1c3ad49547128bead991504b3005eac2a1cb551e9a8cc5259c1a7f45402b0be
R00350,OTHER,2026-08-31,REGISTERED,e53351c76548e2fb010f0a00aca572043bdfc52a3ff9c20b7e9b1a70022989fd
R00351,OTHER,2026-08-31,REGISTERED,218e804788b9f351454a896a961151339d770f0666bf1e36c7d4ac0d76c7d5e7
R00352,OTHER,2026-08-31,REGISTERED,7b49960d057d5261dbf5abf454ead28a4774bb0213cb2ea7a66884924b3bbb3d
R00353,OTHER,2026-08-31,REGISTERED,2ebe497711fb6b628e946f4a3e7c4b8b26ee55d4ba019181bcdc587255d8037a
R00354,OTHER,2026-08-31,REGISTERED,5510afce38fa0340addd027bce6a5f2adf9f6a13f54718362df7565fe429d7c0
R00355,OTHER,2026-08-31,REGISTERED,aec716c95079cb1c80addf4635e240bfd526131aeabb9ed4368f27855b9bf2f4
R00356,OTHER,2026-08-31,REGISTERED,276b9ea127ede67e10daf151ee6bcdc26ad25fb2d92383ef33ea80a902d9bddd
R00357,OTHER,2026-08-31,REGISTERED,25b77695857b1cc803c551a3c0d85edf06f5407de28b2a00b540f83baa087b73
R00358,OTHER,2026-08-31,REGISTERED,0d93c74fca0eb21c4f4e2855f0e8db31a4675040fccaedb6e012af34e224580a
R00359,OTHER,2026-08-31,REGISTERED,18bb06360c0103574dcd6c76b3d2a51834b1e4562d92a12a61d8c94d7ba79668
R00360,OTHER,2026-08-31,REGISTERED,eff1bb610ddb3df90011bc5a2eb2fe9f0f66b54fabf5c19ec6883d11e3cc4ff8
R00361,OTHER,2026-08-31,REGISTERED,368266541e3e70d78a2b801d5fdd8ab7af5195657ff49d856ec0d3ae06fc4e77
R00362,OTHER,2026-08-31,REGISTERED,79e7e2c27da12a37276304988f4c9b3b1adee335b906c40d5b99bf29951277a9
R00363,OTHER,2026-08-31,REGISTERED,2a62bc808f880a3d7907381df7425b1a3cb27fced4ce39c72d2b9da840c14d61
R00364,OTHER,2026-08-31,REGISTERED,92f7b59ff58106f4a4210a6cc18c372785eb8e05651acb5024d95af718f9f0a9
R00365,OTHER,2026-08-31,REGISTERED,bf9d0c80131c0a556f181e27958d6071d564982a1511d0af44f83419fc0d54d6
R00366,OTHER,2026-08-31,REGISTERED,5907815b4d2cf7bf97684b80dc29c43e454ae84c381541003cc469f2bd2829c2
R00367,OTHER,2026-08-31,REGISTERED,cad676912daac624b7c74c1f6115d685b5a92418875713c2d5b4429fd5d02a05
R00368,OTHER,2026-08-31,REGISTERED,c63a88b0a5a31cb7b586642ee4c9c041c72161ff448aab8e4d6b4647f7a127ac
R00369,OTHER,2026-08-31,REGISTERED,703a528a0c14589a0fa29acf0b1999690fc2641b09c63d86a5d9b099087a8eb3
R00370,OTHER,2026-08-31,REGISTERED,38ed82376845fe5eb7c078e544ae628472e6324e9b97912de93f585382656afe
R00371,OTHER,2026-08-31,REGISTERED,d7ecd107a77ff8fbb8b79538a8d598fd4849834b367ceab252eb2ba3f8a78a70
R00372,OTHER,2026-08-31,REGISTERED,cbdd6120ff211630015abdd8d009fd71368fb44ff363725c7c74c6e464ac356c
R00373,OTHER,2026-08-31,REGISTERED,dc35d40e91bf93f8f9a8ce4932adeb99ca04441f016053d60612fb81f59bdfec
R00374,OTHER,2026-08-31,REGISTERED,d3e531bf62aaab8c743718b6dbad2a9d120588dcf10c2d0aae153ab1cf5b454c
R00375,OTHER,2026-08-31,REGISTERED,c449a25dbb36b9ffba327184e482cce2f28610e6ee2e964b7cbe97e41c78118f
R00376,OTHER,2026-08-31,REGISTERED,a9a61af4ac63eb8650ad62a7a278303285da1c6d5df4c21e14805a0469512161
R00377,OTHER,2026-08-31,REGISTERED,d7df2a96026a7945d790a08625e41fc57a61847fa86e1452879856621fd23d95
R00378,OTHER,2026-08-31,REGISTERED,ce599e976767c5a833fabfbbca3e38324a3e1b677da2ffc6cc94db3139f80912
R00379,OTHER,2026-08-31,REGISTERED,41dbe6190b27f744a9448eb6ab3b94cd9824b349b33e711017045f1dba0ff3f8
R00380,OTHER,2026-08-31,REGISTERED,5dcfc57ebfbeb481a9bbd2298b6d4dd92e4589a58ed83b66e5f316c98be0be02
R00381,OTHER,2026-08-31,REGISTERED,7631a9f8bbd1873035e0a0ab1dae1272674b3b4fcdcb6f2b89076400c04aeede
R00382,OTHER,2026-08-31,REGISTERED,ddd1d45688ccae5be3dd210528894e4fa62d1695bfe200b11548c1387e66ac34
R00383,OTHER,2026-08-31,REGISTERED,144cbd2c1fc4f4a056f192720e7b9cf181d808a7aafdf80a1880d69c8c0b7362
R00384,OTHER,2026-08-31,REGISTERED,ecdb2abb9feccc9452c9829acc46708b82610c595bf68efd1a406a861971f35e
R00385,OTHER,2026-08-31,REGISTERED,01a0e7dc3f53bc255c2c8241cccd7af1686e8defa9a76cec4e441d68ab039688
R00386,OTHER,2026-08-31,REGISTERED,8096a1e3900225870dcfa9bb6fde0208b16df31b1aaf994c12bb041f46d2f963
R00387,OTHER,2026-08-31,REGISTERED,e904182817e152f1b70a15fb6dd521b3055aa65ba6d46aa29ec3ec860be98243
R00388,OTHER,2026-08-31,REGISTERED,88567472b22d5861c91c3def82b5f287d1090e46223db318e6823d77c330650f
R00389,OTHER,2026-08-31,REGISTERED,dcf3933a182db15f94619fecc1e82e2b6584f6116cc272ce5d347fa87880e551
R00390,OTHER,2026-08-31,REGISTERED,59063533dcb1625e4090d38c5b01925eacbac3be2b72f51e3b76b51a31b80273
R00391,OTHER,2026-08-31,REGISTERED,c3e31d9ca040611b42bfd47b995c447ed0028a2b994646be2fe688db8d1670ac
R00392,OTHER,2026-08-31,REGISTERED,39d974c39f44e4b534048617ecebc298ed10470993f7715c9cd4e00536998ea9
R00393,OTHER,2026-08-31,REGISTERED,add6740c4e63929ce2ecd1538141e554bd6cb28a2854d51bea68eb641f98885d
R00394,OTHER,2026-08-31,REGISTERED,69f4747aa65a7b9c349b88d6f5c4f8ce9da40d48965cfd906704df6d2457b918
R00395,OTHER,2026-08-31,REGISTERED,1d08799017180fb41e0c42f55b0ea036e98edfa89a3c2359471b166b3ebd567b
R00396,OTHER,2026-08-31,REGISTERED,53f1ab60cb24d86264809297fdcbc2508cd4c8de59969447fb983538a78b1dff
R00397,OTHER,2026-08-31,REGISTERED,12ed6c781d7a6107544470ef01d510559d40ef52c071dc82c410ec0a6ac459ad
R00398,OTHER,2026-08-31,REGISTERED,2a768747f016fd2a443b5d545bd7d25771bdf6c026b55e00f6c3b25619ae7ae8
R00399,OTHER,2026-08-31,REGISTERED,aaf2415cb1c24422faa6b4e23cb4c36916b42a79cb93432bd17ed4d38880218e
R00400,OTHER,2026-08-31,REGISTERED,fd7b642ad9e6f13a9a47f00ca1b242fc838d1c10f9aca6905f8fb653b2297942
R00401,OTHER,2026-08-31,REGISTERED,e4be2260b90531d9740dec8c4c9e9585104836a0844426275c4e4a2306c4c969
R00402,OTHER,2026-08-31,REGISTERED,cbd3da6a80e62091c417f14b0e32ecaefda7b5d877e3ec9a4561cd0b2c649711
R00403,OTHER,2026-08-31,REGISTERED,53635c327255ae0eb08e93de16d470da36351670aedb842a757cae288a9427e7
R00404,OTHER,2026-08-31,REGISTERED,c71ae86d085fef265cbee25b562ca16c204298c0131974900967bb14740789c8
R00405,OTHER,2026-08-31,REGISTERED,acf1f79e6049c5ae0c4cdb0fee7a8967ecb165183928e2878e7a2d52232ba478
R00406,OTHER,2026-08-31,REGISTERED,aaad35950789f81af263500132d5e9d47d5ce8859ac9dddffba7a29b6968e8bc
R00407,OTHER,2026-08-31,REGISTERED,83039bc8336390a80f1f8b2773ffd2fdbd210c18dc5a952c6cc49e3aa337f9e1
R00408,OTHER,2026-08-31,REGISTERED,639d036be23068d75370719d5360d7cbfa4b5ce57d950a8663fab7867e1dac62
R00409,OTHER,2026-08-31,REGISTERED,7492410030b6d82bbc3bd7d25bbc74bcc7a62e83ec3346cbeae1896078d115ac
R00410,OTHER,2026-08-31,REGISTERED,be5a6c403d3a34d3140bcf1f64029ebeeb753e4598bd2b37047343df50f756d9
R00411,OTHER,2026-08-31,REGISTERED,544b4396fb808594c36022ec42f9254ef5ef9c33cfed9792db2db70cd1de65af
R00412,OTHER,2026-08-31,REGISTERED,3ba1e65ce0f17381a37918f062f520c1edf64a39f856946104954bfa35a01d9f
R00413,OTHER,2026-08-31,REGISTERED,4c41c5b95a560dd7b8354a664fde9fc103e29ab8745272387102a959e24c7252
R00414,OTHER,2026-08-31,REGISTERED,d74d8d77f29e126ce5dbe2bc1026153b203724396a9e248701bb5aa12d358b1f
R00415,OTHER,2026-08-31,REGISTERED,f5fc1ec87416c549ece743267091932fc01fd3f6ec503197d1b65d3d2f5f795b
R00416,OTHER,2026-08-31,REGISTERED,d74aa09477f7308e60aa0cd5859f7000b88a311439eed090ce7877038dba9675
R00417,OTHER,2026-08-31,REGISTERED,3f8f00a5e3b0fefaea548d6ed2994f321d8f83319208a5733cfe6b40b66c8eb1
R00418,OTHER,2026-08-31,REGISTERED,c436ba067ecc6ac81b6246e06ecd407099cbc2b38eaa42eef3ecedb7db964b51
R00419,OTHER,2026-08-31,REGISTERED,7ab0690aa54b9b43324027e3bc50fbd3c1e9c179da4daefeb75f9b85e393d7de
R00420,OTHER,2026-08-31,REGISTERED,2b601b4c38df1fd4245547a3f972878839352f240c0de3393f15a6bb317aef71
R00421,OTHER,2026-08-31,REGISTERED,7e052a953bfe9add0086e89391471b883657705e8412330386a1cb745a157416
R00422,OTHER,2026-08-31,REGISTERED,b6eedf056179decf64f78b3ce3a964a774722d1971cf3f76e50c0e8ce1c131b2
R00423,OTHER,2026-08-31,REGISTERED,8bf7f4080f5ddb7d8b8d7d6440a7ec296593fd19e65c78366b94af0427632fe3
R00424,OTHER,2026-08-31,REGISTERED,37bcb4ba6952f21c76d907ef5de6d03ecb2dc1aafda969291e5525f06d2ef6d8
R00425,OTHER,2026-08-31,REGISTERED,9eb4d3bf964138bc16b0d08693c7086f88c09c185c3ef2d34a30c191a6403a38
R00426,OTHER,2026-08-31,REGISTERED,c2a7108385dd963ce8db5b14e06e6b8e2fb03e59a32dd353ec55c11e82eee29a
R00427,OTHER,2026-08-31,REGISTERED,b1ea3bdd687643373e5261596ec95805b0fafce4dd94dffa896efee8fdce13ae
R00428,OTHER,2026-08-31,REGISTERED,cb27bdd0d496f8a4c1bbba4bf6258531cc6b6d43917deca51affb97016cc12c1
R00429,OTHER,2026-08-31,REGISTERED,829709ae5afa9cddd331a5ca3caa6122c519c5a694ac28ce88107bd37295f7f9
R00430,OTHER,2026-08-31,REGISTERED,fb80295c29c7631cf27059640c44e991d18da47b28a1f9eb9ab48bd8ce3e5883
R00431,OTHER,2026-08-31,REGISTERED,13fed5913c098affba0a0094e4b2d0000c5e49e603253fbf853c9621b78abf35
R00432,OTHER,2026-08-31,REGISTERED,d49402a686cda56fbd6f6665153ec90fcba26509138694b26b124a3e8ff69b0a
R00433,OTHER,2026-08-31,REGISTERED,7dbb63b7329384a1f92d0e07ee8f9a95bad8c72f6ff2cf0638a6f58e807508fb
R00434,OTHER,2026-08-31,REGISTERED,8639cc453df50a53cf1a96c18f3daf89b217fbd995aa223bb1c5bf05d4f5443d
R00435,OTHER,2026-08-31,REGISTERED,4c483d6cbf77f0a115e1f37a793f9f29231e1c6bf6ad9b0f74472e7032995f10
R00436,OTHER,2026-08-31,REGISTERED,ef9226822df86fb3b9b2a1c6503e1e3e81e69589586f9b4a6eb60899b8e78cd1
R00437,OTHER,2026-08-31,REGISTERED,a316cdd1fcc143b52ecb6032523543895c9ce9859af9ebdf6bf9c3ac9ba8f2dd
R00438,OTHER,2026-08-31,REGISTERED,a71b44ee979838caf3e7cd35cff6a417c862673ad8fb642cc071e1484c7762da
R00439,OTHER,2026-08-31,REGISTERED,fd7af320958266d9ffc16ea032e3c11261fef68a00057dbb46669eb00204e0fc
R00440,OTHER,2026-08-31,REGISTERED,fcdd50666fb949e2eb2aea85b48a216e650481921624b8969f0b0ccb313802e8
R00441,OTHER,2026-08-31,REGISTERED,0f344a2cdc61b2e5c46ad8c5ecb095ff1885d4af4739c08ab5ebb9ef8bd8aefc
R00442,OTHER,2026-08-31,REGISTERED,c98abae3cc263833a97d9e2cfe09a8ac430c2a2169fb8bae5946c9fe36905b3c
R00443,OTHER,2026-08-31,REGISTERED,49ba103d2d0ef1fefc6aaca641e54662ee4ed76d89f48c65ef3b706ead8bda3d
R00444,OTHER,2026-08-31,REGISTERED,4df5c7d265738700c0df4271d6e64f8b51b0b4dc4dba62a9127bce0d0d1ec4f7
R00445,OTHER,2026-08-31,REGISTERED,c907ba32f4afe81d3c7058ff86f294ad1068811650d629bcc6dc44d55e276afe
R00446,OTHER,2026-08-31,REGISTERED,beb8f797eeb9940a0696227123ed454efda305f9a935d6963325e8081c8c058f
R00447,OTHER,2026-08-31,REGISTERED,7e2d32888bbf53a528e1831efce03566ef6a36723ab453c81a8c2020b0505b97
R00448,OTHER,2026-08-31,REGISTERED,428aff98f9b2470ada42e07145b6c6695ffea6ada8160af02d63e9b06be773e7
R00449,OTHER,2026-08-31,REGISTERED,4a912d5e409be3a8bfa67748bd39513e17e98a09f523ed7498b93b5bbce8f913
R00450,OTHER,2026-08-31,REGISTERED,f92228da463f58254212d58c379cf6da85e753dd56ba88a5c114d625d9788e6a
R00451,OTHER,2026-08-31,REGISTERED,fe41f86cfc1b27314817c48baba2b69be31dd4fe5ebe74a2b27200e45b22e7c2
R00452,OTHER,2026-08-31,REGISTERED,6c440bb4d2065a37148759cc4f125e49f15256af96cd1038f5a15486ed8c74f5
R00453,OTHER,2026-08-31,REGISTERED,d7a733ac3fbf46ec4294f49e18f90b9bd1ca8fba023b71e105b525555c7f781d
R00454,OTHER,2026-08-31,REGISTERED,8ef98cf5f12a8a49e3d2468aaa4de406b6372c025caf9401d968946b424c6db9
R00455,OTHER,2026-08-31,REGISTERED,88b22f756ac1a446780c8be0ef7a4500e5b19633f645945dc5ad59f5243eae74
R00456,OTHER,2026-08-31,REGISTERED,6b7b3fec9dad3564e6cae763e3684909c0f82c8d868c0e66a6bcda3864969e74
R00457,OTHER,2026-08-31,REGISTERED,be6c3b75188c8f8bd2553c78403a880d5a87a3e1fbb11c94279bcf325c0d8301
R00458,OTHER,2026-08-31,REGISTERED,1ece0459216ffd93f8e1a2a090562efd6718213acbdc3250b318bfeae5fb21f7
R00459,OTHER,2026-08-31,REGISTERED,eac747b2452a88c973b2513ddfe08fcbc29fdc3ad5ed2254f03f9dd2e87b0fb6
R00460,OTHER,2026-08-31,REGISTERED,8e7cd6da352293cfefe6a3704f53483f01a48d30a39fafda18125df060e512f0
R00461,OTHER,2026-08-31,REGISTERED,3dd2be0bdb63942fc34255160d129ea32a38147541e382f13cd72506107b15d0
R00462,OTHER,2026-08-31,REGISTERED,5a32f48a09a46f0e1d0e4cd6c040e74aa556fb06fed2270b470d6077f3915289
R00463,OTHER,2026-08-31,REGISTERED,f976891c2ac298743f8252aefb5e823a4d3ca2d18279c853ef0734c72cf3c87e
R00464,OTHER,2026-08-31,REGISTERED,b6423c54dcd8102550e1854d5cbce231e890dc3344270e0bb3d4d54d47f75485
R00465,OTHER,2026-08-31,REGISTERED,404791f306fe22436a2707ba5bfb78ee5aaa15e684b04d751a3005616c84f61a
R00466,OTHER,2026-08-31,REGISTERED,034c14d2ef138f1d72563c9178b4c78b23f5f09fc01de932d03553b1e5cff72c
R00467,OTHER,2026-08-31,REGISTERED,50861ae7f32576a82e3b978168af7201d840182d34f820a5ec3f9837c395e454
R00468,OTHER,2026-08-31,REGISTERED,92cc1e4bafa637abb5b01ec830525164761eaa27be0d277a1da223601ee2b95a
R00469,OTHER,2026-08-31,REGISTERED,79fa60fec08d2c5a46b2b67fdcc4cbf33b8b3c098ed64ea9ef090ef6f8b520bd
R00470,OTHER,2026-08-31,REGISTERED,4b9115df0bad43fccd036028a83420b8331fe81a16307c2c099f46259b1f5241
R00471,OTHER,2026-08-31,REGISTERED,266c2a63104732617fb334931b316ec100392da87c2d1ee5ac66991bc571dfae
R00472,OTHER,2026-08-31,REGISTERED,fc3b3f172a7901701df3d7c094c00efc03f6ccd79f1149eb6e5c8d5d2e5ed504
R00473,OTHER,2026-08-31,REGISTERED,fc7b4dac3b608a9195c4b6ff328263329877f1897fa4ad4567f1eb4e5fdd2414
R00474,OTHER,2026-08-31,REGISTERED,c85c071cb6d42f19cb528c308a066429cbfebe5ab4a084d5252d97b4050c40bb
R00475,OTHER,2026-08-31,REGISTERED,540559c4846858c8df0e0ec32097338c23245190e76e11f35736e41b845728d6
R00476,OTHER,2026-08-31,REGISTERED,4af2a06df4b3a3378a7caa2e83dfc021bc5fa13c965918c0b34f00956e3bac60
R00477,OTHER,2026-08-31,REGISTERED,4cfd50a5fb965f2fb07d3fa33129c38ee93db4713416b022d1d117d36131656b
R00478,OTHER,2026-08-31,REGISTERED,63e98db7ebef2a5ab24502ce084b120699edab6072ec4a41698619c856411536
R00479,OTHER,2026-08-31,REGISTERED,87e522a967fd45fe400b7429ac0db481ca16ee6445e2082a3c0c4f39ba73a86e
R00480,OTHER,2026-08-31,REGISTERED,5593703b4d43f20b82bcaeb155b8559e20a5a8ef008ce0f68eb196f039f44d36
R00481,OTHER,2026-08-31,REGISTERED,ceadbf84d6acd11d95695180e785c47f1d9dc0387ab6e0e09df2206bdd3d34ed
R00482,OTHER,2026-08-31,REGISTERED,c073a7dd43e6c2df59c797c7a81ef1f575204f22a9dfc8a50911755c7df49aff
R00483,OTHER,2026-08-31,REGISTERED,715b8ae06cb22f3ba48e7e20ea859bec1cb4f39c4bd75ff4031f66479bd10a7a
R00484,OTHER,2026-08-31,REGISTERED,802591e774ba37a13b83390a8ca21c0f48a8cccbdf84abb1da1350867e08c358
R00485,OTHER,2026-08-31,REGISTERED,d4b44e543e460f0d2df26cdaef6c0f8b000b065a98422f86daefa3b6eb5a03aa
R00486,OTHER,2026-08-31,REGISTERED,54bb19aea5bf43068f436cc728b01bb1e2c00e71f8b2932d9e2917f714529797
R00487,OTHER,2026-08-31,REGISTERED,6476a677ade975d46dea2f173912ce9c267993b89d8d98355dc2ff52197fa6ee
R00488,OTHER,2026-08-31,REGISTERED,427998d1ae3c6840401e56030342049c499c58dacd744ddd7d952958106ea99d
R00489,OTHER,2026-08-31,REGISTERED,aaf60f5e2c9e6e00271dec42b2ea28cf66253bd45d1169c01e7c1d4c0bf1a755
R00490,OTHER,2026-08-31,REGISTERED,b3d0ec26cdff89fe403a76d613974242cf5f9092fdca69f3b7c925b20831e755
R00491,OTHER,2026-08-31,REGISTERED,dcd9b83b6e0d01616b137f69dbe5d522115d2696ea22e270dd6f962e3999c373
R00492,OTHER,2026-08-31,REGISTERED,b8ca99746c5f39a6eca49e4cf098ab19131047156c92691d0add79e558039dea
R00493,OTHER,2026-08-31,REGISTERED,93dbd79a83374bf383a7914d25deb42adf00e3c68d83cca5df45c15bc8783130
R00494,OTHER,2026-08-31,REGISTERED,ef6e035c58e33036bce74b2232fe394940826f6d89e2885393ee495fdbfe1fe8
R00495,OTHER,2026-08-31,REGISTERED,d911547d6b1051b92dd1b95e59c650094f51275bf1454f5f8bcd97ce77da9dd3
R00496,OTHER,2026-08-31,REGISTERED,8fd4b86b4fdd4cfad6fb143202d6623c226062467d3bb4cb3801e6f973f39c30
R00497,OTHER,2026-08-31,REGISTERED,763aa333763fb47477bfe9a9b4f7970a9697955a0b520cf7dbf6a0cdd46824da
R00498,OTHER,2026-08-31,REGISTERED,efcb12206ad79bbc6a9d1239a55040d88b75ff32eb0fb43d6a8765da8b1fbb36
R00499,OTHER,2026-08-31,REGISTERED,1ece1fd82c530ef98955fde7f07f9b7d6a2280c1ddcc2974130fe4638fdf19d7
R00500,OTHER,2026-08-31,REGISTERED,846dd9460f20866c2551b3c3ba737f77544a6b6e6bcf2034fe04ea8d42e7680d
R00501,OTHER,2026-08-31,REGISTERED,8114f09d6d5eed9f8785d8fd46b6861a47a07e79485b757ca2216b2254364561
R00502,OTHER,2026-08-31,REGISTERED,b492cb1996783fa24b5a8d5be49003547dc4e58954aeec36fe35fd52bf08a44e
R00503,OTHER,2026-08-31,REGISTERED,2c8db941255a0086363e7f598455399466d5e2611e8df5caf5f8d4a9360dbbcc
R00504,OTHER,2026-08-31,REGISTERED,a6bdd09126404ea732c8b78d0b0b34f08ebb25b40e39e9044f5b47b3349b2ce2
R00505,OTHER,2026-08-31,REGISTERED,f7a6fa368207afa072ca83db36f17be4e63d10baf02691067f837801f347c35c
R00506,OTHER,2026-08-31,REGISTERED,80a6f7e115075edd498b495c509b543d0c6b9c7d48ad6ff566db94df7474b3ae
R00507,OTHER,2026-08-31,REGISTERED,1ade7f1f731f61c69bc87b38f473bcf8ecd5093285b59d729b6075016ba7f74d
R00508,OTHER,2026-08-31,REGISTERED,037cd180502dcf200e72df4a3320435da20ab085e91290004b53746dc2192df2
R00509,OTHER,2026-08-31,REGISTERED,53b684ce9b1e924d7d9516d90f39f6e24617661a6dc7269550a07983711c94d0
R00510,OTHER,2026-08-31,REGISTERED,22cd654af1e571d27a2795f991126a68e9d317e40f237b01a25d3cd1ae8fc682
R00511,OTHER,2026-08-31,REGISTERED,178dcc16d75a309a984ce5df044bb51ef449e6fb2d7cc868e411d443f4da8e47
R00512,OTHER,2026-08-31,REGISTERED,3dc856ca08966809aa898e91b5779594dae6f34b41781f001b801d54f0efd1eb
R00513,OTHER,2026-08-31,REGISTERED,326b58b1cd6f42b6a0f90afb79385b36ded959bf05744438a6ad4ce2b4e5f57d
R00514,OTHER,2026-08-31,REGISTERED,1bdb4c071e51e1a47d9108f54d2bb02e1ce765e5aa05194dfb3ab017233346f8
R00515,OTHER,2026-08-31,REGISTERED,199d82590b8b377990489881b44ab0102b88fa97a39d25ed7198f615ba980be1
R00516,OTHER,2026-08-31,REGISTERED,3377c2c2ea95833f6a902e8924ec80675303890e1ab880efbb06fa2169d186b2
R00517,OTHER,2026-08-31,REGISTERED,ef6ad920fa4b276fc4239d6cc998c72d3e417cefd157632d797187fdd53e94ee
R00518,OTHER,2026-08-31,REGISTERED,9502e9c2dc2792e82bd9087cc6a5c476c237167d5446dbba747c8d7d199f22a4
R00519,OTHER,2026-08-31,REGISTERED,7c71c8b55fc15bb6addbe76e36b068e4f23f4b6b0a53fe8d3e5689d0b85db780
R00520,OTHER,2026-08-31,REGISTERED,f367ae12571d35e8d4dd2871d5dc82dd77071a23093c686b7942c3426efe9102
R00521,OTHER,2026-08-31,REGISTERED,4197ae9294103cad980ce93e77e888b172374134fde3b11fcbaf716dcd767da9
R00522,OTHER,2026-08-31,REGISTERED,2601532be1b8ce14b3cb514537bde55b9a4f636ce3f1eb2794b95d9af5273bb4
R00523,OTHER,2026-08-31,REGISTERED,477bf269008c17c800cfd6a5ba56307603f487e09bd36866d8360e62be9eb026
R00524,OTHER,2026-08-31,REGISTERED,d2995e27d4c4de52661cac45acaf24cdd016c8cde7cde38297aca0073330885c
R00525,OTHER,2026-08-31,REGISTERED,0473a0cae7ee0346036fb8e32ffae766dc944989c6ff685d9ab7754e9538589e
R00526,OTHER,2026-08-31,REGISTERED,0674ea704926a5f5f8cdef9e1d456043f7a2ba664c5743a9576f5f0ca3bfe69b
R00527,OTHER,2026-08-31,REGISTERED,e111f3f79e19f7256508a4ba6f9c14b3b6fa4496d9e955245706695c37afda5c
R00528,OTHER,2026-08-31,REGISTERED,669441f1943481446b927ff488fbbeddc21f81266554e520769f881f14932827
R00529,OTHER,2026-08-31,REGISTERED,72a34070e3a81b40563929e94a1c3f41b79fd730652a8f20ddfeea1240e70ed8
R00530,OTHER,2026-08-31,REGISTERED,23a7343e12e3d0fbba57b50442e3df79b165775f1789d1f87d2d82aa8a3dda92
R00531,OTHER,2026-08-31,REGISTERED,0a0f1dc34d7f0093abc303645137edc2637b6f658a89949fc68ce76ab6b9d150
R00532,OTHER,2026-08-31,REGISTERED,19392bd73c10bdf595b5975febb0ac2b9088c27bfc4b9b95759c7552c07178d3
R00533,OTHER,2026-08-31,REGISTERED,b758771d81ba30cb647e82539c09723fc756dfcb4096fafdea1ccc236ae12fad
R00534,OTHER,2026-08-31,REGISTERED,cf2ab71658f4d2d2eaeba0e64c9209747b5e78d180d161fbb86c566cf5238d00
R00535,OTHER,2026-08-31,REGISTERED,3a885e28e98806efda41b9dadbfa345a74fa575aeb2ab67c0d2626c44c6fedc1
R00536,OTHER,2026-08-31,REGISTERED,ec86bbfc7b684a6a58b2a30538a361da5a811e2bc0df534752f590fce7b11aa3
R00537,OTHER,2026-08-31,REGISTERED,091086c63dbf22e52dcb9581c335fb4bd7e5b19c9e52b9f23e1ef71c0c7d860a
R00538,OTHER,2026-08-31,REGISTERED,1e628a9b66615c5af2ebe0af0e9446fcd56b663e6a5cb786864feebc92233841
R00539,OTHER,2026-08-31,REGISTERED,d360ba649775ee69a30cd5f933af219bcce51b6722250b18644ba0fc16a981e2
R00540,OTHER,2026-08-31,REGISTERED,e4dbabd9ab37c36a9a64015f1d36a9f72e2f070169c0c5dbd2b1809406e0a0d5
R00541,OTHER,2026-08-31,REGISTERED,8cfa98f4a45c8cda01e42fdd9abfc05bde7ad96cd4a68397f46c26c4ce231f3c
R00542,OTHER,2026-08-31,REGISTERED,b69e668e2cedebe6e34d2c3d864434fd5cc9ccfbaceffb1d602c280e28c85078
R00543,OTHER,2026-08-31,REGISTERED,b5354577f92b8c0e9d7d0b5a478823ff25da3d5ea7f9f0dda940a2bc3b067f75
R00544,OTHER,2026-08-31,REGISTERED,d83a40011e47ee91f2112edc23ba9906d7211cf59b7fbc7cd8597c40e549d21d
R00545,OTHER,2026-08-31,REGISTERED,d5805c3f8e386f8bff47e76d3fa454cd08cae6c70bbfce30204012f029ac83f8
R00546,OTHER,2026-08-31,REGISTERED,4aac8761d635c25808ad57f0b0c7fc11954b83d0423ac1465db8f1c644adb501
R00547,OTHER,2026-08-31,REGISTERED,dfac9966bdd45250a848c06b31756c4b401d3d3c363c1f078c6abc40f584c4e0
R00548,OTHER,2026-08-31,REGISTERED,695e5b3ac06b184a008e5a113fc112fa9dbfcf7fd14fae3679620eeb65cff09d
R00549,OTHER,2026-08-31,REGISTERED,056e8bbe164bd53b9c413e30845a522128d418ef9ced5eeb82dc13ea6e7f6fa1
R00550,OTHER,2026-08-31,REGISTERED,a8743923923fa7434dc06ff77e9dc50c720eff83943facd5348f94928567ae17
R00551,OTHER,2026-08-31,REGISTERED,137e562f802933ba9df37168393ac584dfd07f42aac91d5587f7509adaf5851b
R00552,OTHER,2026-08-31,REGISTERED,4a8bbfe71be4a8d960a90c9ea73f79b4b55f8d9e9035e323e359845808a64882
R00553,OTHER,2026-08-31,REGISTERED,ca01ee9c6bc56bbf89afad72dd330bc69cac3b99224eacae93cd9b75a9dcf479
R00554,OTHER,2026-08-31,REGISTERED,783717ef5b8bdbcda966537fba64031b268db5679181dd4af3a818f82bc0051a
R00555,OTHER,2026-08-31,REGISTERED,e455db5442e491f029910d18e27095a93755afa304cf27bb7aa23f49900f348d
R00556,OTHER,2026-08-31,REGISTERED,5075bba4fd80ad609d47df7a9830d205fd389d60fa0786b3ec6eb9efe22d0aa2
R00557,OTHER,2026-08-31,REGISTERED,1eb7b94055faf7fab222fa4a9798f5187620cc03d6a2ac9588595759a12fed67
R00558,OTHER,2026-08-31,REGISTERED,9cf3ce2d1d807bcfdfa7b4d238fc29e597c08085e0a10e52c5bb282b8eddd5e7
R00559,OTHER,2026-08-31,REGISTERED,4e96dbc69f5a721ed75824e9350e4de9cf886d8956c7c61b9d9560e252a4bf10
R00560,OTHER,2026-08-31,REGISTERED,b434bc4ff7ac21e4e01cd3a2da46af610692ac8027110d26b167a52672f5d61e
R00561,OTHER,2026-08-31,REGISTERED,3f4dbbc68fb3063a6d900049407c6d01dbc7d6b1b4ea147ddcd639e7cccd4583
R00562,OTHER,2026-08-31,REGISTERED,421e06ab9f9a6425fb88d5bfa0fd5095d3786449f16562c06feb2503182c9589
R00563,OTHER,2026-08-31,REGISTERED,a975ea72323d90b6a1866394836910d74026ca7fbcc5636fe759b098b62a3309
R00564,OTHER,2026-08-31,REGISTERED,6e8d87f53fddbcd0bb28fd013cb1a2a15e7e652f84179a58cb1ddb7dc3db41fe
R00565,OTHER,2026-08-31,REGISTERED,40fb2f8d48285a53eb4ae128997d3a3483ce896ebd5bd307ebb256854c2cd19d
R00566,OTHER,2026-08-31,REGISTERED,52902783daa8fd925c39b3fa4d66224275c45e6c2d161319271687912f1cfc53
R00567,OTHER,2026-08-31,REGISTERED,e71567001a9057e5caa758a3570257beb195cea68a2af58815b283f2cb9da006
R00568,OTHER,2026-08-31,REGISTERED,a669e8b290701c95fdcea3b4ce8d3cc40d58d1a7ff5176b486acf1007bb52620
R00569,OTHER,2026-08-31,REGISTERED,5680cd1d2f3e8de211e367a4a1f15d8595b2fe0f5d7b23264ca042e92c5c8e38
R00570,OTHER,2026-08-31,REGISTERED,f1e4d8f68f6951daab595c3c6421cfdd5a123a55f41eec1cfa0bb7526f07e4c3
R00571,OTHER,2026-08-31,REGISTERED,e20fef3d03acff7d3c1f975f7c76590adf7086a8e28ea239bed3316269f761a2
R00572,OTHER,2026-08-31,REGISTERED,0678a29c992591be6dd33e95b66f3830dba815325dfbce5e5b424eec3a4b517a
R00573,OTHER,2026-08-31,REGISTERED,a9b4673915ae9b82c04b43771a46ef2d139bf92847deb1de24999fea859a807c
R00574,OTHER,2026-08-31,REGISTERED,a24a1e8e4a1882e76061d01e5e3690643ecb524ad124410d05810e22cab9b228
R00575,OTHER,2026-08-31,REGISTERED,47428a7aa7931174e34872b383a6ea48f4a9bf968e077220bc03c0bf24c73dc4
R00576,OTHER,2026-08-31,REGISTERED,1066c85d25eb00810fd70094334eccf8f707adb25afd75ed898112ff76a2fa02
R00577,OTHER,2026-08-31,REGISTERED,cc4abbf888e7a6eab91b4b407a857db9a8b0bc6f6c0b22998fbe225031cfbd6e
R00578,OTHER,2026-08-31,REGISTERED,66dc83a055c4b65114edb24a0b2ba6b9d732a28f3c1569b76b05eb0fac0d2b0f
R00579,OTHER,2026-08-31,REGISTERED,d0e4bf1a3ce0ed8bc4cf2227a2326753695b3f68c16f8043da44fd8ea238aca1
R00580,OTHER,2026-08-31,REGISTERED,0b3adae78b889495c824e56bd2a6440fb268c5a847e00e51bbb6dd9ce8166d2b
R00581,OTHER,2026-08-31,REGISTERED,46213f8d6025ad96a15fdf5f17a695bad6937f9393a7ee1dca388efda2737639
R00582,OTHER,2026-08-31,REGISTERED,944756b350d1d2a955d0b810315b3be93a221edd93f231ffd9069dad36789493
R00583,OTHER,2026-08-31,REGISTERED,77d9326c88448345c2083f90500b5a7a461ca3e28a481289f5e613ba25d12826
R00584,OTHER,2026-08-31,REGISTERED,606f5ab82c08553d30dbd35782f81e3f7bf098a6edc72ff8065c6673005888b9
R00585,OTHER,2026-08-31,REGISTERED,1ef8cedafd3c0967638006a100089f5d549352047e0bbe8ed684f93d10fdc6da
R00586,OTHER,2026-08-31,REGISTERED,1e16e97971f4cab307946de5204561f8a94002eaf2b4b646f07c50bb1d9bae45
R00587,OTHER,2026-08-31,REGISTERED,5d639da3edb398e3f02a2b47ea1d39b7eb292af7e098c4f30aeaf2539579e1af
R00588,OTHER,2026-08-31,REGISTERED,c8a770fa7f97cd790ef731a9c1983145825e4a9fea2b864ee630ff407c1b5373
R00589,OTHER,2026-08-31,REGISTERED,ff0fc8a6088e5f5dd13fa9c045b0eeaf40ccc7af3545eb59b8f8cddfb4224eac
R00590,OTHER,2026-08-31,REGISTERED,1a9cd56078a6ebed30bf2603165997770cfe9312e4b2788a0779e68bc42ecffb
R00591,OTHER,2026-08-31,REGISTERED,5986a9751863727433bacd51eccd865e00ccbc4b1351876933b140b2d803891c
R00592,OTHER,2026-08-31,REGISTERED,abea84e616d28f9f09661d19752c481788f97aeeb9e127793bf8b42697ddbd8c
R00593,OTHER,2026-08-31,REGISTERED,707a20f74512859f88327d9b5077900330ddd2acb96afd2bab47dd38f71f23c0
R00594,OTHER,2026-08-31,REGISTERED,73bb115a3d783012c6b580e8ad6bfd9f7509591b393cf316e44a0bb396d67cdd
R00595,OTHER,2026-08-31,REGISTERED,be0cc0ea405f0dd53c04480a43243ae3eb13ad86bcfe0ef129f8ec4edd7cbd25
R00596,OTHER,2026-08-31,REGISTERED,64de42a245a93eb3c38e8a89c89a1cf95791787b869e86282986832ddbde1087
R00597,OTHER,2026-08-31,REGISTERED,01b90ac20fd5c1ee7d28bd9506f6c6bc27ae87126534e5c5716a08d004507ba2
R00598,OTHER,2026-08-31,REGISTERED,f74a05ea226ab308f23248fc0d5c764d4206053aedd6d2d935ae648b57de63f2
R00599,OTHER,2026-08-31,REGISTERED,120183ae88ccda735e3d7cd4901934394ebad003067c590d7d97b7442b1e7d17
R00600,OTHER,2026-08-31,REGISTERED,10e2c369693b42d6a130f568d78724e87bebdf6290f453e9f551123c195a3929
R00601,OTHER,2026-08-31,REGISTERED,b68c31c1c9a680b0e70e0f66f709fe78eaa8fbe77aaaec322eed50fd2824a434
R00602,OTHER,2026-08-31,REGISTERED,55b4404edc3bde5f2d08e0e77d76cf9b8d9eace568a5360a1d473141dd4da7f3
R00603,OTHER,2026-08-31,REGISTERED,9016db893301b6aecf413ee6c34da42b27e3e49a6de6a475b212c9182dcbc067
R00604,OTHER,2026-08-31,REGISTERED,7a43c527fdf84d2a294feb98bf747d58d6ae42bbc07be1578c4afe4dd948e22a
R00605,OTHER,2026-08-31,REGISTERED,8da52edbc3640cc5cbaccd2f081a93b4b518a00a44062ae2f02773de43de2ddb
R00606,OTHER,2026-08-31,REGISTERED,2c7bc1ece6cccad96b337827a7ad0839a470ef9dba50bac06159aae208c70367
R00607,OTHER,2026-08-31,REGISTERED,7b240a4019f3bbd26cc3a9edc4d6b20d416421bb993c4e30bc97738aea0323bd
R00608,OTHER,2026-08-31,REGISTERED,c213a5f80036ad11db2796eaa9e4858c32b93f5c2f42342c906875809b6c022e
R00609,OTHER,2026-08-31,REGISTERED,707aa9985c65efa89d1aa1686047835f2c014f81e383c868c848a47a03906ec8
R00610,OTHER,2026-08-31,REGISTERED,24f99824848bf351e421a0413c1e1df19817975586e94b2308d0ec41f290d7b6
R00611,OTHER,2026-08-31,REGISTERED,1d6ef8bcd779c4b6467eb9c8435d2749b8eefd158a56a74f16c0a58cf8978d17
R00612,OTHER,2026-08-31,REGISTERED,80bcf473bd2ae33dc6253b89c181b66754fb392f30c5945c951edaecc9a5fe17
R00613,OTHER,2026-08-31,REGISTERED,11d780c9b63c9eaa10848a4d2e2610dea8197f904a62cff9e1079eb18e7abe4c
R00614,OTHER,2026-08-31,REGISTERED,c4bf462eef1633df5c139882268e820d2fa24838bd427cc78313e83a70fb1b98
R00615,OTHER,2026-08-31,REGISTERED,b973f3ae074f850fb227fa6eda1874cdcf56c3f502bf61af4990cc0c0bcacb0b
R00616,OTHER,2026-08-31,REGISTERED,e77909ffa6b54fe7c022cc8750ff0a7f950cd2af3cfa9809b446f2e73717cbdb
R00617,OTHER,2026-08-31,REGISTERED,e74aafe5958b1f11f7387fd76c7d9271c30ea00d33e300b7a5c7be74aed20b2b
R00618,OTHER,2026-08-31,REGISTERED,5f94074d2fab547afc5a725cf125c442ca4617159380e891c7033ba285d42eb6
R00619,OTHER,2026-08-31,REGISTERED,b41a435cfad253bf5917f8564755bbbe0e396806fb477d4ba7d1302702043ef1
R00620,OTHER,2026-08-31,REGISTERED,f656e82a35e8bbc7e5b1799d2ff20a3abc886543adb73b78852487c5c897c7ba
R00621,OTHER,2026-08-31,REGISTERED,2d29b227ca07bc4d3ebf39ea87018981eb3f9a25d7cae1e2cb4e06f9d32e4cea
R00622,OTHER,2026-08-31,REGISTERED,18503a3821125dad42bb46f8e0cf07e92b08b924a14cfdbe6438b83a5e3516f4
R00623,OTHER,2026-08-31,REGISTERED,697036412df7289c3803f39532951304cd60cce4d0fedf718a7b6fe07dbfbc8a
R00624,OTHER,2026-08-31,REGISTERED,3367ee5727320fa3a3a6610ae357105ae2c2c2ce6d8da9ef12149296aa378868
R00625,OTHER,2026-08-31,REGISTERED,de859468ed0725af9a98cf1e01043b1ec0ef8a6e670e2ba699ed0d7cc054a8bb
R00626,OTHER,2026-08-31,REGISTERED,3d434a35be0bb61c38284f7a7799b651757eb590bc03ec804c9ce473731b436e
R00627,OTHER,2026-08-31,REGISTERED,2107b1abcf0d55f59543d3ca7fd499cb55e67cf523d893704b60eb37a4d27d80
R00628,OTHER,2026-08-31,REGISTERED,7f79bf38f971842a005a0750e62f7a1e35f83f4cded5ce81206970b2f29f45aa
R00629,OTHER,2026-08-31,REGISTERED,fca97ba40039118757cf3e5a0f06a27ff17dca8835b0d203dcffa26839f5190e
R00630,OTHER,2026-08-31,REGISTERED,fb0e84e6859eb1fd4a962e48eaa9b58946b40f4038a329b8ab443cf3142a83fd
R00631,OTHER,2026-08-31,REGISTERED,b5db37a837a1003c84a195c36b1136b6aa04824d8442bb6ede39c1769a86175a
R00632,OTHER,2026-08-31,REGISTERED,7e66fd20681a7b243e41f0edc5ddb40804c75e354433996f3f319bb13da7327c
R00633,OTHER,2026-08-31,REGISTERED,58fb8f54d4fa602c79a848f08d91c7a7c76d651bbadd34bf1a851c3a7f5cbf98
R00634,OTHER,2026-08-31,REGISTERED,2e879a52122e9a24c05db978462601e78751fcc853f5442bcce69a827ea81f40
R00635,OTHER,2026-08-31,REGISTERED,f4335da195cd82d8c94152add3bb3dd511824ff0165725c20ce130e2916281d9
R00636,OTHER,2026-08-31,REGISTERED,94821dbc22489a5c1a173e0f24bcd57b5604eec41fec2f07dbbd525d22b39bdb
R00637,OTHER,2026-08-31,REGISTERED,e512112133ce0d97feb594e92c30f719e2ab0d897753264d1e44de33c2ce5071
R00638,OTHER,2026-08-31,REGISTERED,90373bf1f893def3f75a40dcf4072d01798f7399de963fc5615296c12e4ce6ac
R00639,OTHER,2026-08-31,REGISTERED,686677e3fd1c1228be7f7122aa627e100f9b07f62c1f5823f8a069cd10e9497d
R00640,OTHER,2026-08-31,REGISTERED,df7b1ee039f3db2d14ff51112bb2728147bbbf5031d8e11a4c456af1f391967d
R00641,OTHER,2026-08-31,REGISTERED,327131cc4b914b0389eea50fb47beb41696b8dcca377aee905246254f4b0112d
R00642,OTHER,2026-08-31,REGISTERED,aa4dc7a711727ff01edca738653014ebe6e690cfcd52ccc5736ab9c2a8ad6d97
R00643,OTHER,2026-08-31,REGISTERED,f49dcbca4d06a89bd2a601382567f31a1ca9a80923fcb4e6bd3759dcd5a0844f
R00644,OTHER,2026-08-31,REGISTERED,09ed3591d9ec8169258a6d28116dbf024c6d90ee846b0641a57e7c3a2beb08f1
R00645,OTHER,2026-08-31,REGISTERED,5bca171a1ab23e72daa8656b6ec7391ab244b7db3eebdee9de73f9b62d19d212
R00646,OTHER,2026-08-31,REGISTERED,52346878a3fb27373c94e338dd921beff007d29029def9179f2a7755423dcb8c
R00647,OTHER,2026-08-31,REGISTERED,34d6c67e70832c630b44b5ddc320ed4aa6fd54705462c9384817241ce547f655
R00648,OTHER,2026-08-31,REGISTERED,9c1a16f879f7cf4a672a04789e7bc423154a3d275e84a759d988cc2b539603c3
R00649,OTHER,2026-08-31,REGISTERED,d405003f52bc978b995571b5bc52af41dfe59067ec980a1a60f0b3a7e175afdf
R00650,OTHER,2026-08-31,REGISTERED,f94e075493e0a7567b7d515882a26707429cf52094b968477b874f4493410e2b
R00651,OTHER,2026-08-31,REGISTERED,7c780e2e299128f8fb0f7cb35dda943a79e39109e83e57559d3cd5e3bd870c4a
R00652,OTHER,2026-08-31,REGISTERED,63f07aafe060ce3faa96f1f2560da57a0416a2763f1fd95e73b0bbd09730149e
R00653,OTHER,2026-08-31,REGISTERED,6ffe3d935705a1279dc563278d7289adbddc04703f78343bf443ba63a1c7871d
R00654,OTHER,2026-08-31,REGISTERED,659243c85273a5b4594703be118b0e68a2768826d79c3437e0508198667c42e2
R00655,OTHER,2026-08-31,REGISTERED,243b46d4b7bfc6b07f60994b7d42cdcbe1b73d5c9d336158fa7a979ed3a53c3e
R00656,OTHER,2026-08-31,REGISTERED,7270aa644761a51914280e677ee622af473b6fd52b3b6a183ea82048beaeb29c
R00657,OTHER,2026-08-31,REGISTERED,5bb0e979ea4894aec98a32d0f57cf3438d2f84b9e1f3875240abfc6f10109647
R00658,OTHER,2026-08-31,REGISTERED,a731ac02bb7d6c2a00897b2b159345615b79087466601bc6240919a1051f4f57
R00659,OTHER,2026-08-31,REGISTERED,258b016f78fba1ddf7c19096d18b891a6b60ece871b645873f6b2b52df0f9854
R00660,OTHER,2026-08-31,REGISTERED,d4fa08c6f04fc4a67c885dae1325b6adc24a40cfbcabb2eb8d8d7131d5efd880
R00661,OTHER,2026-08-31,REGISTERED,3567f80fc6cd158798a69b0ea4e679813e09faa352a247e4fd3590af09e9587e
R00662,OTHER,2026-08-31,REGISTERED,f672c2d0771b052e42808f9381a4a9b5971face8c13956270e27c465a7f194bb
R00663,OTHER,2026-08-31,REGISTERED,8a6d24b8fd3344bfa0cf2cbb0c9f1e4367b9e99f9bf988c81c7fe81bb9523719
R00664,OTHER,2026-08-31,REGISTERED,9178de7349e301d56d606ade2ee42686b96edde112d0f3894912f1a0127dde84
R00665,OTHER,2026-08-31,REGISTERED,93da13f64fcac1c5f9cf82cfb948ffed95c5c3f9831de7b44af30cbf8cb41629
R00666,OTHER,2026-08-31,REGISTERED,b0739b6c10b583e1cd504a8f0684488a391ac9446ac9661c348bc8fd536a4eb0
R00667,OTHER,2026-08-31,REGISTERED,6c0e416dda75364c584ee3dfbc4a8c57d6c3b74210531c43d82691234eac2066
R00668,OTHER,2026-08-31,REGISTERED,a097b9f50187ae61aa554b2012786bb4ac2e4fc7deb86837ee1d51bd21d9441e
R00669,OTHER,2026-08-31,REGISTERED,cc7b6d60cc1c7a7d83739001e028ba973b4349305cd7f1fa1ac7c3cd4336cd95
R00670,OTHER,2026-08-31,REGISTERED,17a4bc8130cebe057ee174b85178d541c50158258c878258b8474725cbd4c2bd
R00671,OTHER,2026-08-31,REGISTERED,7327799b5660d13588ca3507730af379b3e73f01f4e5acc057e6a134c2ee4c50
R00672,OTHER,2026-08-31,REGISTERED,09b148fbd27afd8b6a3c7ada3ce0e211828ed8f24d7080572db42201927586f9
R00673,OTHER,2026-08-31,REGISTERED,18d692957d88284827cf5e33fd2d72bfb464494b1a1bfe2e476ff3e3fb903ac6
R00674,OTHER,2026-08-31,REGISTERED,d7d7d7a43b65ee856d7a313e7c4961710273dcc0ee36f89d3a9b5ece2da6bee7
R00675,OTHER,2026-08-31,REGISTERED,d0c36c01ce1af25fdd8ed1fe12a08aa12f9e77b3523ce71a1ef0d61c4cac5557
R00676,OTHER,2026-08-31,REGISTERED,b2286527b0a13102efd288e8fa4c3214298ae109aa07632ba5270f0a7549d2b1
R00677,OTHER,2026-08-31,REGISTERED,91a025c98dd6e5db9494c4e2ad26dbd93fe8d56ae3937fd6e4a802522249f09c
R00678,OTHER,2026-08-31,REGISTERED,cf5c7c0c26af5247e73cbb039418cfb5248191db9c0bb43f41a79b7d5596426c
R00679,OTHER,2026-08-31,REGISTERED,3d4807c716c1476140d0d207f29f70b37c1858067896347fefb260aece3f59b4
R00680,OTHER,2026-08-31,REGISTERED,50a52c6c94c20684548ac65215043de57d8f2d29bfaa73dad3b86227fd0eb5ec
R00681,OTHER,2026-09-01,REGISTERED,cea9907211279b23a746988abadff457a1816b657b10a99c54822b7c788c266d
R00682,OTHER,2026-09-01,REGISTERED,8ebeea1c390c5f2a4a4a1a34c84cb58b7ad28de5f06c0ca473390a132f7e66fd
R00683,OTHER,2026-08-31,REGISTERED,c803dd36c6333ba6d3a9019001e216996ce8fa27ef7e81694c0d7d99647aaf86
R00684,OTHER,2026-08-31,REGISTERED,4516f32aa20cdc007e0e4a963a96e3235e6731a6179a9bc440244a9b9cc5ca26
R00685,OTHER,2026-08-31,REGISTERED,cb520d05c0cde5486a37bb7f077f0636eca316fbbf6a756522da5e72447f2eaa
R00686,OTHER,2026-08-31,REGISTERED,893b9291340fd5a553a05edcf28361e48dfd6480a1408141acd6c22c2cadeb32
R00687,OTHER,2026-08-31,REGISTERED,355f36e9add46027172265995c19e087feaf4469f57f5405e0a523482938f718
R00688,OTHER,2026-08-31,REGISTERED,5494ad69933659e7470d4c034d12969f72eaaa98a5edd0673c3e86b81273a1a4
R00689,QA,2026-09-01,REGISTERED,d0e1c45a786b2269703a3c36812b318f12bfcb893c6b66b79bb5cdd9710eb237
R00690,QA,2026-09-01,REGISTERED,651ec995e73db6dff4a34e95488ad0787f6d0d05cd87a6c2105d7716f566bdd1
R00691,QA,2026-09-01,REGISTERED,4afda49e3f9e84f077483e8cd87e732330e619ef897a7b68f7fb0a8f944468b4
R00692,QA,2026-09-01,REGISTERED,295d18c2ccd7e785d6235d1677cc37183afd73188441926a0cc26b5ad32a62fc
R00693,QA,2026-09-01,REGISTERED,b6099e42a3bd506ccb7c9ce27fd2229fcf457c8504b6c8bd96f50aab9badb1e6
R00694,QA,2026-09-01,REGISTERED,4713568c1df307436f6601ff2de93fb894a19701f1c8e205af923d4075c03261
R00695,OTHER,2026-09-01,REGISTERED,fe0f4c0c3303a27afc6329149e36aee36824bf6a5231ac567d2d2af48117f002
R00696,OTHER,2026-09-01,REGISTERED,6d368ebeedcad999872c7a349152ef32dd7293457e6eda08ce5db45bdf59e3f7
R00697,OTHER,2026-09-01,REGISTERED,47776e653e1fc181769c64a504f003dc27ccf6889206d68d103ddc20a67636db
R00698,OTHER,2026-08-31,REGISTERED,49da6f139e085d68b9486f0b5ac7d05fd658bd1c28664e3c8634447794f74286
R00699,OTHER,2026-08-31,REGISTERED,6469b15968a01e7f8664954a5b2061e0f8190e076d90f7fa7101bd01e1b96f5d
R00700,OTHER,2026-08-31,REGISTERED,8a430e87709a158f04468f195f685c1c2c4505d60549c52fa801230aba75b2cb
R00701,OTHER,2026-08-31,REGISTERED,1d4e250e52b68987bb341fc820d7ef7851d25b68f9386ce37b45f4c2034f7bcc
R00702,OTHER,2026-09-01,REGISTERED,463c084ddfd8587b6ad56668b54547b79b49ac2f53004c172694f5cc6e478d12
R00703,OTHER,2026-09-01,REGISTERED,1d1ca72109e519c929d033236ecf6719ee91ed72ab9064ca122fdfab96edef2c
R00704,OTHER,2026-09-01,REGISTERED,10ea37a784d3910b9773991f77e1949827037f738683e1e619c5f0f3f051d62f
R00705,OTHER,2026-09-01,REGISTERED,ffeef65b0a50d9ae2c08f8225aa9afa5f039af8963069f27c04093c3a7583932
R00706,OTHER,2026-08-31,REGISTERED,8dfee129301d3816c78376bbb6e56be86fd945f573873222982026c09b0ab48f
R00707,OTHER,2026-08-31,REGISTERED,a36f61023616680d06f3f3c7ab8d82a1c8d3050215c415b91834089b062b619c
R00708,OTHER,2026-08-31,REGISTERED,3e96c2c8244a9952b00a94b1818896e4f17b5e299d99b262dafbc00625f6ff5b
R00709,OTHER,2026-08-31,REGISTERED,0edaae89e614e03c1f8221a1d7c3663a2d9951f39f9e2c6f7b7f1bbfa4ec1f5c
R00710,OTHER,2026-08-31,REGISTERED,3dd77d9bffb9b250612a6db144855453aedf75ff66026d8f118f3f4dd3898a43
R00711,OTHER,2026-08-31,REGISTERED,24c20968f1f0bf411b7be6078a21a69d454fca27aabef022c388f63243cab896
R00712,OTHER,2026-08-31,REGISTERED,871616390a59acfd3547a5bec7dc48b41e460d8a0d27602c3001cad929d50a1f
R00713,OTHER,2026-09-01,REGISTERED,10257349ee6d93dd663d2d0e0a3579b7dd7d554f6493b84c1d232f321b09e397
R00714,OTHER,2026-09-01,REGISTERED,54cc66ffdafa969cea6c3477f6cd1a1717a4625895757852c209253369d54e18
R00715,OTHER,2026-08-31,REGISTERED,244aa5fdd083475d800e382e4631eccd74a9db252d8518c7856d55456050f875
R00716,OTHER,2026-08-31,REGISTERED,2dead7be8ef4e8c4acac82e9b800f0fc3e303170c5079e096ae5a95887e3c02f
R00717,OTHER,2026-08-31,REGISTERED,37f686405db8c06a8f8ee7485025dcdb489196aba4b19092e41a8597ba12af24
R00718,OTHER,2026-08-31,REGISTERED,a5c7c62d089836e81faeb63b57f5d20421c1f4e83f844fb560b16c74e469c209
R00719,OTHER,2026-08-31,REGISTERED,00d8b5f626ca8c1cdada60e10e4fabc35c0bc6ea4381faab826bdbe10df9e54f
R00720,OTHER,2026-08-31,REGISTERED,16ca872d333ef7dc9e1fabc1d76b506af2c7072d97ae96f1d42ac51e2e44861a
R00721,OTHER,2026-08-31,REGISTERED,93ac9157dbed987c15de938698d752b4157720751de0321c0b53a9ff7f79b9b9
R00722,OTHER,2026-08-31,REGISTERED,7e3d639a4629e20ce52efb6906c65cabbff16a5b5a3a7cf8062a58a9d3245b2a
R00723,OTHER,2026-08-31,REGISTERED,2e51acff0f32936595a4dddb80fcf98d19da18a557ace2de2e23c97099150542
R00724,OTHER,2026-08-31,REGISTERED,88362c9f7c3ff31364b38290ce386c7f3cd8ac85fa27c50f5e0319618ff4dddc
R00725,OTHER,2026-08-31,REGISTERED,cd8ff824a2d6f72c01d28896423e013dee98c9d572c5b9e452c044003476a865
R00726,OTHER,2026-08-31,REGISTERED,745fc2ecc3225b5a1a532369910dc52fc7e47ec2ed3a69744e6dd72c404acdab
R00727,OTHER,2026-08-31,REGISTERED,26c1ceedc42532a8a490b320690c33399ba2dfbbfb830ab12f4c999287703af0
R00728,OTHER,2026-08-31,REGISTERED,8f73a948cf8c4e61b538354234887c1a4f954ecd2e5b2b5b36de1b31142db96b
R00729,OTHER,2026-08-31,REGISTERED,a154f51f9e64affcb583d62b5925affd0e224b083ab9488ee2e281e230de52fa
R00730,OTHER,2026-08-31,REGISTERED,fabf7aa457be4b23cfbbb14fa64e159d38354f9ca9b863f63427f27291a21c6f
R00731,OTHER,2026-08-31,REGISTERED,92b0a1149af0428aa895ed71da318b27d2752131593617cb069f7b5d789d21a3
R00732,OTHER,2026-08-31,REGISTERED,a603413a7d483d7f874a353a26256933456eb83c8c79fb9f752ba7a5335d6d0d
R00733,OTHER,2026-08-31,REGISTERED,51ed32ba7885eeea4d063c94cd67b45b0779939e012123cbe6914b35ed5d8ba0
R00734,OTHER,2026-08-31,REGISTERED,d6b8d3d2679fc5f1cd27710f815306d0ed14b8813b288fdc787bd19066c0d442
R00735,OTHER,2026-08-31,REGISTERED,56d6f913f0ee5f1ac5e95216999fdb53d1fd9411d515e568c11665e0a5bed1c1
R00736,OTHER,2026-08-31,REGISTERED,938f0822bb84ddb23107aee83f8d19d6c7c3e4baecc29558abda91fcccf955c1
R00737,OTHER,2026-08-31,REGISTERED,be4bd20fb2610cfc7ee0e0f69e2e7f496c52e75426854c313b2ddec9744c03e2
R00738,OTHER,2026-08-31,REGISTERED,938001d6f68a739d5fc8bc896d1f8fad8ca7945e9b998c7a45ab0c1e862c2acd
R00739,OTHER,2026-08-31,REGISTERED,0c291251543e6c1b992aa2b4ca502eac926c953d3712141a412fab1379c893a5
R00740,OTHER,2026-08-31,REGISTERED,769d7d2815189d12d13913f573c0bca45801d2f1c5c5193396ba1657ba85d4d5
R00741,OTHER,2026-08-31,REGISTERED,14b18fa41a51cbbfe6a4599f810af061ddbf5f063e561e5cf324f5838fca52b6
R00742,OTHER,2026-08-31,REGISTERED,f005773d8862c545e5678035694c9dbb06c32594924a2be2649bd356e311f7f7
R00743,OTHER,2026-08-31,REGISTERED,c1435c5f95ae9946341f56af08962e6a5b04585b86b25ff38041ebb844609f89
R00744,OTHER,2026-08-31,REGISTERED,9fd800c077688ea84e8b414b656b725ce6b2a75b3fed7e72aed38131cec665ac
R00745,OTHER,2026-08-31,REGISTERED,7b725e22431b2a235ebbe1acb7231b56d0cdf7196079e0e5dac8a754ccf01f32
R00746,OTHER,2026-08-31,REGISTERED,b40e706c77e1be85539001acee09a2f107aba3ca88fde378e7d0c3d1c607ee05
R00747,OTHER,2026-08-31,REGISTERED,096d5d9875f0815beb6c4201a1472335af862b8431e207031a5ba0272093aaf3
R00748,OTHER,2026-08-31,REGISTERED,dd29283fb129a2c5e869463704f1981beae4fe7b2eb57c28354c0288876aeb83
R00749,OTHER,2026-08-31,REGISTERED,3b6563d893eedc4de19d6e10278bbb2f98ef2cf1de978519e31109210786f7f8
R00750,OTHER,2026-08-31,REGISTERED,ace3f91ec30e2cf90e234052d25a33f8daad6eef3912735ef2b4e9aab33480ad
R00751,OTHER,2026-08-31,REGISTERED,27d453152692f51958d1a39c0ae488adbd89eb91ffbdc532bbc0fcf05b48124d
R00752,OTHER,2026-08-31,REGISTERED,71ebd1e7061f41edaf1aa498eb564e7575fc8731d735b61e0ebc41240ede063f
R00753,OTHER,2026-08-31,REGISTERED,bc866c41d69a60cd081941650f753c13e95e51bade469315f76dfdeb14fee6e3
R00754,OTHER,2026-08-31,REGISTERED,6dc49da341e63166aa94a3ac47a171c7a09002b13c58dbc5c59f98cafb5320e6
R00755,OTHER,2026-08-31,REGISTERED,7b2f137fa02d6712a259c1cb9c945748cbf0f7a189fdc49de5c75a7505942135
R00756,OTHER,2026-09-01,REGISTERED,b5621ac124612d6d9f100bf7ae9350b5a26cfc1ceb02506bf2ae86b661202c2a
R00757,OTHER,2026-09-01,REGISTERED,f88ace9f5665999ffbd10b40046e2f3d647a8ead6a3fcc33752a013138805fbd
R00758,OTHER,2026-08-31,REGISTERED,1300b5bf1d5b3f3ca4262928abc80d02895417860dce77176fb0e4e580be4172
R00759,OTHER,2026-08-31,REGISTERED,ceb51f87bcd51b73da911e82e3b73e2760c4a7b4bf7a600866f12378016b3292
R00760,OTHER,2026-08-31,REGISTERED,aaf28572f421fe9eef2b93ef6309d0d561570362042a979f5ca41cffbd8daaee
R00761,OTHER,2026-08-31,REGISTERED,9f3619d8c6b5e46deb037933f5c77193b270ad895d5748fc6d566f02bb25d710
R00762,OTHER,2026-08-31,REGISTERED,d5e14dd18763b0cb5df7e375755c285d002d9158177ac0c5a859156e392b4ead
R00763,OTHER,2026-08-31,REGISTERED,ff8f9e1c3dcbdac66d58c1549151258491742c51482e6a7f0295c3aa2dfc26d0
R00764,OTHER,2026-08-31,REGISTERED,4258c49d89ce248644913e77e687546d813c662dfd6cc12b6beaed9d013ddfcb
R00765,OTHER,2026-08-31,REGISTERED,feee7ce1178d8c564d8eb704a4cf1c897852c3217612bcb53ee62b9eab0ea6da
R00766,OTHER,2026-08-31,REGISTERED,4607df26608ed92842f84770b34374ddf5a05c6e5189cee3671431024af4932e
R00767,OTHER,2026-08-31,REGISTERED,26810e4ed4381a86b5b8e2c505fb885a490f2214a74d33b63d8a4fab8c8beace
R00768,OTHER,2026-08-31,REGISTERED,48fc14ce0896936425bd775bc01f98152c84ce5d06c235370563b9e48651df4e
R00769,OTHER,2026-08-31,REGISTERED,43d1c742960c8b112efd6d0fe887a69f31cea2b0ddb1120f3927ebe55fbb1c7e
R00770,OTHER,2026-08-31,REGISTERED,ca6eaf977f680497bdbfac240fa5cab49c254aa9a5ab8f4ad5d880e0f99ad686
R00771,OTHER,2026-08-31,REGISTERED,a5e887ca4efa5284c872253eeed6375cbdf30e95a3d4118ad52501ba118967ce
R00772,OTHER,2026-08-31,REGISTERED,37511d609fc59a6affbd137a4fcb28c855a093d91ba9a98032138e29093eec39
R00773,OTHER,2026-08-31,REGISTERED,23435537b628ed6d328aa2b9f5737c710f1ddf767ec4c9041ba8835916293dbc
R00774,OTHER,2026-08-31,REGISTERED,606e803576b36ec549cdc74781d0c3912d6c8ebc5ff26c9a008a685e34148e44
R00775,OTHER,2026-08-31,REGISTERED,4a3eca81ca40732ff9766f6a5120df2813b00954acc41c2e2cfa476adb5d608c
R00776,OTHER,2026-08-31,REGISTERED,548d1d19d95dd9ca95ab983a07e944c5bc66bb8aad95175e0723d7d70463a132
R00777,OTHER,2026-08-31,REGISTERED,b4dbf436e8e0fca7b600629c30392db2cbce5ec13f22a26bbc572c99db760928
R00778,OTHER,2026-08-31,REGISTERED,66f47116b9a97c376186c59e2755da75062a116a1017923271493412bd94b68e
R00779,OTHER,2026-08-31,REGISTERED,5f23dd943c0a9144a76e9bada33831a05e956ab89c0a91170680c97270b46101
R00780,OTHER,2026-09-01,REGISTERED,4b8a1ec291ed09c317a9ace0cbd216a37d7f16b8130197a3a88142de74b3caba
R00781,OTHER,2026-09-01,REGISTERED,cd659c29008864cc024ea8bba37f51da762dfa427a4567ef43c6abe0374eb64c
R00782,OTHER,2026-09-01,REGISTERED,16981039af7f04f9602fa5b9ca04d5451911d1bd31f00ea088b94bd7d8ef9ff9
R00783,OTHER,2026-09-01,REGISTERED,9c3dda3da2e2cdc9bd3c9c48633bc7d945d0fca74d88cd17abe8329e995e8c67
R00784,OTHER,2026-09-02,REGISTERED,cb1245724186a1d0a3b09df349e41937fb7067ba409e8a678adf56370337a09c
R00785,OTHER,2026-09-02,REGISTERED,4c53a99f96bfa86325c1fd798d600a0b2fcf260baa0489049ef3d21edae68a96
R00786,OTHER,2026-08-31,REGISTERED,15b71ec819b4dadf4cd16d361a201682fac2849cc0dd5cf20c5cd0ef06c27b51
R00787,OTHER,2026-08-31,REGISTERED,b853c3cc6cb9f6b32ea86617d6412bddfc0fedfbd33eeacc2ea80cfb9cf0db75
R00788,OTHER,2026-08-31,REGISTERED,92a2e13eefec27328256270b0a0aea29b136a5533ddf8cdda82861ff2601b1b1
R00789,OTHER,2026-08-31,REGISTERED,d77468286396b7010fad571814c3f4c835b7fae1fe5a33a2847f1ab2081995ef
R00790,OTHER,2026-08-31,REGISTERED,45bd44191fbd578ced485b0b521fe4e0c5981b12943590377259406af5ad2dab
R00791,OTHER,2026-08-31,REGISTERED,949285ee92bfcbb1d919871f299e1eb61e043a4cfd668cff6d4ac9cd671ac3fd
R00792,OTHER,2026-09-01,REGISTERED,46e3347fe3cbc643a58dccea55739f859ea5d6ecba0f2fe28b01c2c35349b34f
R00793,OTHER,2026-09-01,REGISTERED,fa2834a33cd6d4483f11d4fdc12d8838132e988cb868d011fb327671513c8121
R00794,OTHER,2026-08-31,REGISTERED,913c041bd7aadbfbd652e355f36208154bab3663996eb2a18504b53f1bc6b26f
R00795,OTHER,2026-08-31,REGISTERED,af5b5203bc1434d571672fc33cc3f958bb1ec9edd5fd50c5b54e6b375665c5aa
R00796,OTHER,2026-08-31,REGISTERED,aa6e342a9d3e8ab104453132d374eede7881c4883d38b0136e217f927a087867
R00797,OTHER,2026-08-31,REGISTERED,4f746015602f8403c6d5eef7f9653fcdaf3b6c254eb716ff573c97ae7ac70453
R00798,OTHER,2026-09-01,REGISTERED,bd26e5ed3d2d6e80b4d5b2ffebd8e454d94b3eabf7a08274c83dddd374d3e091
R00799,OTHER,2026-09-01,REGISTERED,73b1d234e9ee0bedeeb7958269ca84dc8fa5cd8f1dff6c65698986904b2c120d
R00800,OTHER,2026-09-01,REGISTERED,3d434de1913f79cba22a42ff260b2ec2d78c0615ddfaada76a92a2d5ff496b8c
R00801,OTHER,2026-09-01,REGISTERED,789c7ba90ac052dfcacdaab59ce900dcbea060ae8146b5a976c1c92733c2c8dc
R00802,OTHER,2026-08-31,REGISTERED,0a35c3ca92b346eef287f89abc9cd29da3a138574265a69269279e823a34902e
R00803,OTHER,2026-08-31,REGISTERED,c05cf5a14c3fcd3c0d20b43c107703c062e55c0f50e3e4bda1202902ef473888
R00804,OTHER,2026-08-31,REGISTERED,acf496d160a860f8829f334533db1a5d22c84dab5ed06fbe1010fec505b92cc1
R00805,OTHER,2026-08-31,REGISTERED,03de6e2aca7816e3309fd7ea6a7724d7f8e5193a5264e121b3f89fb3ad69436a
R00806,OTHER,2026-08-31,REGISTERED,696ae03d2222339b52fa085df62d4b793c08066ed8bf915a9c0fbb64772de169
R00807,OTHER,2026-08-31,REGISTERED,acb00cdebc6e769287e4900e7a06edba2491197b1d0f48d22c0b9db0ba7cb8af
R00808,OTHER,2026-08-31,REGISTERED,81ebeb017a6b1e90562dc27580ad38956e586e1e44f3dc2ebb735fceb3ad3271
R00809,OTHER,2026-08-31,REGISTERED,c7853e65893d78fa9c49a1332eeaa1469eab93de115ae90914975a53ccbeb319
R00810,OTHER,2026-08-31,REGISTERED,c61e0e3cce78cdcf2460291da398cf0187a00f43c0db98f0189b7a62d8921332
R00811,OTHER,2026-08-31,REGISTERED,79235f064cb2ae3f40b737612e9093ff9e957df49411deff45c2fd5b11a8f14f
R00812,OTHER,2026-08-31,REGISTERED,6546bbb7eb95510cb6b6d77e5da26607cf9918f0ec78745aa570609ce423e9b6
R00813,OTHER,2026-08-31,REGISTERED,40accd904cf5fc0451e679d974e2d7dc9f9092f60003d8ef4239ecc9d3fa4c88
R00814,OTHER,2026-09-01,REGISTERED,4a11fbda1e3c20d468f949f582e2cbaca884dd50b16eb9828f0a132e36a30979
R00815,OTHER,2026-09-01,REGISTERED,9535718a7dc25f9381e2b1241052095eba22b33674d144d2df9a0bbf095975b1
R00816,OTHER,2026-09-01,REGISTERED,bdecdababf5ec761156bc172e12c30b1632b3974b754961fdca302bb2b05d54d
R00817,OTHER,2026-09-01,REGISTERED,94c37de8ab844391f893aaeac12cae389beeae2f28fc4530fdb39d7fe1cb89d1
R00818,OTHER,2026-08-31,REGISTERED,5d5b6126637f2cfe37304c7a7f655adc52125a8f507d1d22072f6b2f6905b725
R00819,OTHER,2026-08-31,REGISTERED,e3bae558227caa59538a90b3f08ecfc625e3c4082820c34804a05873782769a8
R00820,OTHER,2026-09-01,REGISTERED,614081b5468ce83ebec0a03e08e1ddf95b151916600d058b2937e17a16c2d4be
R00821,OTHER,2026-09-01,REGISTERED,e57967bfe1b3a54d7d1fc9a5223b2ce4e942c3986220d6122e87856f567b5484
R00822,OTHER,2026-09-01,REGISTERED,c691f834bd9b4892e320e58c848d1cdd0c58c2a8aaa869a2303f9d0e7cba2d1e
R00823,OTHER,2026-09-01,REGISTERED,6e48df3cb48b7150410e4a2565f552f39bf4d87dc71d01a5a16ac9b521427ebf
R00824,OTHER,2026-09-01,REGISTERED,1d35e792991a5f05fef30180f808489307eff5cc535dc28c72b02b7204236795
R00825,OTHER,2026-09-01,REGISTERED,da36d51c995685d7adf88196209130edabd668985b74bdd6bd3ccb05866bb925
R00826,OTHER,2026-09-01,REGISTERED,d6146a099cb505a335512558414add4c62db5e58a889e2d09b9ebc8651ed8ab5
R00827,OTHER,2026-09-01,REGISTERED,d68e086810c455c952fbd276ddec33de62028b490f91956ac1f3af394a222263
R00828,DELIVERY,2026-09-01,REGISTERED,d239f4ccb844a83f27cd124f2a4f1ca78e1579a269495ecfa96937036a1dd31a
R00829,DELIVERY,2026-09-01,REGISTERED,e5485a9007d9310b61fffecf366b4192fed9135c5e365fc4b26819f36553eb9a
R00830,DELIVERY,2026-09-01,REGISTERED,8d24fd883e5eca686aa2f3654a63e82e8a2746e9ba3368c4e0cda660a461e6f9
R00831,DELIVERY,2026-09-02,REGISTERED,632b2800c8dd401ea4f723990113e37caa0952c3c6563c2abcaef38801f4b906
R00832,DELIVERY,2026-09-02,REGISTERED,2b591946cceceba578c17a989f910786c949b205823aab68f6f0cf16fb4e24ef
R00833,DELIVERY,2026-09-02,REGISTERED,4838d1e0d256de02c8024ec3a12304718d3f3d2150784a98b8f734768403c597
R00834,DELIVERY,2026-08-31,REGISTERED,9ac78f77cbffc97bce29226bc30b837f081d1291f10f14264eea6083269c3f05
R00835,DELIVERY,2026-08-31,REGISTERED,ced1c0a4b96e09b9d6600810fa453ed6a78bb434dddfedbd0738af6b049e48a3
R00836,DELIVERY,2026-08-31,REGISTERED,cc4901fdac6f1bd0a73ebc6c2c3aaf0488c9e843d36e3fb1819065e55e9a14ba
R00837,DELIVERY,2026-09-01,REGISTERED,44585bcd6cc8f0ca1e91eb49783f17dd0fed9f701131804547e5a6f822af3e05
R00838,DELIVERY,2026-09-01,REGISTERED,aba0ccbc99ce5466dfc176f403e08f1f1a3cea3e4440fe71e297f1f3b2e2ad5f
R00839,DELIVERY,2026-09-01,REGISTERED,145c9607309aaabce6101b143af298916ff9e8ce2e2321d5862edf3380cd4a9f
R00840,DELIVERY,2026-09-01,REGISTERED,f2295f752e95085859c832e3b678b46a24979e60f287c71e2aac1ee6a50bba1f
R00841,DELIVERY,2026-09-01,REGISTERED,7fe01434ada8c2b0ca642f75c16ada0957c763a457cbd7025378339b65a2b054
R00842,DELIVERY,2026-09-01,REGISTERED,2457989a06151706c91afc4ff2ef325e2a680242fefb72aa46084d31d9a491f8
R00843,DELIVERY,2026-08-31,REGISTERED,8aa64351e8483b8a43c0156d85f900585457593f48e9eecf570aa3188f5fd5bd
R00844,DELIVERY,2026-08-31,REGISTERED,9fd08b92fea83cfae607f3a3da2d0dab6d96e441c881648855478a08a673ae9f
R00845,DELIVERY,2026-08-31,REGISTERED,4a480d99c3d3a663b59a8aec1a218f5eb89102cb5470e27f80ba3aec4b8d3faa
R00846,DELIVERY,2026-08-31,REGISTERED,fb98bdd250e15b2819375d635bf5cf3f79f36a98f0b7459370106a4910a3041f
R00847,DELIVERY,2026-08-31,REGISTERED,3ab1fdfe481e05e0eba3674457175d3ef9ecfe2994da11ade8a047968c52ca4e
R00848,DELIVERY,2026-08-31,REGISTERED,db1f659cc0e4a87cbeba9bea5b9c4fc361e087d6380ccdfef3338195a59f27a4
R00849,DELIVERY,2026-08-31,REGISTERED,8511a8d089bcc14e11b523d98db2a6ca48644ca9e21b0912af1ed3df8f713d85
R00850,DELIVERY,2026-09-01,REGISTERED,beafd704e1a03303949cb82b1ee703a4b758f914d9d38fa572fee28f896b1ca3
R00851,DELIVERY,2026-09-01,REGISTERED,6f8bf6c42da0d7f9582b76ce9a99d7d3631a72efbaf58b4097939011bdc2fdb1
R00852,DELIVERY,2026-09-01,REGISTERED,cc67d41588d7e0d7cf94e543778402eeb5219660ee517e7e728831374955907b
R00853,DELIVERY,2026-09-01,REGISTERED,83860c0cfc0788a2f10f5ddad7eebd36020b4f14e492db83d47a15a645673e46
R00854,DELIVERY,2026-09-01,REGISTERED,14dadea91527cf64355fd87d4c3daf334408b23428995a45f7ea2553be07f3ef
R00855,DELIVERY,2026-09-01,REGISTERED,b649aff27e80a6f196fe9ee8dab48647ec5581447e53fac1b3703b7d4b9a0956
R00856,DELIVERY,2026-09-02,REGISTERED,68883f5cd3fdaf38274b1a8ae48fdf3edaa5019a29cd44cc46f09bb5739eab0f
R00857,DELIVERY,2026-09-02,REGISTERED,d52bd468107c5fcf6d2527662d8f0c1fbd015aba84519d7676ac1088488980a9
R00858,DELIVERY,2026-08-31,REGISTERED,b3890e171c557b73bea4c71280e265255db663053d31dfee3bd40846bd97c02c
R00859,DELIVERY,2026-08-31,REGISTERED,e6fb3f57ecb5e0853074c0be05e4139371bf947e7fadc94ed68f6e9058bb7d3b
R00860,DELIVERY,2026-08-31,REGISTERED,2a01b42af1aabd35320ae78c4ec8a4396d10a32a204b817c48f915355473d6eb
R00861,DELIVERY,2026-09-01,REGISTERED,f77be7370f30053da51c75c4fb74e9d21cb0531b7583b7d9abdb9fc982b5a5b3
R00862,DELIVERY,2026-09-01,REGISTERED,94775f22a5a5f802ec52b240e4315c542509c31b148986bffd5a22be7a032b93
R00863,DELIVERY,2026-09-01,REGISTERED,73dad2563f6e672a5e059d051e850d79e247053ecf40e4fe14004bf4ea113acc
R00864,DELIVERY,2026-08-31,REGISTERED,8c4671f806b2b2aa3ed66fe90c2fee247c7b96d7353c5fd8fb30d98c97c2ac63
R00865,DELIVERY,2026-08-31,REGISTERED,038b3e1a360e125dc43f07a9b89fa04096d1bea07e2f4528b78f6a07d54086f1
R00866,DELIVERY,2026-08-31,REGISTERED,c71d8f35b16d5501a3e19b0353e55e4d66782e0676600404b31b8cac579f7e4c
R00867,DELIVERY,2026-09-02,REGISTERED,a6d61484ad7d0433596dcea91643f246babe8229b2498c6ce0fef0712dc4f82d
R00868,DELIVERY,2026-09-02,REGISTERED,9969a16562c6ff97a7d51fae0b08f50c1633aaa7f9a4eb3749641e08a2ee6a43
R00869,DELIVERY,2026-09-02,REGISTERED,d4251b6aac565acb3d70b7dadac593f98e9340dd194e00c5a2f4b23ae8ef0fe5
R00870,DELIVERY,2026-08-31,REGISTERED,f3932067822587d2b9b8154562faa000f6c899fcedb9b58c1abc445dbecd259e
R00871,DELIVERY,2026-08-31,REGISTERED,dde3260a23d7052050c4dcaedaef281fc07ac72efd2047e7dd91264de3a42888
R00872,DELIVERY,2026-08-31,REGISTERED,9c474bb29ab92e42e02228532dfe194d665d6bce111ae7af7fd081da3b07c896
R00873,DELIVERY,2026-08-31,REGISTERED,24a85475e417d7ab17a39a5c45d9fbe12f57bee15ae2d80bc9b08e66f07a107a
R00874,DELIVERY,2026-08-31,REGISTERED,c8a231724a99f5ef05e68e53dfaf47dbc7da2f95d1c57c225f3e5ba7bf4c3580
R00875,DELIVERY,2026-08-31,REGISTERED,b89d460045d6a6257191178a6be5821b8d31f4cb32ada680e6da47912d05d922
R00876,DELIVERY,2026-08-31,REGISTERED,09a2608a3421566df12ef90ecb4b7a5cb9f545d3efeaae64c285532361e9ac03
R00877,DELIVERY,2026-08-31,REGISTERED,b44201eadc375815c280e50c9496d14674bec2d452e4fe856950b92c4210c59f
R00878,DELIVERY,2026-09-01,REGISTERED,7d79250df5152510ed491b3b7be0abae70981229c7a84a78d9d0cbc31c77afe8
R00879,DELIVERY,2026-09-01,REGISTERED,225fa551e560e86dc97521cdf93f16264f8ec8eb78af9c7e05fcc14baf3e01eb
R00880,DELIVERY,2026-09-01,REGISTERED,e34a3c18e132dd2c36b75540fe6d46c9c5e090bdc556cdc4d889c4cd251379dd
R00881,DELIVERY,2026-09-01,REGISTERED,38cdd75db9556c111c8ef0934b05df46163210bf2c95a45068868b23359a79d1
R00882,DELIVERY,2026-09-01,REGISTERED,65ed41ea4fa6aebf2f5718c3e4bf94e70254fbe47d3d5c1cf9142193eca75bbe
R00883,DELIVERY,2026-09-01,REGISTERED,29062b51b2479ce4e86b735883841ec04b90f0902079b51fea3ec7db5be57498
R00884,DELIVERY,2026-09-01,REGISTERED,29ebdf0bc13f210628a0dd8a8d0b098704e705272d5519fb959631cfae656bfe
R00885,DELIVERY,2026-09-01,REGISTERED,0a95ce6a3a755c7fc00b5f7db9ac479c98c0b7651bb258eeb2738e1afbd80456
R00886,DELIVERY,2026-09-01,REGISTERED,4bd64775ec7d446e9d5a39403b4b7c242426a57f1526bbd5a9a53808db6fdf4c
R00887,DELIVERY,2026-09-02,REGISTERED,ac22d13b128460071ce61ba78c0e27d43227d3304ffa3a7b5dd91bae661ddc66
R00888,DELIVERY,2026-09-02,REGISTERED,e6f708f356588e681a3e5635ee98307662b720072a7d5d1739a67b7aad77e605
R00889,DELIVERY,2026-09-02,REGISTERED,b91d745e955177c684f902123e40773a1b98f56155d2a84e6a9ddeab651e4c8f
R00890,DELIVERY,2026-09-01,REGISTERED,976e23639ec411b127c351f233143b37af90af6fb4022e9583c8e072bf66d1aa
R00891,DELIVERY,2026-09-01,REGISTERED,04fce572730353b61b2f2274b5eb6eef627eb5e748eff3beb7d9d67d6df53960
R00892,DELIVERY,2026-09-01,REGISTERED,2e888734345daa7234a4f3f1f64d4e81fe8272b8bc1a6c03444361562dda1e00
R00893,DELIVERY,2026-09-01,REGISTERED,28799d4d0e5007d371e544bf4da6980c8cd67ac5114406829c5e5c18fa68c2c9
R00894,DELIVERY,2026-09-01,REGISTERED,5747657c08654707c31f2343b43a7e5446032bfaae6820461a232ba938c54576
R00895,DELIVERY,2026-09-01,REGISTERED,638a4af2400fcf738ed6a376d697a1b8a9fd75348bc56b41bc0ddb40cdaae3e0
R00896,DELIVERY,2026-08-31,REGISTERED,679960487fe42a9bb4c9fb385cf0c730266cc21003f971b6881eb7e99547f65a
R00897,DELIVERY,2026-08-31,REGISTERED,87dbf2e5df761eca042d79ec9bbe3c4a2b77fcb8a4174e4563ca0fc5347b16cb
R00898,DELIVERY,2026-08-31,REGISTERED,0ef533a230b159f51bb7487237ab5c5de56d02032b9d57313d97a05503ccd183
R00899,DELIVERY,2026-08-31,REGISTERED,7433588c31bdecba41a6431b3b53e226068c466c63f05ddfe0da4deb880ee883
R00900,DELIVERY,2026-08-31,REGISTERED,dc866e5dc32237bac6ac540839bef2a3ba3fbc9c8c446dd105ebb93ee5279c3c
R00901,OTHER,2026-08-31,REGISTERED,b7c37cb10f14a0acaeb5107c3395fb781102ab88628dd5170be443e9bf6611aa
R00902,OTHER,2026-08-31,REGISTERED,bd67b8b18c55b640a553404c909603c0eafbb0e437f06e162731150dd085621d
R00903,OTHER,2026-08-31,REGISTERED,560254d03b431310d44d921eda3f63cfeca11a711b311c17f259bf2873bb2130
R00904,OTHER,2026-08-31,REGISTERED,e19d26d2c41e5c8ba4df25daca60bd54f9df0b7708f94e410c711f1a05ff20dd
R00905,OTHER,2026-08-31,REGISTERED,05a518ec4e558d89e4e9c6ad99f6ef257d7b96c5000bb6cbf8a24c3f93ceb04a
R00906,OTHER,2026-08-31,REGISTERED,a28d1f26627e8dc5bcad85344c40368b8a3d208dec3d6c864df62d66e0443064
R00907,OTHER,2026-09-01,REGISTERED,520d4ca6a7d8d07ab446430d172a3d29a4b3c59366f5fdad5d1bcb14ffdac202
R00908,OTHER,2026-09-01,REGISTERED,786efeb69cdc9717096366b46788b4341e715fe00e2f8c4b0a12c3302bbb7d5c
R00909,OTHER,2026-09-02,REGISTERED,ad120641d024e48d3b4d001b4979487d410dba93e3a8909dde188e7cbcdd0502
R00910,OTHER,2026-09-01,REGISTERED,39aca4629c2857b00decbd3e77c60dc7f3dccddb12f6e27df2893de56c22c563
R00911,OTHER,2026-09-01,REGISTERED,f3bde84f39737b4ccb274cc554e18fe638d6f34a0bbd95cc32b11b22fa2d7149
R00912,OTHER,2026-09-02,REGISTERED,06463f7cb6158ff9f183ade7437883a43d0318763bd62e14205d6598240c5670
R00913,OTHER,2026-09-02,REGISTERED,ee9b1271aa1ba6a2d0a4fe44d576a82ab856a37f83456d895fb61919523a3e65
R00914,OTHER,2026-09-01,REGISTERED,49e5218cb4184301346e6eb5b90a59d3304329d860f5a43004238a9e385531a8
R00915,OTHER,2026-09-01,REGISTERED,d22cceafde89088af0088342d3fe83a6edf778cd15853f141842ad9ae8854185
R00916,OTHER,2026-09-01,REGISTERED,87991e81c814b6f4085b863ca0599d80043890ba0bf4665aad13a25b49395443
R00917,OTHER,2026-09-01,REGISTERED,d7c2abaa1015ce40c74dbcad9fa1cdf3a080aba32d0c54e24aa334b4fccd006e
R00918,OTHER,2026-09-02,REGISTERED,39eb3a4604cfb9d6fcaccd15dac7ac3879c43f0dec51964409e25e1eb58d4c11
R00919,OTHER,2026-09-02,REGISTERED,62b9ddde79a30fc4f9d1b4684b68fa703e0d27eb7dcc5d32e995fa2a4516e755
R00920,OTHER,2026-09-02,REGISTERED,17f94b6136087e52499d4660457128fbeb337f9ee7ae2aaef38952aa4937d57d
R00921,OTHER,2026-08-31,REGISTERED,449551f14cdac1b74ef08a3353a92fe3b412513f59fe8969ea5ad2df7c2264fc
R00922,OTHER,2026-08-31,REGISTERED,5aae18e767f7d1b29b4cb1fd75211b609561773f362c6a02c4f4eb5a188cdf74
R00923,OTHER,2026-08-31,REGISTERED,1c79512cd025f6f22b3da9d5e34f92ac0189c12d3307a348ef2ecc199b7de535
R00924,OTHER,2026-08-31,REGISTERED,38015502cef9dbba3db606fbda33c823000af00f7b12f1203b67aa4e310f8d62
R00925,OTHER,2026-08-31,REGISTERED,edda7d6fd340c8e258cec00c769df4c54c1314dfbc41298b25aab1fec2da60f7
R00926,OTHER,2026-08-31,REGISTERED,8721805d451833b6086dd67cc721ee45ff280395ee0923523d77fdf9beb96aab
R00927,OTHER,2026-08-31,REGISTERED,0f96a7903703fd8615736965d1a2c957d8bece8b5a007dd3c59da1305a039e84
R00928,OTHER,2026-09-02,REGISTERED,78ba7f98131f18d930f09dbf3373381423e55a28eec39c601937bac692d3b7e8
R00929,OTHER,2026-08-31,REGISTERED,4a50b7495f522e8cb996b47117eb068c91b85747042f5e35796dcab7192340a2
R00930,OTHER,2026-08-31,REGISTERED,577b8ab2276aac5e73104bfe5d550bfd1b133730f0210f3071e701da0a3fcead
R00931,OTHER,2026-08-31,REGISTERED,ae8fca1fd50541a3e4c39d16dc0d6e6dc805ba943a2e7d61a6c263c3ec6b4512
R00932,OTHER,2026-09-01,REGISTERED,2183fd22bf4870608206ff6eca7054fe90c7bcc0034999c9e15c4ec7359dc700
R00933,OTHER,2026-09-01,REGISTERED,825351e8cb1d3a161d645cc98ab0683b44cb328339ccd9549b4e8c22bb517d9f
R00934,OTHER,2026-09-01,REGISTERED,0a3fb9eb9b6ca111bd6993af11498588ca2b81844a125ca45aed7f6246bbee7d
R00935,OTHER,2026-08-31,REGISTERED,2e3c20c3e0d84589aa08e4f7f4ef22209f31b3a2f5b0071abc9db00b92a107d7
R00936,OTHER,2026-08-31,REGISTERED,c9ad43cce933b33bac341a6d1c6b360d04dab49cdd88d3e3a466070c0b2fca5c
R00937,OTHER,2026-08-31,REGISTERED,efc2d09deb91ff135a758dc5d6b05cd62ba5f6d0dd419e03429ed0b7d82e5e7d
R00938,OTHER,2026-08-31,REGISTERED,d0601750f721860c1b8ff20d217424d28d40d0fb88448349056bb7dfb9f73a81
R00939,OTHER,2026-08-31,REGISTERED,5e7a8a09d6f9b37543eab3a6640101a8701738146a39cd1c30fdcf52fb2523f7
R00940,OTHER,2026-08-31,REGISTERED,82657dde06897dc784f0173e06f55ebacec3e1afcd9b32d56f517ca8c163e1c7
R00941,OTHER,2026-09-01,REGISTERED,96ef983dc5ac149eec86ec5b13cc0e0284c65d747a9c478beabef92457a3eea9
R00942,OTHER,2026-09-01,REGISTERED,a344220ec461c52ee7f39efa610e420e605f467220c22f9d88e7d5510e637265
R00943,OTHER,2026-09-01,REGISTERED,a3ee41cfd38550a63f3f90514aa4b55fa83abee57eabc414faee5b7cb94e33d4
R00944,OTHER,2026-09-01,REGISTERED,40e60cb85fc2d16a40d3682d7fef9ce0430863b1a3bdd8ddb486c4af3598bad3
R00945,OTHER,2026-09-01,REGISTERED,3fe8bdd51a8fb34ff8a78ada031e40d037539ab075f343a4d10f1b703d8753d4
R00946,OTHER,2026-09-01,REGISTERED,8d43cae8b1112d5fcd90d402b8c5598e0222d98bdcb115e9b13cde6515642afa
R00947,OTHER,2026-09-01,REGISTERED,054cdc8fabf3092cbe26c7663bef8a41d5ea9cefeba12006bbf78c84189ea0ca
R00948,OTHER,2026-09-01,REGISTERED,53d98f6c1b51040219c1a66090f4dac048fa1edde920f16d3651a1dbdae7a183
R00949,OTHER,2026-08-31,REGISTERED,0f822e253ee87afc896ad90f36a4cc7d376a1d54d3f3e3884dbb3ac0f750b704
R00950,QA,2026-08-31,REGISTERED,0978d8ef0e3bd11de764d69c0c381ad878c410b9e5f0c2cbb6fa632405cd6950
R00951,OTHER,2026-08-31,REGISTERED,e1daa49f0d09cc3f5c855bf8127255658f4142b65ab8d50b1bfd6d560a23e519
R00952,OTHER,2026-08-31,REGISTERED,4f66198d0091f3350c5e687d554065ceea76dfeba20f666ba060a02d3794b725
R00953,OTHER,2026-09-01,REGISTERED,ba9e8c5f73787ff51d680650e53ef8707ef62e716fa7508bad555c982877895b
R00954,OTHER,2026-09-01,REGISTERED,3ea6f75d94648cf32404c5bdf4d7087862aacbaf01e7497cead1e310583ab572
R00955,OTHER,2026-09-01,REGISTERED,bc1169a123bbdcb42415e23ed7fddd2e422ef6c7d83e1bdffe43dd5831e9a5bf
R00956,OTHER,2026-09-01,REGISTERED,854d678f6365339291d885ac5e82250acaf26b7cb7484334d5fd17ef4acb1575
R00957,OTHER,2026-09-01,REGISTERED,4927d4a15d8054d427025f0cb77f2e17c96d4266b9cb1cf088499849a36448e8
R00958,OTHER,2026-09-01,REGISTERED,c526c9fada51b1238df2f85a2e2000fde87ee794ffd2e063e87cc60ba3ff0e2d
R00959,OTHER,2026-09-02,REGISTERED,684dba3b25706be610bc5e88c50d0d23b175c621f945a307d2e0592b86c450a3
R00960,OTHER,2026-08-31,REGISTERED,3a011b51c9a5ea42546f5cb14ccc79c3dca74defe8236c3ba858874a6cd8a0ad
R00961,OTHER,2026-08-31,REGISTERED,6caf692f8cbef0e85fab8927f5aad2337cde8cb5fdca4db242fc6b8ea07b1d4f
R00962,OTHER,2026-08-31,REGISTERED,b7fdb89912272f72bbcc221c4e51cb6056945f4e6043f411471dd1bf39ffd741
R00963,OTHER,2026-08-31,REGISTERED,68d455b4a37e75cb82a075e483c8278f5ec13ceab926e25b0204a11eaeba4580
R00964,OTHER,2026-08-31,REGISTERED,2ee916743c7203cad7c7ca1fd4d3a9b740e0877e08c328630c109ca28170361a
R00965,OTHER,2026-08-31,REGISTERED,e6277f3c29a147a9ccd6720009f5cf511302a402da28dd56caa4fb11c548f93e
R00966,OTHER,2026-09-01,REGISTERED,181eb04eb989dfda96588da08f6e36cce02cc8abd743988c12baf5b73b43afd5
R00967,OTHER,2026-09-01,REGISTERED,1e39553421a3b299e85c9b7827440f19e48f0864b0d01978764737f4ce656b03
R00968,OTHER,2026-09-01,REGISTERED,ba2c1f06f28ea4efaeae06f8921abfb737cadacff77894e4722cca351523619c
R00969,OTHER,2026-09-02,REGISTERED,c65283aae66dff22cde0907411432a90750bb2738fa9bb116648f7498e04c40e
R00970,OTHER,2026-09-02,REGISTERED,e92acb159a0662cbb807262c11e6d8696f7f666a2a8f13a6cc89d8daae27076d
R00971,OTHER,2026-09-02,REGISTERED,68080c1861af05701879a6e0206b680d88b63c11aa440c79888887206695eac1
R00972,OTHER,2026-09-01,REGISTERED,6c853c4d6ae5f6b6e0a4492c42d9a5fbaf2bbfac54317aa4133bedc8af8c32b3
R00973,OTHER,2026-09-01,REGISTERED,23af8aa56c4739ca340830c1618298b296eea4a2d5fe49954bf41d21a887cd2d
R00974,OTHER,2026-09-01,REGISTERED,fa964b187641b00be776a0bdc9048cf4863d4be579ae3fc04516b54955b0182b
R00975,OTHER,2026-08-31,REGISTERED,598ca55ba8a9bbaae9421083009a7df005a702d27a67b8c95e9c6c8fe3f848b0
R00976,OTHER,2026-08-31,REGISTERED,764bfe8411630ee56008b0fa7a1023f9920d83820018bbaca4d550689a0a173b
R00977,OTHER,2026-08-31,REGISTERED,99be5d0d91a43cf097250523e845e64ac3ba8d447102644d26082c0bd1f2d1aa
R00978,OTHER,2026-08-31,REGISTERED,7867df18bbc8734ba2da4079dcb20ba243cbe5e64ae82e25212c65a608216ad7
R00979,DELIVERY,2026-08-31,REGISTERED,2a05f52e883198ee522ab50ea637c0fb577f88b195e6418d336d296a995243b7
R00980,OTHER,2026-08-31,REGISTERED,159cf698440ae27832b2de244dc6dabe7a441e0cecae74fc69e693565eff0c5f
R00981,QA,2026-08-31,REGISTERED,c85f70289e2bc7e094c8a4659d41fb70f0baff44d817933ff182bf318723ad57
R00982,OTHER,2026-08-31,REGISTERED,afb6c3dc3e60a22cc0524eb387eb348c140b31135097bfbfb650d72145a553a4
R00983,OTHER,2026-09-01,REGISTERED,52c619ef3495b337b92ce422652669b78573fa72b670da9cf5e1301ce5251835
R00984,OTHER,2026-09-01,REGISTERED,9c4472c80050037100eeae863eb28fc109b7ccb92d0277c9d3319f5305f659d1
R00985,OTHER,2026-09-01,REGISTERED,1a1bcfda610ff31e5c63c2a1ecf73903f8c672d71a13ebe692cfb03b5a9dba73
R00986,OTHER,2026-09-01,REGISTERED,1ac93a23c05ce93c21152bc1a4c78549cc4f5076e16fcaac2a47688feee8eacc
R00987,DELIVERY,2026-08-31,REGISTERED,4e90b08b5a54e51d80299c041fa48e3fcdb908798ffb3f5c72897fbe11adc38b
R00988,OTHER,2026-08-31,REGISTERED,0f983adfeb28dfba79192cc31f585d97b402717a84cc4407c5388142dc0915a4
R00989,OTHER,2026-09-01,REGISTERED,4483eee3a78da41bfd2602ba5fa5dc207ddfa34782b5c859becc6b7583c9a1b0
R00990,OTHER,2026-09-01,REGISTERED,6866e7ff7f3115afcab6d08ae33b3f1edd4c2afa0b2f478e8675e16d1c3cb05b
R00991,DELIVERY,2026-08-31,REGISTERED,8990ffa6c673797ef4b6e5528bad9fd05821e9e584e26ede8fc241fa62e82756
R00992,OTHER,2026-08-31,REGISTERED,c64a128efce3b602f6c8743d84ad97fb00f0a869e59a72f1b35aebc6e0f7fb7c
R00993,OTHER,2026-09-01,REGISTERED,0ee0b344bfac818dda12937ebd0c160cfcd75a924a1c2170643a941b9d51d020
R00994,OTHER,2026-09-01,REGISTERED,c0ef3dc470f98a7925a57016dd974e155a0004796fdfc64275a84b6618b8222d
R00995,OTHER,2026-09-01,REGISTERED,429f319cefe192c678092029c56aa5821bd9fc23ae3de07a0e9a791961aa6fef
R00996,OTHER,2026-09-01,REGISTERED,005a88b6732d4bd71660d34831b639611a956f051cc4536df904be77d1e557bf
R00997,OTHER,2026-09-01,REGISTERED,712a75a5b696acecfaea6e9459a44b248f68acd9954606d08ba9659634d8be86
R00998,OTHER,2026-09-01,REGISTERED,28bcf7688b9011bb0039d6459571d190e5c0bd7d8e1a862725731d2183444f80
R00999,OTHER,2026-08-30,REGISTERED,a4a7273b28398f9efe71ccc84f2ab482ffc0d84e08db08f2ab997eb6910cb6f5
R01000,OTHER,2026-09-01,REGISTERED,5c3ed741ed1287de6b617cec025470a37407a96a740079793a11f4733ec50faf
R01001,OTHER,2026-09-01,REGISTERED,e5c16f8ff2259808de2df4af695b4e8db7c0eb7db258762b74bf093f8ccf98c6
R01002,OTHER,2026-08-30,REGISTERED,a60b626ce249ca927dc32f08d66c7ee5aadfacc568d9ea0b83d9bd0802e08163
R01003,OTHER,2026-08-29,REGISTERED,fcb1dabb7a20216e1cc54d1ac13b20faf94e2c7215d7953511da40a70f130f77
R01004,OTHER,2026-08-31,REGISTERED,6169f0125e2083f15ac6677dce58ebe74b5fcc84a987b749d1126779e24b9413
R01005,OTHER,2026-08-31,REGISTERED,96b3c761216b220237e8165cc3867f264c82b670a6f1d0391103b0df68c881a3
R01006,QA,2026-08-31,REGISTERED,45e08bea848c3cf8ba659f1fa08581cc79241463cbc141f84f9a8dd922a58284
R01007,QA,2026-08-31,REGISTERED,fed746ea9919d0021151119e0f00a075563030869cad2c66904354a328b922e2
R01008,QA,2026-08-31,REGISTERED,497fa63bfc18acdaf76cf7b1dfb0ad62c8003d3c628db4d5ad12cec86b54a687
R01009,OTHER,2026-08-30,REGISTERED,7d4d72e488d84262af00585f82bee004f7fc06962791db7ca1e3f5ca416fe819
R01010,OTHER,2026-08-31,REGISTERED,726fc8ba62dae3e3a3e15482b321c81265894bcff92654a1e198e29b74e7fedb
R01011,QA,2026-08-31,REGISTERED,61019c71388826a2635ec112c23cde81563b374593ec189bfe29030d4cb89ac2
R01012,OTHER,2026-08-31,REGISTERED,b3caa3864b7a38b98c692e1347f9f46709db0c5af73d74b3c8b99cb34406b14e
R01013,OTHER,2026-08-31,REGISTERED,5156b11aa0c5d99c18add009443c3e24b7f89910b8896fc214062e814c1af8ac
R01014,OTHER,2026-08-31,REGISTERED,ae3d92b1446698a0ed9aadf83ccefab131c7adbd1373daad1db1d053696de994
R01015,OTHER,2026-08-31,REGISTERED,3ad81d517b67964138119336fd7d5a0fe47323dfe08de5bc1cd85c8146609ef7
R01016,OTHER,2026-08-31,REGISTERED,f4d03d0aa792944d9074dc79361e3653dc4e290823701d3c497ad3d75948080a
R01017,QA,2026-08-31,REGISTERED,61019c71388826a2635ec112c23cde81563b374593ec189bfe29030d4cb89ac2
R01018,OTHER,2026-08-31,REGISTERED,c05ae9f4bef55a28d381fc2d0880328154807680a7bd3243194aad955781f02c
R01019,OTHER,2026-08-29,REGISTERED,55513215e005eeeba4a17dfe3bf48a1895fdee87d0ba19191d01445f0809afe1
R01020,OTHER,2026-08-31,REGISTERED,a9b4caa9800cbdfd49e82b13a78e19d4c792d349b479926d666ebcb7e8adf1a8
R01021,OTHER,2026-08-31,REGISTERED,69625e8d5b66c81d9bc135cc5778ad97668e11f5bffe65c795b284f271420af6
R01022,OTHER,2026-08-31,REGISTERED,bbf0ad8c27609b7a45743f59b36a6d11980a7c644cce4b9bd107c00472b02c9c
R01023,OTHER,2026-08-31,REGISTERED,740ad3854ac0549f298b1493fbfef9f5af0c56c5d1118942aca7fcd9f4ba91f5
R01024,OTHER,2026-08-31,REGISTERED,4ff097da1273c95549dd0eafbce31cd7f334b6a99daff0882c8da011a0c102d6
R01025,OTHER,2026-08-31,REGISTERED,988b7c4c9db38e7421449fa2c235cc7473ae08413276659e8ce8cd3902f0506f
R01026,OTHER,2026-08-31,REGISTERED,bece64e1b459cf3ea3b32ae1aac5c2e7f2c31551882a7c422d8b395f9d54f073
R01027,OTHER,2026-08-31,REGISTERED,45043c8bf9fa62d41ba98fe46df167c7705d471fdce745b454d5ce60892ff1df
R01028,OTHER,2026-08-31,REGISTERED,342687d0583ef3a33621215dd67ea9252224bb3741304fa9f644fbe0c80926ca
R01029,OTHER,2026-08-31,REGISTERED,b3554c049ed72484a4a4a356867bcb569d796e75ee4e4e8cd0c6e5dccf98c321
R01030,OTHER,2026-08-31,REGISTERED,db48297428c435e3512663e01504a675e2fb7b78553fc507c8c06b70648cb7f3
R01031,OTHER,2026-08-31,REGISTERED,3a5bbfc79723fe5fd405d2af1ea7de7f9470392df32d985d5168839a309c9ee3
R01032,OTHER,2026-08-31,REGISTERED,e1bacc04ba3d8a1413837519303686996505a350be5e982026c622d63eca77a6
R01033,OTHER,2026-08-31,REGISTERED,3d721bcbf0b2254b12fcaf4cfaa1da06fcd5edc202e72ddd03a6c01882db96c2
R01034,OTHER,2026-08-31,REGISTERED,4e18f94c1b52ea6308d68c222af79b64868696646d82d286ba42647909d2830c
R01035,OTHER,2026-08-31,REGISTERED,b4e60ec589f3c53667c6e4c2437fac77a421728aeaf406f2d71823b6c2ead0ae
R01036,OTHER,2026-08-31,REGISTERED,412ed67f2d9a0c56b417fcb108af7adf57aeb5fa2fb1a8e21a8be688ce8f02af
R01037,OTHER,2026-08-31,REGISTERED,b57c69b363f428e1755d27ba83fcdabce54703b033b12018a5202d22ae86a284
R01038,OTHER,2026-08-31,REGISTERED,daa2989efd1828f00a0a751dbd231fc0067eff4989477166ac93bc4f4690bc32
R01039,OTHER,2026-08-31,REGISTERED,44999caef7f2b4d02e447a71bc04b03ed8058d53514b16b229aea9af0e78f821
R01040,OTHER,2026-08-31,REGISTERED,fae1bf9aaa21d27a8692b713be1b83a9d791c3ea6384072911ff621eec5eb759
R01041,OTHER,2026-08-31,REGISTERED,abf5c8aae2b3f766d485eca4cccbfe6a11a14ff8b94c98a830bae20eee59a6cb
R01042,OTHER,2026-08-31,REGISTERED,528c29bb829f74d7c64409111225a07ec5ba4fb78600ceb76f15e074ed9d322f
R01043,OTHER,2026-08-31,REGISTERED,d29a2cb8d486e0579a33b30f6ede7149dde5e9e64286f3f1c1818368b0598f99
R01044,OTHER,2026-08-31,REGISTERED,46a547f6e5182e8ccec4b4def36b84d0a2c94794e58c824aaa24268172a4129c
R01045,OTHER,2026-08-31,REGISTERED,32e412caf8e1872a6b75e7f5f75693f3dbccb7ed50e0f5f48818ccf7496ff444
R01046,DELIVERY,2026-08-30,REGISTERED,a33403f21f01572aae961825ef537d58c7c6eaf2f40fbf5146373ed5c8ee5143
R01047,OTHER,2026-08-30,REGISTERED,99a96737a6c7bf0583e04abe8b0b54f5a0458f1b99f91944db15b2cfee0d9ed2
R01048,OTHER,2026-08-30,REGISTERED,71dec4d5a516c030e16a06f77f2532158cdf80f47e4b25d53446a2bba06bd0ae
R01049,DELIVERY,2026-08-30,REGISTERED,b738e17debff997ed81c5f16140384e1504535355b67ecd2d6d7e1c667875f67
R01050,OTHER,2026-08-30,REGISTERED,bdd306592ebfbaed2fade9bb96e5059877f24c4a9608ae9e4a8639bd3af7e331
R01051,OTHER,2026-08-31,REGISTERED,3b3013251dc31ea86cfcbeb1a0c0f67d901481fea8e8fcbe2439f895b00793e5
R01052,DELIVERY,2026-08-30,REGISTERED,3b4ec8887363a2862ab775facb46803f6198fa1dcce2b06562ba63037348862a
R01053,OTHER,2026-08-30,REGISTERED,01c4c7993b0443a977e587e200527704faffe0e01e7389ddbe919cd7c97f563c
R01054,OTHER,2026-08-30,REGISTERED,2c3da711848030787bc762dd8c404a814ab35ffcd6950def7f347b7ff3c266e9
R01055,DELIVERY,2026-08-30,REGISTERED,b124d80ad8e0275ea596ec3b91399c6c2eedb772d8c51fa35451159df1e9d2c6
R01056,OTHER,2026-08-30,REGISTERED,54b31fa307c94ff697abfe70cf9857f026b5271c2396d11812ad135e9cbfbf57
R01057,DELIVERY,2026-08-30,REGISTERED,ec20832a026993e409f49af58b83b7469fc338fd2105084d6353a5dd1df56739
R01058,OTHER,2026-08-30,REGISTERED,6343b62027b7f7e33a5bb065379f897e96c424f6fa2df38459d0d1a3893aaf0d
R01059,QA,2026-08-30,REGISTERED,ec3478a55c31d5ae0a5da74a3c063b07ab039bbda47e4e6562918da74ca58cbe
R01060,DELIVERY,2026-08-30,REGISTERED,e3ca8f32c47ad4afec158374c649b349b068b939833391d48e9f734d40cbf213
R01061,OTHER,2026-08-30,REGISTERED,566d69a1a15676628d5335277c17a746df2278b77cc2c2a388aba201359a04e0
R01062,OTHER,2026-08-30,REGISTERED,c3a08f339e80bb19ee302c8c48d7507b06543fe7fed8d6a376dc0d5e7d86d637
R01063,DELIVERY,2026-08-30,REGISTERED,e80ef48ba1911d91c41fb604ac7bdeceb13747e10a31af7a910be1e978984d8c
R01064,OTHER,2026-08-30,REGISTERED,6a5f7999120c8c784dd9ba9680c6fde4c7887e88dd6b1b405c9b141348b1e582
R01065,DELIVERY,2026-08-30,REGISTERED,f93c973e5d69d663c54128f2e61f84a718b288cfe0c97de1d8d8e9118fbb3f9c
R01066,OTHER,2026-08-30,REGISTERED,bde390c2ebde5086733455eeb8170e960a1e65bbf570ee2858f65338399e1324
R01067,OTHER,2026-08-30,REGISTERED,bfdc6e9655b89beb80dc95533588346c59789d3cb5a27db1cc405a30ef2b163b
R01068,DELIVERY,2026-08-30,REGISTERED,4ed05d2c4175b5cdf5ee18cf5f437c5928e8a4378d77552a09d698af2c33da34
R01069,OTHER,2026-08-30,REGISTERED,4409148d9576835245e30a613f6bdcd19caa4a87d86f14ec0d0b7bc02ebcaee6
R01070,OTHER,2026-08-30,REGISTERED,663610428d714903795b394583a794e78c4fd89a65fb6834f17f19483aae420f
R01071,OTHER,2026-08-29,REGISTERED,365e079854c1be1e524946a585831d4692bff48d712056dd67369816808cc769
R01072,OTHER,2026-08-29,REGISTERED,9de73136aae9407db3304b9c396b71dbe980ac1879f31ddd7668a5bd19fbf088
R01073,OTHER,2026-08-29,REGISTERED,baba551af926c292f317ae9a1678c2ac2c40ab51fc9c9548ee8337d6a5a7cfd8
R01074,OTHER,2026-08-29,REGISTERED,2e4ae06bf9b4f18ad66a2bf2e7320bf2e3e0c27fda2131a7b17f0e511f06dac1
R01075,OTHER,2026-08-29,REGISTERED,9cd98fc7e237a4354e96a47fa291fbf5798ca5aa6168e17ec1baa56c5f95bb45
R01076,DELIVERY,2026-08-29,REGISTERED,03cd8acdaf0267d5263b84491c5c9a2c6346327f840c6fa900656ae3f4c49897
R01077,OTHER,2026-08-29,REGISTERED,4951566657e349ae0160f41c8d93d6c07c600b2a3eb3e7226f33829035d3d7cc
R01078,DELIVERY,2026-08-30,REGISTERED,10a56a8f9b3f0429ec3952f087e942f0b715b02dfc5f3ed8fbd7144682879990
R01079,OTHER,2026-08-30,REGISTERED,2dbe8dee2d8ba75a1f618d50e0c265d0fa1ed938662d3f2285d409f8c0a2f5b3
R01080,OTHER,2026-08-30,REGISTERED,5730ddcfd0e89cd638036764fb10083160a6d80ca534dff2e30ae823120553ce
R01081,QA,2026-08-31,REGISTERED,46e64768b44b8143d325d93c3c179fd57c2fb191eb38c13fb50f9fb7a3e55d51
R01082,OTHER,2026-08-30,REGISTERED,87c140e2f0f74cf51fd1528ea75097ca431a8237244d955d01db058ad79dbc3c
R01083,OTHER,2026-08-30,REGISTERED,8b31ef76e202eafc7888469397ca1bf759b5037205c9d408a69f3abb5b611d95
R01084,QA,2026-08-30,REGISTERED,05ef462c0d22f7d10f81c9636571634c88a687a96f45bdfcd0b431b4e1e19127
R01085,OTHER,2026-08-29,REGISTERED,ff9713407452c2d81eb4ec29c542d608e6b00e9ae772b3285aae66c24b1739f3
R01086,OTHER,2026-08-30,REGISTERED,de46a01af63c2bd7ceeb0e18debc92200ee0774e45c73143b1a6a7c70eb6b571
R01087,OTHER,2026-08-30,REGISTERED,eb28a6594d7f808f3904e64ab594f7efadf75cdead9f857950ad02d1cff5a54c
R01088,OTHER,2026-08-28,REGISTERED,b40f6ce5789dea56097ccfdfc49e64b773412076bef0bb2b06a0801dcfb6cfed
R01089,OTHER,2026-08-29,REGISTERED,e68c65f24e99520b5d8612b4d1a6bdd98cd495af5b81261c6ec36573c8de828a
R01090,OTHER,2026-08-29,REGISTERED,1982b1ce447700e6adb2a1b3d0a31973a27d98d9698d0b790e285ac776587fc7
R01091,OTHER,2026-08-29,REGISTERED,0ccbd166d7b8f03823d9175eb80f51c3734b056aa41c31036b3b483741b115d9
R01092,OTHER,2026-08-29,REGISTERED,06f79e5cae784740168c93196306358f0ea365d24f01db3959936e486df0206d
R01093,OTHER,2026-08-30,REGISTERED,c54c2bcb01c7fcc6829e12e6434c33b7162894d563995370a9b7c6a0a0dc1593
R01094,OTHER,2026-08-30,REGISTERED,ac298394f22920667f0cbb7651962a22996b401ed728d910c9770214a89b75bd
R01095,OTHER,2026-08-30,REGISTERED,93312954566c02681c0a1760864746263751d500d13ed5748294f829a96d84ab
R01096,OTHER,2026-08-30,REGISTERED,31ab54d5635c4ba7a9acdfa513346f2a63c2101f4fb3e9fcd9d38c7602e603db
R01097,OTHER,2026-08-29,REGISTERED,996443b4cd638ca7852895fe841a08caf4bf1f6fa5cba1cf76d52e5e1a71c88f
R01098,OTHER,2026-08-29,REGISTERED,a62b53ed5cdc86bfcb96c81729b1ae151157ea3614681b0439238960c8ef2fc2
R01099,OTHER,2026-09-02,REGISTERED,039e6f481520fbdd07e0bb9970d1799d6893cb18d79746061116d138faecb725
R01100,OTHER,2026-09-02,REGISTERED,0e7614e787a9d69d729bbf8c2d151cb49cc9c71881028742b55bfeb0e8ac29d1
R01101,OTHER,2026-09-02,REGISTERED,80041f9a10328e260137cce7a7051634b5d91239227c3ae11ecf8ec696eabb29
R01102,OTHER,2026-08-28,REGISTERED,5e94662c13b1ad48fd28d04058c256345d58eec90e339c0318be572bfb72d0c9
R01103,OTHER,2026-08-28,REGISTERED,fd033e1a74f78a2ff37971299f8342298329c88b2342efe3d51bb8767e496625
R01104,DELIVERY,2026-08-28,REGISTERED,0799925865739afc9e6c0e4d42134c1475dc5398b0618174724068a928f8c979
R01105,OTHER,2026-08-28,REGISTERED,3dd9ac9eabf8fca8b193e9965b5770abd22acac0c88de9569e5e9b9baaf5264e
R01106,OTHER,2026-09-01,REGISTERED,0f33053ae44e676a220c296e84898e6a4a7be1384f1b9a536e6043fa3fb154b7
R01107,OTHER,2026-09-01,REGISTERED,ae6935409c6227456254b2aeea93352c0829e9b55b1ee90372c3ecdb05ece696
R01108,OTHER,2026-08-31,REGISTERED,d4d00ed17e553d3a250d9e94821ebab5fe38a3d2b59c9fc4d7f8cce6fbc635c1
R01109,OTHER,2026-08-31,REGISTERED,8527841bf33e457fc763acd5dbe2ac3f70c1c327f58498fbcf4ece0bdd0f6cc5
R01110,OTHER,2026-08-31,REGISTERED,411cca038b54a3e83b42e6490ea41d0e80657181cec71b1b6779c6a54133faed
R01111,OTHER,2026-08-31,REGISTERED,519b9dbac4d644994be55f403f0a7beb392dc466c2b6749dd794fc179ef894d1
R01112,OTHER,2026-08-31,REGISTERED,6b416b48abdf15d40beae667ee59cf4abd8eb6f0f96db9398ae51ac6b2b026a2
R01113,OTHER,2026-08-31,REGISTERED,1314a033bb9f8f423401589c09494d207a98ecd8f48475f7bf92ab4b6e4041bd
R01114,OTHER,2026-08-31,REGISTERED,54d0e390d8a0c652ea965f287d536327438a9c14fa8f2eca734298e315a84f73
R01115,OTHER,2026-08-31,REGISTERED,8ea5e3ac12f4ea695aae53a3b4c5c9a3b13b3f146b1b034c4bbd760c359f3314
R01116,OTHER,2026-09-02,REGISTERED,f8b9ad8419aa3878be304f362e11fcaf8362bf1a11cf3405c86b2add33fdd8a4
R01117,OTHER,2026-09-02,REGISTERED,3957f80cd7368a356908316adac63942d4c6747caed6eed353b6d637d6fc02c8
R01118,OTHER,2026-09-02,REGISTERED,41d0cad2e0396f28a0492eccbe5fd820f451c3f266c25d274bab900646edefc7
R01119,OTHER,2026-09-02,REGISTERED,ce80773fe63e46f47c867f63dd5bffcf98143e42cafcd5474b177f7b237c269d
R01120,OTHER,2026-09-01,REGISTERED,be28de5c83e1fdb4bab9649ce5c59fe98e65bfd1bdd0d0be65bfedfd658e863f
R01121,OTHER,2026-09-01,REGISTERED,0d6415435ecbc87c141a3ea38ca3878c9bf8ab7c3156f3f85524e784c812f8da
R01122,DELIVERY,2026-08-30,REGISTERED,a49e3b7c3ed6caddd2d53fc4df2c1136f040249edbf9d829ce4b8e1b83733903
R01123,OTHER,2026-08-29,REGISTERED,af23901bd358b6f0492fea0676e89164b089cd67d9c31cf8088f310b9668fc18
R01124,DELIVERY,2026-09-01,REGISTERED,bfbff4d01558e992ca25d907b58d172114d29d73e55475efa6ab7504821597f4
R01125,OTHER,2026-09-01,REGISTERED,51adec135445f846e94412475e5c48332f6569b5b0600fe669969548760f925f
R01126,QA,2026-08-31,REGISTERED,2bdbd73b6aa97530b606693462a005418516c471233071fb4473a7ce9218df89
R01127,OTHER,2026-08-31,REGISTERED,a9fd41756d60bf539869c2160f28407964b853f70383527afd4fd6abb76af176
R01128,OTHER,2026-08-31,REGISTERED,82cf6b9a34ce1f717e33308c2a35a47ae6ddbc4c666bec0a57ee974820732acb
R01129,OTHER,2026-09-01,REGISTERED,ee085fc0ce339a35685f577c0c25e93306e1e29d3868f571cbbdd082ece6fbd2
R01130,OTHER,2026-08-31,REGISTERED,4606dfbdaa55fe61afab7c738fad96ef901f4519a30b69ae28d7b1da3e7e51fa
R01131,OTHER,2026-08-31,REGISTERED,d4b4c9c1a5ad7c6026bffe82133442aed021bf41b8e1a56f05b3ca040e799648
R01132,OTHER,2026-09-01,REGISTERED,604348ab56dbdc362709d250eba3f8cd969f6a9703450f9a447cd3ec464e84ee
R01133,OTHER,2026-09-01,REGISTERED,8c6e7af5fac8125b97f8536353c2e01276f983ff72f8651a6b211a52ecddaae5
R01134,OTHER,2026-08-31,REGISTERED,f470c59744f68e632df95e064e8e2928d015d0f1d1016967fcbb8e24a28f0e6d
R01135,OTHER,2026-08-31,REGISTERED,d0922a0318cfa21a42a84ccacc5c8dc750bbcb5e3255dabfa4442dcc4873d04b
R01136,OTHER,2026-08-31,REGISTERED,ba8b31002d7db21d9755dde9548d27d3b0a0d28ea30582044cf3bd2c9b4e0f1c
R01137,OTHER,2026-08-31,REGISTERED,41cf3218652407a314e7d79e648a49a967e20b327f0e2ce43cf54ae5a44a3d11
R01138,DELIVERY,2026-09-01,REGISTERED,9507d01d9afa1d1bde0013699b1cf67f0e4f43313f04061493d0b6627bbf593f
R01139,OTHER,2026-09-01,REGISTERED,22e5d2cfa016feb0ea8a4f23960ab0a6a2aaeb5b2cf4d100a13b0d5239a64ce1
R01140,OTHER,2026-09-02,REGISTERED,01095ce7fc55600daa6159b1986f5d71d3184458404ebca8224282b78d773509
R01141,OTHER,2026-08-28,REGISTERED,fed27d01f7f7738f0cd6fd6cd624479883324d0016db25bc2d2d983e0e2b1c8e
R01142,OTHER,2026-08-28,REGISTERED,83a2fb6d3e8d79bac2b67d14eeaa86387738fe96521d1fe8e3cfd9b8679a1cb7
R01143,OTHER,2026-08-28,REGISTERED,7a805128432388f6258031ae165ac1d5b78e3239df93b6d5d117390932cec3de
R01144,OTHER,2026-08-28,REGISTERED,ce7c2c3b0fb37da767a4b4c7c6b200d82a5d741660d59a64fea2b00900dd1d15
R01145,OTHER,2026-08-28,REGISTERED,08863b843834429aaa81e158913352c02af6a637e3513464e09328731cebf7a8
R01146,OTHER,2026-08-28,REGISTERED,4ebe0a16ef7001f23f859257d911ad18c930cebc1c672202bd17132e3e50b3d3
R01147,OTHER,2026-08-28,REGISTERED,670e25fb05201fec000e5040240e0437991acfa7a939c8c1a8fb22b8949d81b6
R01148,OTHER,2026-08-28,REGISTERED,f633f0761aaba80895342c34ef9fb34e223e6b8d604d7d3a4478870eb9989dd2
R01149,OTHER,2026-08-28,REGISTERED,6699f84f99a747a3c52eaf6f532db24cc18c11ec7227f00d54a044da83471c28
R01150,OTHER,2026-08-28,REGISTERED,0fdd032215622854c66371b17bd9e24349fe974bbc4a9eb68e2f1d291dc54e31
R01151,OTHER,2026-08-29,REGISTERED,1dae8d4b9ab069ea9bdc8e426f00c309cbde940eb5cc34fcc8b1a0bd12838790
R01152,OTHER,2026-08-29,REGISTERED,3b56014af7c5196ffdb96e891fd4d1ed363c4f47d1c6e3a50bbc42487e232d19
R01153,OTHER,2026-08-28,REGISTERED,3a497dc9334bd4b229389a2d95b4ac59b8168718223af355a6c6d4a6d1eab79b
R01154,OTHER,2026-08-28,REGISTERED,3a497dc9334bd4b229389a2d95b4ac59b8168718223af355a6c6d4a6d1eab79b
R01155,OTHER,2026-08-28,REGISTERED,f12d35631cc00b5619d63a285598be174da80ec4eae7774c60cc9da0bac8ce43
R01156,OTHER,2026-08-28,REGISTERED,862fc86ee6cb3a12d9e13d295e229332260150a9a2e6660b49296f7a792bb914
R01157,OTHER,2026-08-29,REGISTERED,dc34b0a85a970ecc8972de87178699435a3e33d3f15f1f0acae599dda0f40cc1
R01158,OTHER,2026-08-28,REGISTERED,00c9fc163abf0cd5e4eee4050cce412dfd43bdd99f632b3ffb5ecbc5c1ea8323
R01159,DELIVERY,2026-08-28,REGISTERED,963e0cd198893cfa0a38648968adc44cdeec1c9b592dfbfaa61aa73f06daca2f
R01160,OTHER,2026-08-31,REGISTERED,9fd64251b40c7c499efcac817617800e3fae0d5d49b9cc4c98b315e4b2644010
R01161,OTHER,2026-08-31,REGISTERED,163962c37dfd247d0568116402e620d2491df9eaa3914bf703aacfd973de0631
R01162,OTHER,2026-08-31,REGISTERED,0942442c1b442a27eff49b18d7949a22e5724b4c456cc227b7d7738e7dfd06fb
R01163,OTHER,2026-08-31,REGISTERED,4fc9c574f8a8dc2d4eee1246dd340b1ef5891e2ba34b166928a99bbb473a8934
R01164,OTHER,2026-08-31,REGISTERED,a698fab1e0f3b4493b379236f7d72e69518c0f6888f0594d711a18f80fda3e92
R01165,OTHER,2026-08-31,REGISTERED,d0dd9ba2c647075205fea03b2824c15184ddfdcf98123bda38509f0465c6a555
R01166,OTHER,2026-08-31,REGISTERED,de5110659394c229e412983193d4eeaf378e482d7800a2fcf4dd15b71eff9ae5
R01167,OTHER,2026-08-31,REGISTERED,fedee977249c9b7bd3354633b2761780314d8be2ddaa16028589a62c1bc7602f
R01168,OTHER,2026-08-31,REGISTERED,312f5edae8b246667d3c98b1bb855d3b299fdb4580582a043a126a06ca55e746
R01169,OTHER,2026-08-31,REGISTERED,0a21fbe8b60851e0a7e27a5e5135e080e0d13a874f8b792062feb1da4e407ecd
R01170,OTHER,2026-08-31,REGISTERED,6be5ba4527a3a1c86ed572f1ea9b3be0d25a61f08cad2aac44ed758f748734e9
R01171,OTHER,2026-08-31,REGISTERED,3f839ac0d6c46695cb2adb4851fb3fd48ab41dd3e55f5618d9f26b1818a7df61
R01172,OTHER,2026-08-31,REGISTERED,9ee5bf221d9224d21b173773ed5a4f394407d59a47bdcf1ecc3446b765a496da
R01173,OTHER,2026-08-31,REGISTERED,3ae092aa62125c29adf0336ea31627b3b63cebcd44ec1ff96991bcd631990907
R01174,OTHER,2026-08-31,REGISTERED,d4b1605c9f2ddce7a8da3446efb67fac52801eef1f4564db8dd22446e80a7b6e
R01175,OTHER,2026-08-30,REGISTERED,d3efad046988b6968d6723a472f091404e193a2b6a4cc40b43e6d732bb3ca951
R01176,OTHER,2026-08-30,REGISTERED,f4c1c2568e682201c7b4f3646f47a1679946bb746e7d4f44b2a539265803ba54
R01177,OTHER,2026-08-30,REGISTERED,cb56c8cc34247cf6fbe9056498e68a4ce854c28f99f43ee06d925c83ce706d32
R01178,OTHER,2026-08-30,REGISTERED,d1cd6a52bfcec3f8c3786180aa17f84f759ed03bf5251779e682abb42441ce31
R01179,OTHER,2026-08-30,REGISTERED,1eff0df5aa031705701eba4b4b6a35d94dc54efe22dcf59481e7d2a24b8fcee2
R01180,OTHER,2026-08-30,REGISTERED,4a360ca3813e8659d1b070710a563bc48525eada1ada7089e038d734bb4e227c
R01181,OTHER,2026-08-30,REGISTERED,35e9dbddff2dd70478ce216e6a07e084fdd0dec46535fb0e5694e8263f0dfab8
R01182,OTHER,2026-08-30,REGISTERED,055b0a074384384262568d20f500c7e696af13e0d942ffe0494adad2c3cc38a4
R01183,OTHER,2026-08-30,REGISTERED,8a632af4c0c27733fcfe0d964b5b2dae1c6d9112c19ba7f9beb584ce8a1231a7
R01184,OTHER,2026-08-31,REGISTERED,193cb5cf5ff0ed97262a89e1df1756d8d6d3ab0ae88085ba17415bc4e5733d1c
R01185,OTHER,2026-08-31,REGISTERED,e331301957aeec0f279e1b66590fccf19d4b7ab438addca28267fabd1697dccc
R01186,OTHER,2026-08-31,REGISTERED,3dc6672fdf1275b905fa7483c9e9ce905a28b547774831a0eb27e09444b9c1eb
R01187,OTHER,2026-08-31,REGISTERED,a892258c56d56123d0500a2db83b76e21b6e9317ec56ff471d9f8d4081db0866
R01188,OTHER,2026-08-31,REGISTERED,7b8c3ca295fe7e23de4b2603a4e461ad261a434c079fc251227ee9eb89abca3a
R01189,OTHER,2026-08-31,REGISTERED,10427f8f8e674e3af6ab2f0e9348aad272aadcc96dbbda78fbec9dcfac824a9b
R01190,OTHER,2026-08-31,REGISTERED,56a95b71560b55f63f7ab2b9162ba9d49c54d958ed7627b51ad594fbba78cc4d
R01191,OTHER,2026-08-31,REGISTERED,122d363a6b1e30fad85690713910e8e15a8583d18fac213d4c7ab15e00dc1b4b
R01192,OTHER,2026-08-31,REGISTERED,f8ac527c35d82236da5e84384f14a9d2d4d3d61b87eaf252e88c4758fd8938f1
R01193,OTHER,2026-08-31,REGISTERED,f742afe445107828115141a66816d7792e24a80692d5fe0adf1695dddfda04c1
R01194,OTHER,2026-08-31,REGISTERED,1ae6c7de8bae5dc6c04c125a179e6d4182f2ead91ad20f09ca0ab401bcdabcb4
R01195,OTHER,2026-08-31,REGISTERED,6899632ffaf369f963b1ee28419d76de45d19abd9ccdbf1b018bbd174a864407
R01196,OTHER,2026-08-31,REGISTERED,725820874dd98c84811b00e571199453dc8cc5e28460bb1901c18ba5544e919f
R01197,OTHER,2026-08-31,REGISTERED,d22040b1a6fba1b7e1627584b3d6d22d5c8b19027fb30c580e325de78f09c19b
R01198,OTHER,2026-08-31,REGISTERED,753ba9048e447a578b1fc40a9e337b8d1843bf84193af9af99aaafdda477c2d8
R01199,OTHER,2026-08-31,REGISTERED,09e01d8e493394f904779cefce7fd1895c4b827db4f4573fe778719a39e0da5b
R01200,OTHER,2026-08-31,REGISTERED,0bd5c5ed8c83ed311dba2bc02f5e243ac1038f37efd3defa20587f5c30a09867
R01201,OTHER,2026-08-31,REGISTERED,7798cf0a8d2108d08da7912497704d7254235922c910945f999cd217354b7031
R01202,OTHER,2026-08-31,REGISTERED,206432107ff121935b9e3c9eea0f382c4ae9c0597e5537e80756e243f2d0dee6
R01203,OTHER,2026-08-31,REGISTERED,5f4ed10c23aabce9f48b68fdc2418153d98dcb02fe5c1a5d6eb0688372489add
R01204,OTHER,2026-08-31,REGISTERED,e182d1a5f2da016a0dce862e74aa2a72b79535ee61d7989f3450bb5c32ca7ed4
R01205,OTHER,2026-08-31,REGISTERED,4173bc16f87aa0c92e7dde077b0f776ceeeae060815b9d2a97c127a7c748debc
R01206,OTHER,2026-08-31,REGISTERED,b5f15be3b2d8bc20efc3658a22ce67ccaa4dca6c3fa2230af062ca7726a25014
R01207,OTHER,2026-08-31,REGISTERED,8feaac91faca0be61b33967ef74d19e0ba9f49f336ed4aacfe850cb84b5890a4
R01208,OTHER,2026-08-31,REGISTERED,63237cdc5d2cb21c54fe2fc9144765a3ad84ee20f4453d926b62265f21b70358
R01209,OTHER,2026-08-31,REGISTERED,2911b94235d566f5d4123f2ef3fb357c4ef0152279560c3a1d70f96a12865606
R01210,OTHER,2026-08-31,REGISTERED,a7a079da651e8995da93eb266bf966039df80f8b7392765135ba6abc5a340f88
R01211,OTHER,2026-08-31,REGISTERED,6d314813723ee957db3ae337c21d907a63df1d35c0bf7d1a94acd1cd101f1704
R01212,OTHER,2026-09-01,REGISTERED,fbe10c6a18dcd6563c273629248dbe48c33ca48541e4813f7f1e41286f2f634f
R01213,OTHER,2026-09-01,REGISTERED,1e52f05d37dc6ffcca8e313d58f88702f548ffbe6389c3e7f949259809f89429
R01214,OTHER,2026-09-01,REGISTERED,00dae75bc79b8bcbda1c00aca762ab397211e831b62d808a812661e4dd91e7ed
R01215,OTHER,2026-09-01,REGISTERED,de4da4e6c20b4bb26f925b54ab6b243afa428a3c7edd329c7d086c3a5569966c
R01216,OTHER,2026-08-31,REGISTERED,cdf900ade5d04d7f4168d8eef76b72fd1479f5ab472a6deb673b39c34846aa3c
R01217,OTHER,2026-08-31,REGISTERED,64dcb830ce1df37527a8f76011b27c51803f9b85431a2b863943a2af5c541703
R01218,OTHER,2026-08-31,REGISTERED,fa90174ab3e3c771d6de0925a99d6a92324e29ba299146e4102390fa64430f31
R01219,OTHER,2026-08-31,REGISTERED,2a5de7a433db2a2e6528ae393d4d0ed76c74759b1233f1a200197a641ebe4a1d
R01220,OTHER,2026-08-31,REGISTERED,eb0001d2016e1dccd45df1ca7af517fe9bdf4898609b4e6af0840b6c691b0877
R01221,OTHER,2026-08-31,REGISTERED,6abde20f5443df760f979e7562bff6b2cb9c129a1ec5f23a7a9633d272478613
R01222,OTHER,2026-08-31,REGISTERED,ba7ecdc605e7161984002b4229c25e017fd80b73b50e815d3b75c06d90aee999
R01223,OTHER,2026-08-31,REGISTERED,bb326752981613aca1a5c43940ea1b2a949ead84b691c97e0107197d2cbd2eeb
R01224,OTHER,2026-09-01,REGISTERED,4131f7f35648339a4dd2b8f2b8dd47763a8eb9898fb56daefbbaf738b43a35bc
R01225,OTHER,2026-09-01,REGISTERED,ef6fc9eaff64f57ea9adada62ecc16ae81b0089f69c8192b97a13881c99d26b9
R01226,OTHER,2026-08-31,REGISTERED,cc8cc4cac83fcb5f140e8095c5cc6bcf55f96c2964b0611d2223b7bc1beeb96b
R01227,OTHER,2026-08-31,REGISTERED,def105344e0fb3fc9312ac299b29cdd3bafb100b5aa7d18d8b17db97499f5d18
R01228,OTHER,2026-08-31,REGISTERED,0db7f827e1faf147da42701793f45bb981021b21ab1d6caa5e7fe3470f85af05
R01229,OTHER,2026-08-31,REGISTERED,3b429b205516adefd20fe485bc036a0d0444ab51960464e7ac043bd3f6fc983d
R01230,OTHER,2026-08-31,REGISTERED,1424f1cb67d8ae05a34bbc26f54c3c8ec45737dd55b33843e66c8dcee39aeff9
R01231,OTHER,2026-08-31,REGISTERED,1000d42ec081c344d4f4d2e17c0e4c7002675f89a3d4a43c99381ec9a79ec6a3
R01232,OTHER,2026-08-31,REGISTERED,cc738d64c67d121dff90ae239b8c2feb11af4c86669d63bd77b74320fe6eda28
R01233,OTHER,2026-08-31,REGISTERED,49db2964bd50941e5d1eea74691f23210bffc7fbddd9c771403982c8cc34fa9d
R01234,OTHER,2026-08-31,REGISTERED,f6dcb94c4a4e60a1c899cbd9c52da4b35553079c3473101986ce29e6aeefa431
R01235,OTHER,2026-08-31,REGISTERED,0dd1acd1c64a0f2c9d81505785817212e1884611184c8e10e3b54c3810567c12
R01236,OTHER,2026-08-31,REGISTERED,866ea9c836de6149e4d06942c145671f4ea9eeb72cecbc9ea88745bc265c4f5f
R01237,OTHER,2026-08-31,REGISTERED,c54509a0ac7e797fc87b74dba280c41257d4d922ebed4acab3435f730832bf81
R01238,OTHER,2026-08-31,REGISTERED,721fd9379cfca4254ab38e211aa11ee50d8747f69a4ea2f386367eb4fd8dcec9
R01239,OTHER,2026-08-31,REGISTERED,14fda46aff877d4042970729ce0ee29879920c1f83d7d2fe8035b1932a6f6fc8
R01240,OTHER,2026-08-31,REGISTERED,d7284fbff362ad3a787a79340781b7cecf1ba42883636efe61eb30d16eb00770
R01241,OTHER,2026-08-31,REGISTERED,cfb8d89bc8ab363debeb667d7b0e403cb61c45808c1ae564135ad6493a7f5ea6
R01242,OTHER,2026-08-31,REGISTERED,31d4ce296f28a9e0047fc08c65ba6a99eec74f1a97fcee094ed69dd531f0cc54
R01243,OTHER,2026-08-31,REGISTERED,ee80aef006055189d4ab9f5a36824249ef31a4ddd6ded34c9497ffe9581d1090
R01244,OTHER,2026-08-31,REGISTERED,3305ba543f2dc5b40e4659232f13f25994cbc489cf642c9a2a87e29ccacad901
R01245,OTHER,2026-08-31,REGISTERED,bb3ab4ecad276d99acf9e745119e8de3da7c6e284e751954914e97f38b611ad7
R01246,OTHER,2026-08-31,REGISTERED,22756e88238a5ae2f029decec58939d272789b3061f5024a5973b6d9ce6a2be8
R01247,OTHER,2026-08-31,REGISTERED,4f8265fd2326dc8300d573f822d0740220b0ba3d824c36214825fa45d4c9d835
R01248,OTHER,2026-08-31,REGISTERED,6dfbfd1512dab7cc537124b91a1b3cbfd2cc3208517c75e210df8424c49c3dee
R01249,OTHER,2026-08-31,REGISTERED,2c3ebad1b3ccef0b32c9f79bf083c69d918bbff699b1d011671f3d03db95db55
R01250,OTHER,2026-08-31,REGISTERED,d6dc11850860149f9684e08f5e030480c05dcae4c32e5e71ab9055f551f7efe9
R01251,OTHER,2026-08-31,REGISTERED,765d110c8067fbe81aff1134f0a2b90bd9154d4d52bfe501cbe2f50f3cc51610
R01252,OTHER,2026-09-01,REGISTERED,9c3efd4d1fe38c63555aa41f4e68927438269183dc2cf75e623588b4d22dad52
R01253,OTHER,2026-09-01,REGISTERED,288e9ca176b1b61341b8a7126be7ecdf5a623d48edb3fe7fc72230360edde011
R01254,OTHER,2026-09-01,REGISTERED,68f3f2d86dc2a748ef74de179f6491aff1c42ea67361c26f518e1a64fbfcfcb4
R01255,OTHER,2026-09-01,REGISTERED,6b761e4ae0d36042bbf726818451eeb37921e14924539d2ea238631ad4f01c7f
R01256,OTHER,2026-08-31,REGISTERED,42439874a07663431ebff8be5e87e46f51134be0b8fd2dbceaaba2cab5da2179
R01257,OTHER,2026-08-31,REGISTERED,945d9f2f79be9b9239bc87db8624ee0b736029dc99307cc406a1a1de8324c824
R01258,OTHER,2026-08-31,REGISTERED,c0f97e446d46b771df500bd46f5b3eb1d20c15179e3ba7f7f5aed11974a3582e
R01259,OTHER,2026-08-31,REGISTERED,f842f67456661ff3a59661321ebf4630d0dd87a7680908fc5452991e4096c5a2
R01260,OTHER,2026-08-31,REGISTERED,a22cc2b2a13cc87d754d4c66c8890f4d8b0e99f8e2a339a1366153c36e6e3b77
R01261,OTHER,2026-08-31,REGISTERED,1c693e9f9f4f95a03676581b5e1dbe203dd598f7a4e8601b9106dce980bb8b58
R01262,OTHER,2026-09-01,REGISTERED,61df3cc7bb4a5e4aef2d0f376661f72a9eaa4499c681c3a0597c3cf3a7a43404
R01263,OTHER,2026-09-01,REGISTERED,de79cc3acc2b29882f37f524a6a21151f01b26d75ba15f0494eec4b0fb2b4b0a
R01264,OTHER,2026-08-31,REGISTERED,e3686e8930ddef62a0058d075b58c53104e51debbc1a91e837291386d702d3e0
R01265,OTHER,2026-08-31,REGISTERED,936b653f57ab8f4196a294aede500b9d6e001b367f46a1742bdff47be0394e27
R01266,OTHER,2026-09-01,REGISTERED,b62fe275632f7035b87850ed4c2d072f4d65d11e48322724a434aa7c9fb354ae
R01267,OTHER,2026-09-01,REGISTERED,ed16231a1477700c0326c28a4a00fca9fc04a74df2b1665745bffe45f55af60a
R01268,OTHER,2026-09-01,REGISTERED,2a08e8ca50ca861887737ff0a1683aa814c7caac2e02d6a9e243b3be45f46197
R01269,OTHER,2026-09-01,REGISTERED,9e0e21277bc21e24a203bd452b6c2e1c99b58330230341e714a9b8c5e716195f
R01270,OTHER,2026-09-01,REGISTERED,eac6ce3874c361960456276b3c72d8c1734a198c0f0eea6a3c77bdde6118adb3
R01271,OTHER,2026-09-01,REGISTERED,58ad0b7cac54f5a792fabaf36944df779fcdb82497c2657dcee7d8cae838b1eb
R01272,OTHER,2026-09-01,REGISTERED,a7f3c748c0af4f7e1e03c3b153815f290f0527c474d114fe9cf8613f10d10876
R01273,OTHER,2026-09-01,REGISTERED,8f168279598643bf07ed89d6c3f06e5311b7a8659d2875dba6ea39abfda5caa8
R01274,OTHER,2026-09-01,REGISTERED,22979e0d1725789c9c932fa8d0ee95b5e43cd8884908a81e4ea2f89875dd3bc1
R01275,OTHER,2026-09-01,REGISTERED,aea07e7ebc3b52625c374b7ca42e8acc1c6b88918a1841f598f5d87fff3e45fa
R01276,OTHER,2026-09-01,REGISTERED,4d3fadce16248998ecfe35378cbfe47ce3afef4d657e1a22b3a889a0f97c3e65
R01277,OTHER,2026-09-01,REGISTERED,9915b0f4c78144e27e4641518064e94a38e0a666e400a895cd63174f9f43f0f8
R01278,OTHER,2026-09-01,REGISTERED,fadd7b81c6de6e746976e01fea2c012e9bf36e5a2462225327b95f9df55eebba
R01279,OTHER,2026-09-01,REGISTERED,b8648b5aadab98400586d5f599ac1095ca934229d10a4b2ba77c82c8400db949
R01280,OTHER,2026-08-31,REGISTERED,a22d4a632b3b271041a9f4c40a1bec7e8ebe9058068b57c513ea9dc5ed5a19b0
R01281,OTHER,2026-08-31,REGISTERED,934ef24cd94b1a539eec3b53893cd50a72786c7eb347fac235d3ce9715d301a2
R01282,OTHER,2026-08-30,REGISTERED,66b0508fd6b651c7fc861e91994ee11de9e8972189399202825e08061890f854
R01283,OTHER,2026-08-30,REGISTERED,aaa93ba2283b1aa0dc0b4cef6af220b0c4e9456ddab1a8576c605e7f798c413b
R01284,OTHER,2026-08-30,REGISTERED,033e1a82a97532de5c90082eb8428cc14d39da43f89bc9f1f0346f6d9960396e
R01285,OTHER,2026-08-30,REGISTERED,cf3c5bcc8fee175209ad88d7b82ccc84e1b2f299a4c1d7c2659df91675c14979
R01286,OTHER,2026-08-30,REGISTERED,92900fba086946178afc2243b96b2f681edbc9b38973aa395573dce629e088f7
R01287,OTHER,2026-08-31,REGISTERED,9ca1b808e73574848f33c3cf0f300d74de2f15a8fd0a37d66550a467d14f53ff
R01288,OTHER,2026-08-31,REGISTERED,beb11656379a78e8aed8b9120c5c0778055533427f96723e2409c2046f6431fa
R01289,DELIVERY,2026-08-28,REGISTERED,49f41b373a29c7993494f26b8060bd367e5688049cf16743c18fc0eff8b1c603
R01290,OTHER,2026-09-01,REGISTERED,d61243a8b6096b86fc204d3b5179e632a723ef97f944d3e3a83336ebab4765fd
R01291,OTHER,2026-09-01,REGISTERED,57034ed85063c92f9745dc89628da29a3cedccc2492a5fcda6a7b2f139d584c9
R01292,OTHER,2026-09-02,REGISTERED,3e0c57da00dca8716a26bc70b732b54542b59092128700d585a4642901981e1a
R01293,OTHER,2026-08-31,REGISTERED,48a2cd3d38b5093e41ac1434a049cfde6c409fdd86b0d1a5e02075e10e175c78
R01294,OTHER,2026-08-31,REGISTERED,f76eceddf0954810c81caed0c0d44a9e12a01b0a3b855e4b243b614a90fc1ad6
R01295,OTHER,2026-08-31,REGISTERED,16da1f93d9544b019cb1ed9dd92026df6fabbfe98cefd483f67a994fe384ff98
R01296,OTHER,2026-08-31,REGISTERED,1686426a4d613b673a11d153cdab5f5b713c75529325a814e1b7918f010e34c3
R01297,OTHER,2026-08-31,REGISTERED,8265a2b562e78457852120db52b0f2206a22bb3c2f7c4d981f98694550bbc8f1
R01298,OTHER,2026-08-31,REGISTERED,1ad92a0c0f0bc4116aee3981429045c04e877e97cb04fe7de9a910d8ecce78a5
R01299,OTHER,2026-09-01,REGISTERED,ff44b1710e8956dce4e7e34ec27ed3ab6caa701beae25bc211029a070d5b6ecf
R01300,OTHER,2026-09-01,REGISTERED,82df8965f02c598430b475d9bd9cf3f5256d84f4aadfd18e163cd4b2169faeef
R01301,OTHER,2026-09-01,REGISTERED,aa57b565b455a542b5b16ccb353a619304ff1fabde809da3f3b3be57b41dfb4a
R01302,OTHER,2026-09-01,REGISTERED,222eef95b00fcd954b5177fe362b7b9fd2cab60b2c96099b6276b5b78dd01e3e
R01303,OTHER,2026-08-31,REGISTERED,453ccc7c2d0bffcdd10bdfce4ae1c09833ab6a80094897bd50364707acb4eed3
R01304,OTHER,2026-08-31,REGISTERED,565316585b8b38d241b53a8ef05ef30ac6006718582b59d291c0e037ef229a41
R01305,OTHER,2026-09-01,REGISTERED,240fbe65adb1be26b35cf12d9b637181ed52c6498a4f001632acbfa6d6b124a0
R01306,OTHER,2026-09-01,REGISTERED,605addc4732c6b33dadbfb8a9cbd83e98d1c185a415ffb4a47ae4049704b20e2
R01307,OTHER,2026-09-01,REGISTERED,4d8f7faacf187ec3b0f39944e21e899686a0fb51d4996782c4a342e01b8ca6c0
R01308,OTHER,2026-09-01,REGISTERED,3eedabb23392541854f7a7b9dc37c7f3ec6f41825c02807c225ba6be9b240397
R01309,OTHER,2026-08-31,REGISTERED,681bc8fbaac6a3c2ec49676529bad239fd0ea4948fbd12fcbd526c20c780806d
R01310,OTHER,2026-08-31,REGISTERED,243da6f360ce9f8b205b0b73f70b996cb8335797d676e380de08d52043354a58
R01311,OTHER,2026-09-02,REGISTERED,a3c06f1539011aa8b77a405c6635850f867f0ad9f467b8b69a6e6da8d8bb058c
R01312,OTHER,2026-08-31,REGISTERED,536dc9d057330aa074a7ed2f036372f1d62cb0f8d00f111b0de4bc4a768d505c
R01313,OTHER,2026-09-01,REGISTERED,d496a7a5e1152c0c01e42745cfd696a5f49b019f14eb5c0751ad099cef2336b6
R01314,OTHER,2026-09-01,REGISTERED,396e01b8ae9c2c957b5251dd43f22fbfa1ccb6974fd191b355f3b4ef3e4484e9
R01315,OTHER,2026-09-02,REGISTERED,6bb4e1b85c6dfa25fbf035ee98b6bdf965bb7101387f02cc58b7670e5ed9513f
R01316,OTHER,2026-08-31,REGISTERED,04d57ed02ab6d834bfd7cfd487ec18ff4466049dfccad8df457a24fb793e4efd
R01317,OTHER,2026-08-31,REGISTERED,2c07a19fe0458d5d50c82f98d2e028bc95228746bb8d3e8f79d61f9bd86ee6ff
R01318,OTHER,2026-08-31,REGISTERED,f7f08e1ed8f9b1ed875c95b95f257b1b384a77fabce9d5d512b97cef8b2b15df
R01319,OTHER,2026-08-31,REGISTERED,f831b47ee2ab219f2faa590591ea25e48469f322f4700cdd3805e5587c304d40
R01320,OTHER,2026-08-31,REGISTERED,271537cd8c0f3d932567deda66ac0de37cd7f628a933fa07cecceaee0ac907e3
R01321,OTHER,2026-08-31,REGISTERED,cf20457bfbbc7cadea4e6be49cf6949a4ad274ac4da4e365ebbcdeabe1dfb349
R01322,OTHER,2026-08-31,REGISTERED,fc1b7166ce4677c6a9590f158bf9665e5235a9a210b3052c069da073aadb6094
R01323,OTHER,2026-08-31,REGISTERED,51458ca89adb56bb267b304302febc3407c15c0992148c391ef91681aef84280
R01324,OTHER,2026-09-02,REGISTERED,54422d7b24d4a6ad1b67ffa49ec8a04e9d8081f283c925e7f329309f9d3c96c3
R01325,OTHER,2026-09-02,REGISTERED,09953123070587e81a7dac2aceaa5749187e295e31f2339cf834c1c84e2a352a
R01326,OTHER,2026-09-02,REGISTERED,d31ae43efc968984683229bcf804df0ab7f84a24c03594d4e7af2af37692865b
R01327,OTHER,2026-09-02,REGISTERED,10abb3b4ee644a6ab959b5f8f875bc8a1a23426310287c1750a529d6c35bda2f
R01328,OTHER,2026-08-31,REGISTERED,535b3bba5aaf846d92bd37cbbcb446545aed243043c5afc4d8428bc26bc7132f
R01329,OTHER,2026-08-31,REGISTERED,d1284304341d0a42b6dd258308bdf76bab42a0482b056e1cfa752ccf07cccbd7
R01330,OTHER,2026-08-31,REGISTERED,e087628b59c08a6329fc95f02cbd360722fbe64bcc3784f8a5cd11eeab3ec7c9
R01331,OTHER,2026-08-31,REGISTERED,49979dd7037ea901be3541d71b0851c513c35a1c20390c7512c7f1de4b883bd8
R01332,OTHER,2026-08-31,REGISTERED,c28cc256c3e265272aadd21461cedd2778394652d9168a04eda6ba55f3c0a607
R01333,OTHER,2026-08-31,REGISTERED,b08c8d62b5a2d9a65cf69ee1d81a30a17010932eaf2875cf99053915465bc914
R01334,OTHER,2026-08-31,REGISTERED,a206f7ec79c6a90ff33e8993f1dbf0213503420e045be25f89827248f0196680
R01335,OTHER,2026-09-02,REGISTERED,12cd8320fa6840930eccbda3b753340a723a4e220c1c75b92b75e8671de36f74
R01336,OTHER,2026-08-29,REGISTERED,3e967fcefc0aace0dc392e67b618fb973ef6b1968f2d7e54b0c492f6f0bfe7ca
R01337,OTHER,2026-08-30,REGISTERED,04dd580bf0165082bfbc31c635c12c27d8529b26e90ebb712b853a4ecd8a041b
R01338,OTHER,2026-08-31,REGISTERED,a1dd5803bdf3078fbc1debb9b8e1f141e961888ed30578d05348ab4642c13c32
R01339,OTHER,2026-08-29,REGISTERED,8b2603d3cb0cdb029730fd25c0bc805facd511eb268b7dcc4fe3a51787048a9a
R01340,OTHER,2026-08-31,REGISTERED,0fd11f97bfeab47e892c849d53d7795aa40a3e3b394b604ad569de10d0e2b34c
R01341,OTHER,2026-08-31,REGISTERED,9f0358b60087420e1a05c0eb0e508ba5684c429163daca08e5614d4f0110ec9c
R01342,QA,2026-08-30,REGISTERED,e267fe185560d03b98d97b30c5888876d067d08ebd60f3eea1e54befd5028092
R01343,OTHER,2026-08-29,REGISTERED,7c1f44d6122f20344652adfd8398948983666f564904e85f706c90e0c6b1656b
R01344,OTHER,2026-08-29,REGISTERED,af88bf36a545f1ad285de253ef6dd918cb0b1ce9802c97e7c86695344f42c40d
R01345,OTHER,2026-08-31,REGISTERED,b55362ba0856d160de2b0583b431e28c320f10d9bedd2da89f68706468981980
R01346,OTHER,2026-08-31,REGISTERED,fbb6529d696e2f6a43d506eb81163461095d78c2f4652bf5b9a29c6ed0a5c6e7
R01347,OTHER,2026-08-31,REGISTERED,76eff1867c86b945b2d24b6c6ec396120b939714d9c0f665e7e28b933ca12a19
R01348,OTHER,2026-09-02,REGISTERED,b8682798be8397ef87668f3b1f540dd0f554f679cc727a4669795e325ad6aca7
R01349,OTHER,2026-08-31,REGISTERED,bf310844006112e3224f269a9147163711cef6930a3e7b893abb0d944a379da4
R01350,OTHER,2026-09-02,REGISTERED,3465503eb8cdfea2f069e17e1ef0bc7dae72bfe10db58f09b09fd055da770eb3
R01351,OTHER,2026-09-01,REGISTERED,2f36f1f1b591eee207e657e8d2beffea50ae421425ce7d186b1d719b1ec1d65d
R01352,OTHER,2026-09-01,REGISTERED,0d500a023262a776c6e39231b8043a17b6c4c3149c9aa47f431063c78062b4b4
R01353,OTHER,2026-09-01,REGISTERED,cd4894a9eed9ba5fe170529026de6ee8dda623abf6ab4e96f175c2da731fe62b
R01354,OTHER,2026-09-01,REGISTERED,60a6642a3968de55822e47278c04554abb29f4028b1098023649da636b0eb483
R01355,OTHER,2026-08-31,REGISTERED,2a29e91e1e4c35579112dbbb5aa8e494f4de9782448db7ffe5b32ee25764bdf7
R01356,OTHER,2026-08-31,REGISTERED,4201c2417cb59d13f21276bb227d9d3462d6f962fbaddb0e036cb3881493e8b7
R01357,OTHER,2026-08-31,REGISTERED,0c50c48ce98d680fd1de7e527696aa0485a96ae0754c4d85f6aaf4d619fd3caa
R01358,OTHER,2026-08-31,REGISTERED,19ff0da45b6c52023c65d72beaae4c16a5a50757d0eff5da7fd337e86d402d0c
R01359,OTHER,2026-08-31,REGISTERED,be9fe95f2c09bae7c5c395069ea08d4198e0efe95da2631f66bcbc4df02636c8
R01360,OTHER,2026-08-31,REGISTERED,5d400586a9d66fd7a9b10b53ce8470838b1481a22bb8d2eb13e0ecaf4010a78e
R01361,OTHER,2026-09-02,REGISTERED,1529a938726af6bdb8060128cfc59741bf44a635ba9b904248a024ace013202d
R01362,OTHER,2026-08-30,REGISTERED,61c1c7bacbd13d58a9958c1885bb5d2af515157f755f7165036aa46e3d5d6363
R01363,OTHER,2026-08-30,REGISTERED,cf53b99099e50545b09bc905ee25bc1f4afecf13f9b757f20b294cc5cbb70b29
R01364,OTHER,2026-08-30,REGISTERED,57ec6cc143ccc32dab116edbd4ce980cc540e86c806563b343e88173a6fd742b
R01365,OTHER,2026-08-30,REGISTERED,fbcff196336925ff61e7fcbc3c811d765d5a86266e44f40f78a7cfa99775e8e8
R01366,OTHER,2026-08-30,REGISTERED,ef9a6281285d2cc0fb6ee7be52356de50411e8b684c31f0e766d6b354f202632
R01367,OTHER,2026-08-30,REGISTERED,2983254e545cfc4750115790924a5825fbe88a7cab3ebf5b8038a4c557011fae
R01368,OTHER,2026-09-01,REGISTERED,33a8839018984a927ea3133facf49c2e6df1effbc0b771af0adb0307b9f5092e
R01369,OTHER,2026-09-01,REGISTERED,c8a04c73f04e08a2fcbb4478c4991e626ef0ca37f3b988e66e37355d9c4f8ac4
R01370,OTHER,2026-09-01,REGISTERED,2b2e7ccdc33ba7e624d8a4cb467f7b0a30d33a3060b20541e5c054c9e9333644
R01371,OTHER,2026-09-01,REGISTERED,437bf6a58b096ed3e648e4107ac00fa2101e4a2574a6de418fd86e02ec56378c
R01372,OTHER,2026-09-02,REGISTERED,6df8ed8366511a2f8964b2afbefe41377001d85d4d97aeb27447ea1f6db67bf6
R01373,OTHER,2026-09-02,REGISTERED,12f61fd178cc5b25abfb191b0a1fc48145146e2387f21616cfa7d24ffae20ce0
R01374,OTHER,2026-08-30,REGISTERED,b70d26973c6788d1b7734dc39b6ce8a5cac3e463e7268bfbf6261f3ba738c28d
R01375,OTHER,2026-08-28,REGISTERED,475bdfc972017b5a9146ac43da96bf5df29e18e68006e5ef975a5021d9c5ca1f
R01376,OTHER,2026-08-28,REGISTERED,a015fde0e1466f4ecbfc823772f6a1fcc8bd7af1ddc97bf47d2909972b5c7bb6
R01377,OTHER,2026-08-28,REGISTERED,92266c04ce32043d5027ff1abd228a269596a386b1c19c3c5bd6fa0800be5273
R01378,OTHER,2026-08-28,REGISTERED,cd591ed6a2fe2d10b0a564b10509d8acf4696c46cfe21aecadcf9b208026dcf7
R01379,OTHER,2026-08-28,REGISTERED,ddbb14a0a031d419a5e6fff5ae9a8734bc1d795712eb3350267b48134bfc4c7b
R01380,OTHER,2026-08-28,REGISTERED,db6164799431877b9c5dcebaa9b3ee4c542cbf2daa8580e0fe43236acd1c69b7
R01381,OTHER,2026-08-28,REGISTERED,b0852f897238205fdf7b2e94076e0ad08c39fa65c97327e1a47f573701a43145
R01382,OTHER,2026-08-29,REGISTERED,56d9eed1e117f4ede3c33a3c86d10fd4fc03f5c60b6da80d773333e84d244c07
R01383,OTHER,2026-08-30,REGISTERED,0c9fedb71d9b175850e44b76ecbe80c5fee667b001f31c96d7c3e3191e72cedf
R01384,OTHER,2026-08-30,REGISTERED,7ff81a8d863762052bc6530132b57c7822516d023eb7423a672381601ffbd9d4
R01385,OTHER,2026-08-30,REGISTERED,38a482e7f87c053f8d4b2e6d7fe2cfb74f07d85ceb81f2f65e2f871270f33f13
R01386,OTHER,2026-09-01,REGISTERED,b7aaf379bf7dfa81f3e8a8e45fd6a9a935980983cf031fc258a36d71999602e0
R01387,OTHER,2026-09-01,REGISTERED,146ec1902399b94b3d5d49e16b910c921e8bb39f5e624a942b186c969b1b7589
R01388,OTHER,2026-09-02,REGISTERED,fdda173859a5275931e05bfc7086b6b42e6f011adb4a1707000da57d46c3c49f
R01389,OTHER,2026-08-28,REGISTERED,7536a8f2a021bbb3b84b896e4bea6876e79de3f78c665810f680afa4f54bc0d3
R01390,OTHER,2026-08-28,REGISTERED,529ee8792cd3c5be7d37b967dad2dbf28b4d3186b47d937b55d99c71c16fef58
R01391,OTHER,2026-08-28,REGISTERED,2de65eb6f91fdc4f615bb35f1ad1ac1906cf32be39b9acc157dd792a09091491
R01392,OTHER,2026-08-29,REGISTERED,10dae6d5edee21614eff226c683fdc01b4a455996b9f2d0510d85d2a665a060a
R01393,OTHER,2026-08-29,REGISTERED,51ef85756568856f5cd1c5626884ace5f8ec9c2c8879edfefae1b047514aed56
R01394,OTHER,2026-08-29,REGISTERED,ba3a7467fbe6df96ebacb4a62be22572811b42a3038949a5277eaf22aad69613
R01395,OTHER,2026-08-29,REGISTERED,d414bb71cc4ba4ad26ec9b186f811fc7576cf873026530a5aab2d6b75dcd11e3
R01396,OTHER,2026-08-29,REGISTERED,9933d78bd8c339d81f0b33cef5a840896637e041d4ea29cf7767087246f5fb3c
R01397,OTHER,2026-08-29,REGISTERED,ee43a9e42f2a615af33c01b53dc71fe674db34793df78df0703c681ebdbfbf73
R01398,OTHER,2026-08-29,REGISTERED,9b5ad9f2742b88417a910debb447cba9852944b03656315ab5652b00c7a299d8
R01399,OTHER,2026-08-29,REGISTERED,5e5d0d74659f407ab69ae09bfeae91aba02e571815b39656cad5edc4632f5ac4
R01400,QA,2026-08-29,REGISTERED,32e855ab038ac0ef1f486118891f6cab821a18ce01ebbbca0431f01608ea8012
R01401,OTHER,2026-08-29,REGISTERED,d9db8f53c53d7f0f79074a867187e608edb12ce21dc045d03f3640e40e985da5
R01402,OTHER,2026-08-29,REGISTERED,5624f35e7e81e20ab3996e4fa0bc94b09c8ca481c7b38e152818bad9fd39c937
R01403,OTHER,2026-08-29,REGISTERED,57b4e77fceebac8930eefce15f347134a61fd8b469f127251467b20f33c065cd
R01404,OTHER,2026-08-29,REGISTERED,f49c354dc5afe73c56d80b1ed6f05e236dbda05b4f3b80b013e532412f82f03e
R01405,OTHER,2026-09-01,REGISTERED,79f6c290673efa8e94a1fd10b747279dbad227e67b5eeb641c66a24c1c27eee7
R01406,OTHER,2026-08-29,REGISTERED,c5fb0394812bef64d20d32e9c534109fd4acd1e3c8d63973a98fb7e044460a85
R01407,OTHER,2026-08-30,REGISTERED,bd1db6b236566ac2e8a63e362f607d1f0b14ea581ce6752a00fbfaa3f1aff07b
R01408,OTHER,2026-09-01,REGISTERED,436085c3659f94244fc600ae0079bc95b580dfe3ff2a5b03643f515177aa4ecb
R01409,OTHER,2026-09-01,REGISTERED,516b62530116e5e937e7ddc6b7dedbd312b9bc48503a40402a4cafb4634e9ee4
R01410,OTHER,2026-09-01,REGISTERED,380910737921488695547c87f00bbf49233eb7801b93be79feb3ced5c34f2856
R01411,OTHER,2026-08-31,REGISTERED,ff48f5ce819749250b1f515d883cf86cecad3eb06c75c79960c081265d8b0967
R01412,OTHER,2026-08-31,REGISTERED,7d341dade5ea3b16c895c222f37f40e8870759fab0d55457edf024fa6d906463
R01413,OTHER,2026-09-01,REGISTERED,5c4d913027328e04a6b206db6e0a4696ecdecc64a6b7c29fc66fd7056f74afa2
R01414,OTHER,2026-09-01,REGISTERED,52d5ea5c17b824d8c291ba70354b2cb5bb7605c56c8e24a1c663e60f49d4a741
R01415,OTHER,2026-09-01,REGISTERED,5aa3402ebcc32c45c334dcba7f2638421cc8b02fc1593e2e41177318770cd0ee
R01416,OTHER,2026-09-01,REGISTERED,d9cc53f475465d73bf41d4450e472696adc90747521f76ff8453856ddda5d7e3
R01417,OTHER,2026-08-31,REGISTERED,9998a25307e17f95d9f2932bb559222227cdc56ecf05cb4b8e6bba26dd02d8af
R01418,QA,2026-08-31,REGISTERED,0b7e90161fc1718c036a9cb3b9dd89b483e3d8b8a4a53cd1a9b80790143661ab
R01419,OTHER,2026-08-31,REGISTERED,a26f5a7f199f3afc0aaa5a662d8330f384f544396e79c0425be4cbf0c5c61a03
R01420,OTHER,2026-08-31,REGISTERED,75816deaf40bfb7ca6261c409cf2cab590d48d0235fcd50809a9c9bd1c26fe06
R01421,OTHER,2026-09-01,REGISTERED,b2064c1d671798c527991f8a6a8ad23173b2b215c5c522c20aa1e221447b8f98
R01422,OTHER,2026-09-02,REGISTERED,ee582dd972160c4048fd50a1d6a9da95bc319791c021ec4de04ef84ca81a1ee5
R01423,OTHER,2026-08-30,REGISTERED,abd1b42eb2734080a95bce27e157355f66415a48753afb84e210b6501555afc0
R01424,OTHER,2026-08-30,REGISTERED,d2e9f7ffbb688bcda7d37e7c03d807bb55c21f887a7626219417043ff69f7a2b
R01425,OTHER,2026-08-30,REGISTERED,84a9286e77323135571b74986bb1786ee67d71be324bc0f4ffa0d12ba3b9bb65
R01426,OTHER,2026-08-30,REGISTERED,2b71050cc0ef8e25308b08985612bba8cf5f050af9a1c255703b833901008889
R01427,OTHER,2026-08-30,REGISTERED,9011dbeeebfa63a52b63e4b9096b41f84e90fa561abf0f799c2917691465c359
R01428,OTHER,2026-08-30,REGISTERED,6569588825a3d046072a563dfe0cfaf63c19d64b090497eafc3e0ab834816c28
R01429,OTHER,2026-08-30,REGISTERED,8bb7687f33285facd3dbbc8781b224f929c82617a6d07a49c90dcf256ce80952
R01430,OTHER,2026-09-02,REGISTERED,a89d95fa7a58b4e908b07221abad2007ff73011a237354cd87b34a9d71cfb178
R01431,OTHER,2026-09-02,REGISTERED,45b4bba0b5d10aa9ed443a7cfb0f1c48d94d932c0be7900efcbb232a8311c9aa
R01432,OTHER,2026-08-30,REGISTERED,18fb2048266481b08efe854b86ad12a348ebc6e28b809c720921b66df02ad3b6
R01433,OTHER,2026-08-30,REGISTERED,fd1423dd6129d596a2b85b75d924f9c34986037cc8825d2aa22e828d31b46a5f
R01434,OTHER,2026-08-30,REGISTERED,2db64d5c957a88ec042fdf0e001ce8bbeecf0a6358dcd8893793e46ef3bf05b9
R01435,OTHER,2026-08-30,REGISTERED,beafded79aec902c141a6da47660995284f1a4c3daf9bc09cc86421f5af98800
R01436,OTHER,2026-08-30,REGISTERED,e3b0c44298fc1c149afbf4c8996fb92427ae41e4649b934ca495991b7852b855
R01437,OTHER,2026-08-30,REGISTERED,f976d1d4f21763ebf7082315218ec0b2bc3a5400472c56f6d798774bd7662ac6
R01438,OTHER,2026-08-30,REGISTERED,2df87466bdce64d4254fc9098f2c7624b286b09c77a44e7802169be316296cc4
R01439,OTHER,2026-08-30,REGISTERED,eb2e48f3f759d0ab2d012e1388c0b3783ce4955e6bb5f97320ddc03b5dfc08ab
R01440,OTHER,2026-08-30,REGISTERED,e3b0c44298fc1c149afbf4c8996fb92427ae41e4649b934ca495991b7852b855
R01441,OTHER,2026-08-30,REGISTERED,e3b0c44298fc1c149afbf4c8996fb92427ae41e4649b934ca495991b7852b855
R01442,OTHER,2026-08-30,REGISTERED,d3a467de56b2bb4e8adddc86ac483216b5f75f2d67edbf85835c93754b97b046
R01443,OTHER,2026-08-30,REGISTERED,74538e152db636703a72727f03b37f3fbe240be8b6bba8bb3176622b86efefbc
R01444,OTHER,2026-08-30,REGISTERED,579d4c7a5e757cb1ee15836534d5e91c532f96c95dc52840fbdf636cf2aaf3ba
R01445,OTHER,2026-08-30,REGISTERED,db6b4dedb3f8cc5006b45cbf7aa5cd2bce5d599d888d1609ee91712fa986f389
R01446,QA,2026-08-31,REGISTERED,25d5f2424f50ef6e04ce34d83144bfc14a904315d45f17c822d5973119c77252
R01447,QA,2026-08-31,REGISTERED,25c6e6ce8f649ca023b409a96056873942f49676940c8536fea77bafd3158daa
R01448,QA,2026-08-31,REGISTERED,a3de4ea129a7fb30413be57d828f5ee24dfc60d3ebc82ed6b76f49b9802bface
R01449,QA,2026-08-31,REGISTERED,fc20fd823982799b1e809a549dfa96fcc9ea380c3f2c72704c117ed3a7604858
R01450,QA,2026-08-31,REGISTERED,bd0eb92e0760d6fe9257a4aff602e2428a6f9b12ae436f9d1b43980527f57560
R01451,QA,2026-08-31,REGISTERED,c609a36960e786618f519ad3250c32e1b32b4019059949e09d599661fe5ea134
R01452,QA,2026-08-31,REGISTERED,0e8fbede0a8233bc77674ac82b4cb54f55620de55cfcc628d25c6b813ad4db50
R01453,QA,2026-08-31,REGISTERED,131e56fc0cf0d98fb0294c37c6782200236c97fdf06ff51f7b95ce41326a1c42
R01454,QA,2026-08-31,REGISTERED,a4a6fc0c42a85166760377d558cbbb615624b347a1c3d40542031520e4726e95
R01455,QA,2026-08-31,REGISTERED,d0af4f72af55eef36ebcd7b08e5096ad7e9913526ae2f2e06af90abaacc18b6d
R01456,QA,2026-08-31,REGISTERED,47a1afe9dc6a396211c64302e1e9b7d9d422ac6b5947ba5945f2a093477d9375
R01457,QA,2026-08-31,REGISTERED,7c661882f5a320ea48efae686f369b245a4a58e51fa626b3573ce5b5e3cf6f96
R01458,QA,2026-08-31,REGISTERED,05a2f62416efa991f4379ac71c8801762d0a00ce8c8b3d5e82b4274d7ca2ebbf
R01459,QA,2026-08-31,REGISTERED,3b264b94c9cb0ae1af5214218450970f31a5b19cb5dd68e240ac784302a0f208
R01460,QA,2026-08-31,REGISTERED,994f2dd739f7d7e5511a377614aa930f8f952523f8774a40ccf989710d4ffd1c
R01461,QA,2026-08-31,REGISTERED,d10e46def5c571578d5186f4a150a1ac67713d097a396e841876dc8ce6b5561f
R01462,QA,2026-08-31,REGISTERED,7a1286cad9b9973d0f283020088b19e7cea635caee511bd91c9fc86564f9d853
R01463,QA,2026-08-31,REGISTERED,2273d48bce820236aef59b3d083873b9413a2a1ca8c627b1cf197b57e7a107ab
R01464,QA,2026-08-31,REGISTERED,c0360e5cf6b3448a88bb437f37e4a2287822cf2461941d2892559bafd4eb969c
R01465,QA,2026-08-31,REGISTERED,c922050835f4eaae1f914577a2e53d756498b1272d958c72404fa91634718a1a
R01466,QA,2026-08-31,REGISTERED,99f0a6aa1d95cf9db958ca7cb5af9c04387244dc52bf9d6f337310b69dd31315
R01467,QA,2026-08-31,REGISTERED,833bbd0e9f61758c483f3e8e23596cb31df02b88d5b0d79f6e18bbfd595ad4e4
R01468,QA,2026-08-31,REGISTERED,54b11027f2b5e4edc83222b6ad38ee63c850b104f8ecefa91cbf3c25366101b8
R01469,QA,2026-08-31,REGISTERED,65844c0cbbc34293bc0ca1f6ea06db712e32e7b65d8bc4b490ad3817a013e96d
R01470,QA,2026-08-31,REGISTERED,f6e053e8932b4e44882446fb84ea9acdf0d5f0c183451ee5f4c47cff7c13b88c
R01471,QA,2026-08-31,REGISTERED,5a9bf4db3f7e9b65ba3bd066186b036882e921a7a632b3239504cb2cd95d32a2
R01472,QA,2026-08-31,REGISTERED,7b7abcdd7167b03602ce4b1ed5de94f9518e2937f4cde8febd9bc71246541aa4
R01473,QA,2026-08-31,REGISTERED,f911b31ddbd9ed677718d159087f0c0bc6eb5e9f91e1cf48dce0140bcd10d40e
R01474,QA,2026-08-31,REGISTERED,20dfff68e4f666f658a49643875e5020e2f04ddc80ede863a546bba04ec91fa2
R01475,QA,2026-08-31,REGISTERED,ff640e4345a90293321a8ad7dfbd6e4e718587cb807a3a6cd7092c2ec058cc88
R01476,QA,2026-08-31,REGISTERED,47dd0758b923e88e65ad59b19bad9cec54131e479de10db03e9dd2b7918c01b8
R01477,QA,2026-08-31,REGISTERED,cfe8bbabb9426779b8511b08ae747b74b4212a250f79b2fc27d7b483d675ca85
R01478,QA,2026-09-01,REGISTERED,8a0a759c33fb656b7b23e080495d545f77516aa5703f9ff943066a46b86451d5
R01479,QA,2026-09-01,REGISTERED,0cf76d50adb72b495720e01dfa130a191f0f2f26a88c802ff4a8117ec736cda3
R01480,QA,2026-09-01,REGISTERED,14624886891ebf69cf637d8a310d73cb3b8d0a223e2c8a09915e0596c24e0637
R01481,QA,2026-09-01,REGISTERED,14a5dae853dde945beb515f889386609197069eb134381a8294b2f808bdb56f3
R01482,QA,2026-09-01,REGISTERED,ea34f84587c02c6118c353a40935e3118fb8fcf8d89453eea445b2a5b202e088
R01483,QA,2026-09-01,REGISTERED,190b071d1da9becb04146677499c993f300e97eea2cba8febc65a2f5d6c59198
R01484,QA,2026-09-01,REGISTERED,96f6b5b56bbd4a47d3fc4e53bc9d1116158cfacea71b4c66be6aaf61a2870a90
R01485,QA,2026-09-01,REGISTERED,bf134ceeb997a420478a736569bdaa8de7c3e808bb5e13d269550b0f209c7f7a
R01486,OTHER,2026-08-31,REGISTERED,1a5964977b047a118177eeed2f2800cfdde230a22d73d35306579b2cedad3197
R01487,OTHER,2026-08-31,REGISTERED,1a522d5832b6aa427970507a6f70cbc4c4de4c8241a47e2c901e77dfe765401a
R01488,OTHER,2026-08-31,REGISTERED,d1c73e7831d834fb0ba7e65d5e81da680a79e4aa36236858ed65f0664f135587
R01489,OTHER,2026-08-31,REGISTERED,027c65cf589f069131c8fd9c264fe0bf6d56b41f9251950452570aa02e42e4e5
R01490,OTHER,2026-08-31,REGISTERED,1772244490e9bde8f541ab28ecd56cc78a68a44b770c3d36e574900c12ffc515
R01491,OTHER,2026-08-31,REGISTERED,304e0565bc753292fee02caf107754a5cd25b1d927561fc82d2533401ccfdfcf
R01492,OTHER,2026-08-31,REGISTERED,404fb0b3de8870efe8ce2776ddfd0483689f7244579eb5a0928700cdde292f2a
R01493,OTHER,2026-08-31,REGISTERED,8e66474f0f05016505f767c0cfab294f77ba8470bc7ec4bae6839ab7ffa76c8e
R01494,OTHER,2026-08-31,REGISTERED,788a811ca3f07f3f65922a7cff55b0aaad911c0458756785164c5925fcd07ace
R01495,OTHER,2026-08-31,REGISTERED,9939acae5109d63e96a763267889238ba5a4bad66dc7291220b39e5257a86274
R01496,OTHER,2026-08-31,REGISTERED,6535239768b01705afc10baae38db6022daac650950d7ddd62b4731b1e7733b9
R01497,OTHER,2026-08-31,REGISTERED,aa53196f003c030d82eeaa144a4f843704495e7b521e976ac53ffde2cdcb75c4
R01498,OTHER,2026-08-31,REGISTERED,6758cb76a7cae53284e2789730d46a257a13cabb6349287f16da9dc569832a11
R01499,OTHER,2026-08-31,REGISTERED,0a19fff543d69431cc23ee72386c0f9fda20c9ef4346556e2dd83c15cf0bce08
R01500,OTHER,2026-08-31,REGISTERED,8c3b591d222ca48c78bd704e2919bd82387fa7b2569a301e01e75cf67b79714b
R01501,OTHER,2026-08-31,REGISTERED,622aba273f9e3bf91f398993e0b5383731611bf19c603582894eb5df96b9b2a3
R01502,OTHER,2026-09-01,REGISTERED,59fd20e5f476264606af62f14faabc34597b6b0afe49dde5786720d6c11ed980
R01503,OTHER,2026-09-01,REGISTERED,227fa096c4d74bde10c53c9aac1f12293ce4abbb6812992dc409000364b7d9a0
R01504,OTHER,2026-09-01,REGISTERED,e0a0694d1947cf0777b17925d2a205300ab224c20756f7a437b172bedc968178
R01505,OTHER,2026-09-01,REGISTERED,3a228edadcca53a7f0b0eb4dcb2b7be938c03931a6d35b423632ad7e65abc4b5
R01506,OTHER,2026-08-30,REGISTERED,cd8d6e14578e9d72f52966d5bc09f813b2684a279ae82dd4186990d76abd0c92
R01507,OTHER,2026-09-02,REGISTERED,8de5cd22a462ac0f7cf7405a3cca3fc34e242dd2b2fd3f3b32a55a5b45f29f41
R01508,OTHER,2026-09-02,REGISTERED,393ff8e69ef1c0945875f8c7a994fd1bfb110f0ffd9f7209c83474a975b6c7e6
R01509,OTHER,2026-09-02,REGISTERED,e21dbc19c31a1437d86bec2ea23a8846edf3260e3323e790bb7bbff9670b491e
R01510,OTHER,2026-09-02,REGISTERED,36b783874f7a1d2f864115d0da5287fc479f95fa44a260fb54ba54dbb811b2b4
R01511,OTHER,2026-09-02,REGISTERED,e2c99013114a67c5e2e2926c6719d6867955a65aa7a10baf32b6f50d3df2154e
R01512,OTHER,2026-09-02,REGISTERED,cace75e29f38751f67d265a349e9c6741dd6c16391e9efe1c3774486fdb8a721
R01513,OTHER,2026-09-02,REGISTERED,fbd8c06e4989548c0243320c5706da35882c486dd1c2f9269b659b2998870fa2
R01514,OTHER,2026-09-02,REGISTERED,554a5ce45729f23cf9a98e9159d56d575032051aaaa141d0f85f1c462b0443a9
R01515,OTHER,2026-09-02,REGISTERED,eab6186b9b365c84f6b62edce1d1af5c68c8664d54eceefec4ba3add955c2dba
R01516,OTHER,2026-09-02,REGISTERED,9845feb62ad1cd3c0374803dbef97fa938b7e6ca905e16d058a785d51eb78ea1
R01517,OTHER,2026-09-02,REGISTERED,e17b0b6801a2a9797557702e23b9f7ec12019c1aaa700cf8f34f6d53c0731f2e
R01518,OTHER,2026-09-02,REGISTERED,8cf2ee8b777e8c19641848e9cc857358d211a8351c57155c7436ce7df87fa81b
R01519,OTHER,2026-09-02,REGISTERED,302d25841a3267e57fcd32007cfb0ca4817b6d2e442105c404acb06ab85307a5
R01520,OTHER,2026-09-02,REGISTERED,1f0790b0dfb10c30ecc9d9c823fd6a63566051fa9f144b4d6b088cac594f1244
R01521,OTHER,2026-08-30,REGISTERED,4502cc58c5eeef3a41965a988182fe8aa95d502534c65962b58acbf256b18506
R01522,OTHER,2026-09-02,REGISTERED,195b99a3597f7d60517ed359f1537d9073d51608907fcad51d8eb7a866ef1742
R01523,OTHER,2026-09-06,REGISTERED,f850d729bc4e9f440d58df3cbdd783700db47cf71ea6fafd4ec0763a9d52c503
R01524,QA,2026-08-31,REGISTERED,bb6e8c2cd110b18b746a197ad67e5f81a7b9c4b9fdd1b65145c3264116058baf
R01525,QA,2026-08-31,REGISTERED,3d8a87914106b0b51ef09be36cfe396aeff9af065f34217c94911b0ed460df36
R01526,OTHER,2026-09-02,REGISTERED,25b9b4ae5e35543abf457344b23179f53af8799c2ce546979f578049d3659358
R01527,OTHER,2026-09-02,REGISTERED,9a65520f5f31018a933546c5eac6faf744582e07808612f3aac5f840ad504a2e
R01528,OTHER,2026-09-02,REGISTERED,3138442935ec3eccd28916dda7345446bb5b5c88e7a011e948f0c1687f97a695
R01529,OTHER,2026-09-02,REGISTERED,cb4ea6f3e23342f38dc71725a00b89ed374bb3d777257310019dce8f9f5d633b
R01530,OTHER,2026-08-30,REGISTERED,6d69b85cb28c5809ed9cdbd26a7054d502cd55db0a0974ca70d09e5b85bc12bf
R01531,OTHER,2026-09-01,REGISTERED,2b8e60b124d901fdc20d49c0cd391b03f04f377ff5448c9a57270d8436d4ef8a
R01532,OTHER,2026-08-31,REGISTERED,44ff5842c02dc5cbe57ff4757ea0c8f1ce0ac7081c5b91cdfde1e2f5b4688b5b
R01533,OTHER,2026-08-31,REGISTERED,b059ff88e936eb46efaf005ca330a8c7bae1a3ca97405233ace270fe14713aad
R01534,OTHER,2026-08-31,REGISTERED,e6aad278e3991377e086d38715735c6d1cdf191614c8ee56fa5c47b00befafa1
R01535,OTHER,2026-08-31,REGISTERED,d1e6efac869ab197128311d6f436eccbdf0c1c6e8b42a2848ab81bf711c79525
R01536,OTHER,2026-08-31,REGISTERED,a0dff3761e9c2d36a4ee00632e1c3982deb0ccaae7e3f7625d3f41bde61a1bb5
R01537,OTHER,2026-08-30,REGISTERED,6d69b85cb28c5809ed9cdbd26a7054d502cd55db0a0974ca70d09e5b85bc12bf
R01538,OTHER,2026-08-31,REGISTERED,21e8822d6f771c966e0b13b848f91e1174045733685580eced7b2ea521f99b99
R01539,OTHER,2026-08-31,REGISTERED,deb3156fe8c20648e4d53d41861ef649b50d0f905eec56e0876986e993475d8f
R01540,OTHER,2026-08-31,REGISTERED,39fb336379d3105c556f1347343451693dc7f9dab63aefced410cb3a2d60b376
R01541,OTHER,2026-08-31,REGISTERED,6716a9ce1649589f3a05a038c697ee8c484e8f43caae99756e793b5c719be395
R01542,OTHER,2026-08-30,REGISTERED,6d69b85cb28c5809ed9cdbd26a7054d502cd55db0a0974ca70d09e5b85bc12bf
R01543,OTHER,2026-08-31,REGISTERED,4b9727f48a5ffb9a1f8d777239c4aab9a70623cad1e0d30c789a68413d0c6ce4
R01544,OTHER,2026-08-31,REGISTERED,36a7e388842e390a62cdb1f55092744a082ab6e96b6a98427fa9b16a168f77e5
R01545,OTHER,2026-08-31,REGISTERED,c4c1df7d13550a9bb4e0bd12ed3c2635e0a1337fcaf09be9266b452de909ebda
R01546,OTHER,2026-08-31,REGISTERED,4ff805d87ba1ed59a4d37ab2091d2437782096f8477af051f0fb03fc2b502006
R01547,OTHER,2026-08-31,REGISTERED,d23e8531f7afb3867cc313ad4bc4636048bcbe7dd2e15a1581e9d39d1e98b40b
R01548,OTHER,2026-09-01,REGISTERED,1bb09245b211cf70a8cbec2677448638981b4514ff1482968d799921ddd420a8
R01549,OTHER,2026-08-30,REGISTERED,6d69b85cb28c5809ed9cdbd26a7054d502cd55db0a0974ca70d09e5b85bc12bf
R01550,OTHER,2026-09-01,REGISTERED,dcbac6d23cdb857942ae5cd07a0dd3bed7e197be9a0c99bbfc736b4fbd849e4f
R01551,OTHER,2026-08-31,REGISTERED,0543d2ad34f6883ccfa5ccb09aa7b637fed3c89c6fe77826eb41e22b44aa809d
R01552,OTHER,2026-08-30,REGISTERED,ef3a68c1a400c968b9876b80fe42fdc1c377444555958aeb08c62d5fb23da579
R01553,OTHER,2026-08-31,REGISTERED,6716a9ce1649589f3a05a038c697ee8c484e8f43caae99756e793b5c719be395
R01554,OTHER,2026-08-31,REGISTERED,cbb3554487e422af5294f8e7fcd542c3cbf0aaf96c843feceb7ffb5d28e64590
R01555,OTHER,2026-08-30,REGISTERED,29b3fc46ec7badae888228f2ce9c38fb9f4e4dec9214cbe6a60ae75862ced57d
R01556,OTHER,2026-08-31,REGISTERED,4fdd72f5aa6d3cf504941c2c3b32b5b14b50e828eb7c99af56fd70bfefc56db9
R01557,OTHER,2026-08-31,REGISTERED,fe82cba55362d02a5002ab311cbededb26a364133bfe29797cbac1b306e68181
R01558,OTHER,2026-08-31,REGISTERED,4b4cee71d6c95a80fe56537f039ccad1782327896c54f648fe30a22b14211a8b
R01559,OTHER,2026-08-31,REGISTERED,5a98b5648ad6f3f23a4c5703c8ee7936d1fc5db6f5abd16d779bb3b9fd920044
R01560,OTHER,2026-08-31,REGISTERED,647e22c8c06abe3198e35b72b30524d66ee4650d1e4c72319e1dae29d139d42e
R01561,OTHER,2026-09-01,REGISTERED,6465a94f72a5940c70701cb11c92d9cf2fa7556010661206f090d0beac3707fe
R01562,OTHER,2026-08-30,REGISTERED,2d1d996b5ba5ae27ef8dccbbf4db2201c211b1638687e0fc6ab31864cfc0666b
R01563,OTHER,2026-09-04,REGISTERED,1568cb3c45f051e5beac122e2603ebf1dc25100f3938aa86d05a86e1cde1df1d
R01564,DELIVERY,2026-08-31,REGISTERED,3e776adfb246593c9eefbff46cb8b2e16e3e32b7f15b7f32fb965852fc9c24cf
R01565,DELIVERY,2026-08-31,REGISTERED,d0a2854aa5eece9e1ea93d2747453c2deeb165adf04e4b42c4f177e77af605e7
R01566,DELIVERY,2026-08-31,REGISTERED,1f8057c1e6fed3abf1cd8c88dca6c3f9cd0315ce72924e0c37cd5e3da0006159
R01567,OTHER,2026-09-01,REGISTERED,ff71c6a2e143f01acb1888dc32309e6f757d3fa08739487fc4a01ee82b7040f3
R01568,OTHER,2026-08-31,REGISTERED,5feceb66ffc86f38d952786c6d696c79c2dbc239dd4e91b46729d73a27fb57e9
R01569,OTHER,2026-08-31,REGISTERED,e1bfc1b6711c6f592e1b5f05f8e295c19a518e6d0fa82639d53df10576193074
R01570,OTHER,2026-08-31,REGISTERED,4d08f82de3a7eaae6d769759805e992d868563000b02adf3cc75876b75392315
R01571,OTHER,2026-08-30,REGISTERED,911d2d3817cfbc493338d80e055ce514303b34e34d57628941931b225d9418c2
R01572,OTHER,2026-08-29,REGISTERED,3cce7644178c759612f2d97537c3cecc3268f8891387d9f03839c85c46fc1b76
R01573,OTHER,2026-08-26,REGISTERED,5a8c75b48c56897ca7f4b9eac070337942972574502741b9e15d128360104664
R01574,OTHER,2026-08-27,REGISTERED,d81d20306e6ee12aa0dd197858a5f2d0ca51f4b2298185aec0a8213f607adf5d
R01575,OTHER,2026-08-27,REGISTERED,dd97d7185fdfb62e4752489f25d3d68bd8f7b2cfd99c461a88c49c462f482460
R01576,OTHER,2026-09-08,REGISTERED,6bc03bab8b6644aeee03e0e33a2f7ed43260a2052de642296f66fa962fccea9b
R01577,BUILD,2026-09-04,REGISTERED,0ffc4bde68beaab8850251e09fdb189f1013b0ba8ee458d6bee38e4be95e2c06
R01578,OTHER,2026-08-26,REGISTERED,9f57d3c873c860b46ae1961fd966a78292acb72bf94537dc685e23db394fa379
R01579,OTHER,2026-08-28,REGISTERED,d238640b4c68ba6b98f11e0125ae621df51d260ccdd74d4299b2eaab8108b1cd
R01580,OTHER,2026-09-01,REGISTERED,87335a8db7f8b35bee9a8d9d9e0d9a3493e0805ba4e1ca98e53eb4b9d3366379
R01581,OTHER,2026-09-01,REGISTERED,6cfe0c11b5925b304bb172afe6a236becc7634cc0e5e998566087b5efd14bd10
R01582,OTHER,2026-08-31,REGISTERED,2d939ce5bb3fc98ee6e5cd607aa35dfeccfdd04893c3f7eceb710787652e8441
R01583,OTHER,2026-08-30,REGISTERED,dadddffc387292b732d6a00bdca037346df775ea38f3792296280896645aa9e0
R01584,OTHER,2026-08-30,REGISTERED,3b44032f26932cf46627cff883764a8452adc00c45394fd9c01ca270a4fa8bb8
R01585,OTHER,2026-08-30,REGISTERED,1ec1843a5828a898133c629cf89a070daf7a9eb2a0a43f110e5877b9ff3d39e5
R01586,OTHER,2026-08-30,REGISTERED,f9a1a509ae7a68f5a23fc0c46ba91fb379654e23e24d9a6587873e9f2193e5e0
R01587,OTHER,2026-08-31,REGISTERED,9093570d494c36df2a811122b0c17d935eec5c05a48c4f470d22c774dd1e1cec
R01588,OTHER,2026-08-31,REGISTERED,4d04ee53ab6f71088f49e33859e090bf799d8e95a7b51374fc2c0c1d4f88d8f1
R01589,OTHER,2026-08-30,REGISTERED,7a50ed4bc3f25b8abcbbb5c4643ba60245d45e958a1d650ae221850cba4043d2
R01590,OTHER,2026-08-30,REGISTERED,ff1b04297afaa7da85317bb755021bb1ef2c03cb981f757a4cadd690ab101f4d
R01591,OTHER,2026-08-30,REGISTERED,c810ecdc815c280e329e0c7cff8025d47031c3a967e1374d9a1d7eb8c059fed1
R01592,OTHER,2026-08-30,REGISTERED,f62252d00a9b931229b7439c15910ea2a8604812bfe60cf7eec518538b7f3dbb
R01593,OTHER,2026-08-31,REGISTERED,c13760dc422ce122fe5e7be394d5b1f1a32593359130145042c6050d49d4dc39
R01594,OTHER,2026-08-31,REGISTERED,adf5680c19eb6032dc2f2663d46ccdfb065ce708ac1313afca586dbfd504f028
R01595,OTHER,2026-08-31,REGISTERED,1da46488a0bfc1d351cc111fb09fa4cf752a9180ebc89c1e2f64fa7e8e6d71f7
R01596,OTHER,2026-08-31,REGISTERED,8d478b335bb7d837e3903b28077f3b36a786f0b17dfeb901bf2c4ac75a708aec
R01597,OTHER,2026-08-31,REGISTERED,7674031077a30d7d0c8aff6700a2c4318d7b17a562ad3e365fc8df8cd17cfde8
R01598,QA,2026-08-29,REGISTERED,f16a143afd6c3d8bd78e1de6a01202b4e20fab55f30fcd7dc3822256d07abf57
R01599,OTHER,2026-08-30,REGISTERED,2ff44ef8c40e0b612e2b57280bb2d92c805fd099c5ac63339dfe8037634cd581
R01600,OTHER,2026-08-30,REGISTERED,b8fb381e921937fbd4cc530ce4386b2fd6a415c1ee4b2633bdbde12928bd64fd
R01601,OTHER,2026-08-30,REGISTERED,8bf8177cafd2bf83afe981f6c2b310dcd725a30963065ec35f77586f13c84177
R01602,OTHER,2026-08-30,REGISTERED,7c83d88b8054c29a62ebfa3528ab285b803091223325f12e46c9a43ee5a7b24c
R01603,OTHER,2026-08-30,REGISTERED,5374ec324e46490dad698f612ccaf855a7fca3c9e015336359a00363750b5452
R01604,OTHER,2026-08-30,REGISTERED,91d75805cd9257a3c195d30602042e6ccb4998b0ce4ce100aec9bb14929e8f0a
R01605,OTHER,2026-08-31,REGISTERED,acb963c9abb722248c5a93589315f079c4563ce8ec22766badb405def90ab270
R01606,OTHER,2026-08-31,REGISTERED,2f22e1f50dc3d9d3da501431667fe98c57cd34197bf5dc302efee9691810f34d
R01607,OTHER,2026-08-31,REGISTERED,e0a6710811f72a42b1fb7c721bf8c13d48c714fc3c3d91fd244dc93ea2d5c577
R01608,OTHER,2026-08-31,REGISTERED,a03d70f14375f34426f1b4cc7009d56fa73354ae36392c7a1088ca4107ac9768
R01609,OTHER,2026-08-31,REGISTERED,e4b5000be95c3561598948d71e0dd948e2241ee3fd4a35a4f7bc51e76ee71ca0
R01610,OTHER,2026-08-31,REGISTERED,bf90ce3207f1ce291a1945b31720d3685a11ef5d31e66caa658cec5abdbe3b86
R01611,OTHER,2026-08-30,REGISTERED,bb738bcba771dd38ca42942668c9fe0b21e5b7c818428b9564eaa67093c25621
R01612,OTHER,2026-08-30,REGISTERED,bcf187c0450f73f49fa3f040f810dfdff314ffb34c0cde69020945e714b3e2c5
R01613,OTHER,2026-08-31,REGISTERED,b7aa04b9b3eb06186cd004c49fc3585c572580a7d3d3835d58e44aa53539ef58
R01614,OTHER,2026-08-31,REGISTERED,76fb767a50e2c8e5f0b5e6bf71524775fa49f9c818a5c1cf91b74682b4bad198
R01615,OTHER,2026-08-31,REGISTERED,cc1a076f6a7d363be98027625c0454ec1fb895557610a22b0e6d51e8d355c5a6
R01616,OTHER,2026-08-31,REGISTERED,26b4b57350544dd7213035dd9ab571ed9f116ff90cb7472d9b96331fd9b7e03e
R01617,OTHER,2026-08-31,REGISTERED,c8d5871e165552251ca85c44ca769593e2759857ac5ce47481fa3fc3362bbdd3
R01618,OTHER,2026-08-31,REGISTERED,d20dc27a9dcbb86b47a6719f28d02cd2506c132cab7c8ffb75c40c488e3caeaf
R01619,OTHER,2026-08-30,REGISTERED,8d03addeaa1bef3e76310c09d8df9d58c61d71a6cb8e3b20563c5fb5899f33db
R01620,OTHER,2026-08-30,REGISTERED,9249e88c401fae8a516559af8b1d3362dc14623df435217a7389beda02f8b1d8
R01621,OTHER,2026-08-30,REGISTERED,731d256f80ee48808a5ce3077bd3adcb5d0c3582bc4737c31c30ecd4bac5b237
R01622,OTHER,2026-08-28,REGISTERED,d5e698430af9ffde356c00e49f1fe562dc695ca275e09699189bb4c622787f71
R01623,OTHER,2026-08-28,REGISTERED,067da89c234dc1a39e74e6d8d5d00a17ad0a2906f7f9f9b394a582c2ba9790f9
R01624,OTHER,2026-08-31,REGISTERED,4b5cc37dd8eb0e1e3a43d4fafc86360ec1249adeed199d101c9f994205c1c1b8
R01625,OTHER,2026-08-31,REGISTERED,82074f1d1f4a3ebf5eefcd786a0909dd9fd6430fcf4587d20ca3078e82cbe41b
R01626,OTHER,2026-08-31,REGISTERED,22b78b0b929382553a37d5c2ce4dffd87c7a02099407e86f12f8afb7118bc33d
R01627,QA,2026-08-30,REGISTERED,426d5ff28a039f154cf9bd41a026c06e2928676f4de6cb6d88ecbe9a52680f7f
R01628,OTHER,2026-08-30,REGISTERED,702232385ef08dbf94e08d75b4a74d8d4a68ebb1d869167d52163284ea255a4a
R01629,DELIVERY,2026-08-29,REGISTERED,a9f8be0421e551a82b3bd1a84b55db615ad8a6c6903a6a498217c456215562fc
R01630,DELIVERY,2026-08-29,REGISTERED,deac66bc0d153d5b2ee1e01071e68c68e7c2273108662316d801d1b403d2b754
R01631,OTHER,2026-08-29,REGISTERED,7af01bba200c10a98902196d6852977384ee8d12542ea5c281aa613eabaf970a
R01632,OTHER,2026-08-31,REGISTERED,f7c4fe4e64294cefb11bda307c96d2e9cc7ee69b72ad49e75752433ea9d6e455
R01633,OTHER,2026-08-31,REGISTERED,0c66b9b45b33520f0a961692a7480246ba9c61d8544b321cdbc40361610fd321
R01634,OTHER,2026-08-31,REGISTERED,202208e0c9b870c1f470ca13f26402d145086def19bbc89e304d5733ac2fd52d
R01635,QA,2026-08-28,REGISTERED,4053b8f590df8f05af6b4f390353e6b0e3d859fb999d66c2aec39e7e542539b2
R01636,OTHER,2026-08-28,REGISTERED,0b990632471502faf269713fb54bb62791dafff3090bdd7c929a62faa7f0da73
R01637,OTHER,2026-08-28,REGISTERED,90445281e93fbc81ac7bb7d521f3f462c2347a542f4fcc7702521b7a4e206369
R01638,OTHER,2026-08-28,REGISTERED,23dcb13548f17ce92f8f58db73c05524b6018dfd38529f01abd550bd3057be3a
R01639,OTHER,2026-08-28,REGISTERED,d6fbcb13ba0936848fa5c6a6569337b478ea4a8ed8043a67cc3e3ec241550bf5
R01640,OTHER,2026-08-28,REGISTERED,0456c0ab0db1ad72afa9a8f2574684c3e1bb6e59b2df80d0be514557492179f6
R01641,OTHER,2026-08-28,REGISTERED,fdbe6b06d35569b1e4f8f8e4b17bca3fec856019a673e63acae11763ba91bf70
R01642,OTHER,2026-08-28,REGISTERED,ef8c8ede99f05371eade5bd1424df55b037aa62c1dd094811148e334a509a846
R01643,OTHER,2026-08-28,REGISTERED,46a16e62f862e51af87e83e860bdc37173cc6067b7429b4610cb7f63bee19249
R01644,OTHER,2026-08-28,REGISTERED,2784b24e5a4ec9b22a0c44ba4315319ca5460b0e72bf382cc3d27b14ecfb896c
R01645,OTHER,2026-08-29,REGISTERED,fd1e400783fedd49c1b847072a285a5c255bb5d2a4d212c8733b4a13d0c62033
R01646,OTHER,2026-08-28,REGISTERED,66cdd9a1eb6d7e2d61511e6fdb2a19fa845968cc1cacbe60664d0a4a5757373d
R01647,OTHER,2026-08-29,REGISTERED,01506b44c5d012e0ac8d0e377969d5ebb05f167823a763a7fac202b4d1b936d1
R01648,OTHER,2026-08-29,REGISTERED,6ad2b8d366a9b6519ba4001f2be532fb77e5c9f9c38a7edb5ed74438131ab819
R01649,OTHER,2026-08-28,REGISTERED,40f35ffb18d27d3d53ed622dd561579bede78e24da26b5efb57dff56f09454a7
R01650,OTHER,2026-08-29,REGISTERED,383bcb218b6bd00dae7fd103f49ac954e4c0fd2844179a44a56cd30523aa1975
R01651,OTHER,2026-08-29,REGISTERED,33e4b8166fbcd2d19059d038a858d6fc53f1b35af19cab90c8f9fecf040a712c
R01652,OTHER,2026-08-29,REGISTERED,09275e3992d454854ebc8dab029484c36dc6a09f3d5b59455485b439cf6fc0b7
R01653,OTHER,2026-08-29,REGISTERED,00339e013c6fa660ecf09c855afb2eae2c15e62d4971ac8a1d3b449bd4088246
R01654,OTHER,2026-08-29,REGISTERED,3efa8a148e65aefc2c8be4c62f93b3460286d4a9e37bd00a16a1eb3259e65894
R01655,OTHER,2026-08-29,REGISTERED,8ddfc3cd253689651f27b00efeb3ebfc86dd5e1ca9807a268274321ad69cb20b
R01656,OTHER,2026-08-29,REGISTERED,2b1386002d379472988ef9dfcf8d3da1407eb479f32c8b5dbb38dc41fac06c04
R01657,OTHER,2026-08-29,REGISTERED,5a50cb08e9dd2c09d1763955ba89be3885efc2b1180897f8342d8e9a5a679c75
R01658,OTHER,2026-08-29,REGISTERED,68f287e11b188d196caba561f9d81c88367b7d046e817a6b7fd2d95d8047b366
R01659,OTHER,2026-08-29,REGISTERED,603d58aef9dc36ff0bb8e02d3d61ebb5f00dee35ab7a8dd863ef2e1c8a5c8424
R01660,OTHER,2026-08-29,REGISTERED,0fc09bf8716a7555347e039b0daff10afa428bf6fda26070460e992f22efb496
R01661,OTHER,2026-08-29,REGISTERED,ceb445778d784ae932431b394d339b218552963c65d903e7b0cd41160ff91969
R01662,OTHER,2026-08-29,REGISTERED,7069afa16197fe8f797e0adf6b648270168d545fe59c976d92b04b8614cedb85
R01663,OTHER,2026-08-29,REGISTERED,a4987a6de5520c552f9e92f808b96a69a4edf654aafd6cd479a193725e79b8c1
R01664,OTHER,2026-08-29,REGISTERED,43252a5627caed4a9ecf08539ac11d57eb20068dcd9dd3f9d7d7b8bf6c5d6f77
R01665,OTHER,2026-08-29,REGISTERED,e6aa096d3506bb509522ec90e9e87e13019ee06b01aa45f18c4bb821cb9a06ee
R01666,OTHER,2026-08-29,REGISTERED,8010453ec8025ecfc3b63656048075a67579074290b8e9ea24cb3dcd6d11f02b
R01667,OTHER,2026-08-29,REGISTERED,da60e5bca8aaa38d0f765adee384081e7175042c41196fecaa71a5275baff913
R01668,OTHER,2026-08-29,REGISTERED,2738f944ec1f554f1e8220393889469a9f4522bb6e9a94abaedafa1ac102436a
R01669,OTHER,2026-08-29,REGISTERED,416fc126b4b2ab80cc6313d2d9e7b00ba1f8b8c96aaef607572da8d262779e18
R01670,OTHER,2026-08-29,REGISTERED,ca16677db5cd97b4ff499ae76f5ad445c9c787fbb060b77216f221787bc6c89f
R01671,OTHER,2026-08-29,REGISTERED,f5aae55c39a1e6289bb3e1e784547e5ff3f7a725bdf6815a54bee6b93d18697d
R01672,OTHER,2026-08-29,REGISTERED,826a7281b4969698bf0fbea0ac5952e03e434c8fe237993f39c4bd37fa5534d7
R01673,OTHER,2026-08-29,REGISTERED,a029e07f0b3c5ef1818ff9b303f8fba8dbfbd023f8dfc70912d2bc25cb55f6ca
R01674,OTHER,2026-08-29,REGISTERED,5b5ea5c38d1647d22390cdfe34624144bc65b73f2b1923d86a88c41955c3060c
R01675,OTHER,2026-08-29,REGISTERED,32e9c102982aa269a0dacc3a61f554864f94e5ad215a6c85610a5210535bbd5b
R01676,OTHER,2026-08-29,REGISTERED,a283539796c8d420bef5e65aef427b81b5a3e03808c98154da46f1bc4945debe
R01677,OTHER,2026-08-29,REGISTERED,6b508532327ab9f7dae52d981a37a7f7a19686aba61b783999d330fa8845dad1
R01678,OTHER,2026-08-29,REGISTERED,b0c24a120ce24914558c49a12937b7d3f69d891c87207990988ddc12bf2c1c4e
R01679,OTHER,2026-08-29,REGISTERED,1e6a942fa8d9c77acf5119c4bfebe39d2dd2da3becb0f1018b31893dac8fef31
R01680,OTHER,2026-08-29,REGISTERED,a695f31aa9af4791ad3208a7ecc6d12e47dad5967ed8a3ccceb5296021037110
R01681,OTHER,2026-08-29,REGISTERED,f03005cf0e8d8218c885276ef5098d07df35fc57b45b1f4953821fb2b49ccaaa
R01682,OTHER,2026-08-29,REGISTERED,4b02e8c7a7fa1c053065e100fa9b76c6396abc5856fc0c54815de450cbeaba25
R01683,OTHER,2026-08-29,REGISTERED,f7c8b7a57064c72f6eb28394f1513cb08c6a7e51e19761a0f7b7d373bf5f79b6
R01684,OTHER,2026-08-29,REGISTERED,e4f60882d7f9766f39f9e5b1f53c85b251ae27310c509dba69c5befeffd98c85
R01685,OTHER,2026-08-29,REGISTERED,34fa8ebc662cf2ad7ceff6378153ee44885f0d238ab6505bea15be73c83392aa
R01686,OTHER,2026-08-29,REGISTERED,8496597d2a7b4eb285aeab249acb8b827e09d6505182ff6499b18aba2b312128
R01687,OTHER,2026-08-29,REGISTERED,bab7622abbf13588e36beb1837514f193cebbb8c1b884118ae56499107284493
R01688,OTHER,2026-08-29,REGISTERED,8a16b25e8c95b494040887524e9361dd2e8f20920ffc7f5fdeb85019f3e8d284
R01689,OTHER,2026-08-29,REGISTERED,bdae7378fbd2b4ccb7ebbf3e9995fa5a33406ff277470f915847d10ef42baa1a
R01690,OTHER,2026-08-29,REGISTERED,87dc04e5cef06384c624c927d4f9c3cb6b6f0697002388ec3891b021d35acb26
R01691,OTHER,2026-08-29,REGISTERED,a31a40610b39ce25101ccc02ed20215ce9795c7af2f10fa934383e1f18b93e4c
R01692,OTHER,2026-08-29,REGISTERED,48e2c4212e288d392b8759ddadd772eca3749ba4a4c3e0ec54502ca70d76c837
R01693,OTHER,2026-08-29,REGISTERED,70ca8d914dbc129aa52dc85bd5e654ffe577b9f22824d15ca78b3ccdf15b7c86
R01694,OTHER,2026-08-29,REGISTERED,5d24cc93ad790ee2b24bc7940a1a62169b90ca443cf51c9779b94c4014c08f7e
R01695,OTHER,2026-08-29,REGISTERED,b67a66760a89aaf062fa92310e3bc6bcedc3da8306938b6b706f82cf29af4d50
R01696,OTHER,2026-08-29,REGISTERED,172a15f6ae17a825b82cf4dfd5e4ecfe509f5b4ec82b2976b62c666bc9de5362
R01697,OTHER,2026-08-29,REGISTERED,f2932e44f9fcfb856949371c4280863c4b15b1c4e12e5f0e9b06295cab6e37a1
R01698,OTHER,2026-08-29,REGISTERED,8eeb130ff6f5564551841378dab9c76077f8f90a3da63a67d1254c620ef49d75
R01699,OTHER,2026-08-29,REGISTERED,2e02ed4654f78651c05854a19eb94cc646f2cb7aeb7f70698157f4c80ca2e07c
R01700,OTHER,2026-08-29,REGISTERED,3f0627d21f60b5a6fd5d0c9455058847797f8e8acd50f2cd13f57d49d575575d
R01701,OTHER,2026-08-29,REGISTERED,0805c33c5909558e964a94b6342f585ea810bc91158bea57f701460f403073a9
R01702,OTHER,2026-08-29,REGISTERED,913ccc374bb73fe6674780230c1b2fa72ce2601c253e8efa66c6bcc83e654325
R01703,OTHER,2026-08-29,REGISTERED,8e02fe7f40d4bedb471d5e0f34f472d9b6bf7b50ec5c3e774164cdf84c155fca
R01704,OTHER,2026-08-29,REGISTERED,e3517a2c12840da0600f11920c1c4693bfe2fae6c23b45aced26beb7d765d657
R01705,OTHER,2026-08-29,REGISTERED,a2768236f270bf60409228621ff94715a14d480f15ca9a4aac3c1e548607c65f
R01706,OTHER,2026-08-29,REGISTERED,9a57bbe01ba61a56734d5ce26647b523108eefd061873f2cccc583cd93fb5cd5
R01707,OTHER,2026-08-28,REGISTERED,3e004b8864a4dc9766f436d0ca00b1e167a275f38812197b7af7ac7663a76521
R01708,QA,2026-09-02,REGISTERED,ccb0f045afd31e3b065cf0cbacc6d118c3b188ae1cae52fc3617ed4e98fbe999
R01709,DELIVERY,2026-08-29,REGISTERED,0060138a7544dd8a9aae15914162cf23e80fc7ba68a0fcb35a3909e6466c74b4
R01710,OTHER,2026-08-29,REGISTERED,9d12349768a263217082f035d90df844ccc609b4a55dbd99817794fcd5225fb0
R01711,OTHER,2026-08-29,REGISTERED,4012d88e171d3fed286b8d0b67baa0d664fd3914f03fac48b11e7bdaa7e54863
R01712,OTHER,2026-08-29,REGISTERED,399b0215ba7a52ce336e3196a0316798485300d97bcb6e89cb241f121ac73336
R01713,OTHER,2026-08-28,REGISTERED,1a4e784795165b6d6878cd4af0945abc18944e4abe644134bdbf6b2a4434eaad
R01714,OTHER,2026-08-29,REGISTERED,95351edbd30168bce89eecc0b7404b931c8f5215f1fec8184cb241ffa608e488
R01715,OTHER,2026-08-28,REGISTERED,c44dae8a5b481639561dc9905b86c546bf962de1a29c9cd07cf1b9ff151687db
R01716,DELIVERY,2026-08-29,REGISTERED,14e48a2a5bd0ab1754b4edcce15628a0b997e52d40e7883bfb9cff2fb49fc44e
R01717,DELIVERY,2026-08-29,REGISTERED,f880d4ad8c7d7e79f626b97a3995e7ba75eb3bd54e740be27311f674314ddedc
R01718,DELIVERY,2026-08-29,REGISTERED,15c2e26a917b42706b12eb706334977d551a07852474bde1c3e4f5540f248e9d
R01719,DELIVERY,2026-08-29,REGISTERED,6a38bf9e81fec19dbb1cca01f06dd05392b6a845709cef9d8e8f461581c6285e
R01720,DELIVERY,2026-08-29,REGISTERED,4360288a9be57961ed23434e6b2b3406c160f567b234b854b97ea679caf1ead3
R01721,DELIVERY,2026-08-29,REGISTERED,6aa67c1e04968976364cab4d60fa25b7528e0b2d43a3841d7a8b25e408f13fb0
R01722,OTHER,2026-08-29,REGISTERED,4a17e4dd8ec7f4995f08d8e307a38a86b64f6bb9460c64acac84ca2b810a289a
R01723,OTHER,2026-08-30,REGISTERED,33a7397222e1f503724afc915aa65b5fb0f2122bc86a87731bfd35890fe2fa48
R01724,OTHER,2026-08-30,REGISTERED,7a5b0b050c257564a07d4f69324863cff8b79d25f7b6b6a9b708ba6747be5d70
R01725,OTHER,2026-08-29,REGISTERED,58c8f3393367439ae9b7189ec841a0c08bb5bd27b69b2d63d6e679cf3a95952c
R01726,OTHER,2026-08-29,REGISTERED,977f4a3f7e992cbc944510e529e5d478dc220a4e860e8994c9ca987faad2e0c9
R01727,OTHER,2026-08-29,REGISTERED,2443fae4529e493fa5e477441929d293b90563d9bdc2a302f78c1d2ff72c79e4
R01728,OTHER,2026-08-31,REGISTERED,4b32795751a7b3bcf0d96a4b6eeea78b387d5320930ddafb7889c241e54581f5
R01729,QA,2026-08-31,REGISTERED,1ea42e0d5a0c66107bbba9ff1c347afd2251b4b2b94001c31848636702e4d08d
R01730,OTHER,2026-08-31,REGISTERED,673abb188eb0bd351fbfb902a6ade183702d2354856e15c90e87225b123d6d62
R01731,OTHER,2026-08-30,REGISTERED,76e6003953c7d6756d6752d77a9572424b195d4472c8e0c2b1f7cc543a139edd
R01732,OTHER,2026-08-30,REGISTERED,ac879c48e40b05f862b4be5c0c19dfb965155e232b8c2f14d9f3363f3f03d120
R01733,QA,2026-08-28,REGISTERED,5cec74fef5800401439294d590c4de38c3a6e38a7d06d6e31fcae9364a55bbcc
R01734,OTHER,2026-08-29,REGISTERED,7b90e462082f6edb201833484e58a5e386c32603395f881eb6696edb2bd8881d
R01735,OTHER,2026-08-29,REGISTERED,b566bfa15b66eb1352fbc934f5d4bddc098e83c228492b6c13a3a0390be4672a
R01736,OTHER,2026-08-29,REGISTERED,cb73c463613a07ed5f42950773d81ad2935e9d85fbf56cf9138a8aca7a3c483b
R01737,OTHER,2026-08-31,REGISTERED,06554457bfdd96925fbb34b5d11b53d156d0aaeaba66b9fd85a5ff55bb025fb5
R01738,DELIVERY,2026-08-28,REGISTERED,00f3336b79073aef6eb84ec015bb7f808682f1719d7edaf0c83b8b9188409ab6
R01739,DELIVERY,2026-08-28,REGISTERED,80fb79ce86814e68698d5f3ca98d531735703e62d3e0f9a0a3c7183f1fa8eabe
R01740,DELIVERY,2026-08-28,REGISTERED,6cbd446e693240c6a409bed4f2b98058a66fe6864b4b6e0bd2b646e17f734261
R01741,DELIVERY,2026-08-28,REGISTERED,3a497dc9334bd4b229389a2d95b4ac59b8168718223af355a6c6d4a6d1eab79b
R01742,DELIVERY,2026-08-28,REGISTERED,f5e81880f9023c06f9289d435cf7f19886b383f9a5d4eade8c293702e2d5cd16
R01743,OTHER,2026-08-30,REGISTERED,784dff0b5ed45d44d3dbf463db2c18e66fe736ba3b2470df2c3660ea8e184475
R01744,OTHER,2026-08-30,REGISTERED,9e5b7ff0d6852d155d769560d9988fa84705ac25cc8c94db7c009454655dc2d6
R01745,OTHER,2026-08-30,REGISTERED,80a772538bd26c222141829ca4ecce63989b0fb7a9013e575507b0a4aaa7fd88
R01746,OTHER,2026-08-30,REGISTERED,82bf44b74ea989b5868cf6dc3f178c48fd6d461984aea709e99b7c26d55cde5d
R01747,OTHER,2026-08-30,REGISTERED,f5353dac794a2eb84d7d2ffd0f06207de15ea603f58cc47732e3f97fd76c176b
R01748,OTHER,2026-08-30,REGISTERED,410b73c31c044c8451f41a59d62a14ce8892dc3b31ae3a8ef96c5fe6d32d7a1e
R01749,OTHER,2026-08-30,REGISTERED,3c249d290e2956e88d4d16d564fc718210461a99b6c2de9fdf1c613d92a71375
R01750,OTHER,2026-08-30,REGISTERED,9a0e178d2281c3550e276c37b9db2edf2095de26aadb08d6af1e6785fed9ff51
R01751,OTHER,2026-08-29,REGISTERED,ebd9bd8d4323e6e581551b590fb2e0a59d1507d761e6aa09b370921b4b41c525
R01752,DELIVERY,2026-08-29,REGISTERED,d32ac02700119b4fed18c5af447ebaa12554d0335c9aec03758e642dfdc2312f
R01753,OTHER,2026-08-29,REGISTERED,fe2a456b468be7f14c3d405912f9410f8b4b269580df28158a70d3e29ccc71ea
R01754,DELIVERY,2026-08-29,REGISTERED,b8b6db26f5b9031a549db48303cb9e6a79714148b849c492246203b0adcd9f4a
R01755,OTHER,2026-08-29,REGISTERED,550b9385c02cdfab51eb3ba17cda3caf04615eaef0074eab460b2c453dc88e01
R01756,DELIVERY,2026-08-29,REGISTERED,c5fe478de059c870a33220871bc8e1dac503ec539892f307879fa4b9c463e83f
R01757,OTHER,2026-08-29,REGISTERED,087bb6736b4605f9d61e640184ae3f22d4473785ba04a374b40d981ddbab5a91
R01758,OTHER,2026-08-28,REGISTERED,ff80307b83b94d17a73b7d8ca4ea27fab5af71eda6a6d7c984b1eccc5799f27a
R01759,OTHER,2026-08-30,REGISTERED,3e856c092b3f5739aefa28c42877b3e198058cee1d9e048b173ef6c4df5632a9
R01760,OTHER,2026-08-30,REGISTERED,9c19ac9323351a5d594986ace91a99984fa77cf0e1b53e1c1be9a00a5f827a41
R01761,OTHER,2026-08-30,REGISTERED,706d196b6ee83d210217d5012751b36762324927fe7ddd766a7b04d5ab419b28
R01762,OTHER,2026-08-30,REGISTERED,aa3c147008a094addae916525cbb3c1bfadc8538bac29288193d2bbc28606d8a
R01763,QA,2026-08-31,REGISTERED,c2dafa75d032b3f2319739ef561f6dfc560e55c0727085586441a057f962beea
R01764,QA,2026-08-31,REGISTERED,69e78523262bd78e658d0cbafa68a0e2aa22820d2919c120c1290691d83cd8eb
R01765,OTHER,2026-08-30,REGISTERED,5cc19e2e2a26ea7944977a084fb06cf7d3e9a1bd23f5c2871d25486a82127b39
R01766,OTHER,2026-08-30,REGISTERED,b7c62eef3eeb512a16b7968fa0455b5649f48272aec69ec93f99d277e150fb6b
R01767,OTHER,2026-08-31,REGISTERED,b0cc9c2a728f520175bb5515e1f90739b0959a2824d7b84934e586a59859d653
R01768,OTHER,2026-08-31,REGISTERED,fa4a15f9318b1b7d9a561c6ab263c7290216c4dbbec48282baa008534b8488e0
R01769,OTHER,2026-08-31,REGISTERED,7729036a4a711ecd924c23b7e75e787021d7cc13a7f97bb4d75c68696fc25cd5
R01770,OTHER,2026-08-31,REGISTERED,df1a8bef427d8d6aa5f6f24709cc3b579374309b654bef12c265a81a1f190ecf
R01771,OTHER,2026-08-31,REGISTERED,e08e8f927e93ddd35f66b8020bb9060fc453cdff274a2174493339795e65e265
R01772,OTHER,2026-08-31,REGISTERED,f5d59621d92ea494a9fae2d87eb510d5e978441c848d16ead26622d1888dc332
R01773,OTHER,2026-08-31,REGISTERED,534499c63d7d337c6c22d10e0ac16e02f124a242042398725561bcb99b26ba5d
R01774,OTHER,2026-08-31,REGISTERED,3a55bd286e265d1239b44d912df36d0e8fe3b3c83f666947b3aad37ff9305650
R01775,OTHER,2026-08-31,REGISTERED,215d869121558b9e12e9b60c5f21f17a387ac7b3a70bf55ea931b35c22b6bd12
R01776,OTHER,2026-08-31,REGISTERED,0fad8f12a9d950c904c1c4e40c2f388371485670dc896d6462724480f611bc5e
R01777,OTHER,2026-08-31,REGISTERED,87f5dc94a608829fb0dc2c41358048acd96d1dcc8d57ee69b2c1b68efa2e942e
R01778,OTHER,2026-08-31,REGISTERED,debe409e2412c927d9790a262fde31525285be9ace7801779e44f7f1e1007239
R01779,OTHER,2026-08-31,REGISTERED,3127d333225fc502278e79c9a46f4cd331faf3972ef218129eb2edbe279da69c
R01780,OTHER,2026-08-31,REGISTERED,c2087c8a48352440011a6f707beab5273565f14b528d8ec277f132ba43965b8a
R01781,OTHER,2026-08-31,REGISTERED,3d0c6469ffd11e92367147de7cb1b224ad9a1751d373cf829fbc4c2729f1669b
R01782,OTHER,2026-08-31,REGISTERED,4c73db320f0272afef2dfb51be5c95c16c8f6243f8b1ea0a69ec597125c28630
R01783,OTHER,2026-08-31,REGISTERED,c29ed2c2668ffca3950ad1565135d34b5e3558ca5f5e10fef457eaabdbc77cc2
R01784,OTHER,2026-08-30,REGISTERED,742331f6416721bbb735165d2400171f21547f8b04ef6a9f9d8d234cd6993eb0
R01785,OTHER,2026-08-30,REGISTERED,132a4784756f241805863de856024d4de93f1fab6ee7eb07bb588202fb94caf2
R01786,OTHER,2026-08-30,REGISTERED,540d0a1e275bfe002bfce4aff42b5353da9e9584894e0062509af88182b8fd4d
R01787,OTHER,2026-08-31,REGISTERED,b17f3d0255c4e9a97afeb8c9069df398e78c91bf6e36621ea09637a3148310f9
R01788,OTHER,2026-08-31,REGISTERED,93de86d88aaa2105217c6005878c61915443f4eb171234adfba8a80bd4a8c23f
R01789,OTHER,2026-08-31,REGISTERED,320d6c78e415ea92976c8994131ef37f91115ed98736df69a2114358454d0cbf
R01790,OTHER,2026-08-31,REGISTERED,b22a1166866bcb3157bddd2dfca20c31b7ee8724f1422d61d5dea8d461562080
R01791,OTHER,2026-08-31,REGISTERED,526abbb112d013d561e0ef657a4c06fb440b621113253643caf1fb91aff2605f
R01792,OTHER,2026-08-31,REGISTERED,8e78c5babb02abe06de4c52d865f19ab2560a17a42a9823a2ab9dae1628acff5
R01793,OTHER,2026-08-30,REGISTERED,865e38797bd8e48c4613ab6276eb85f081239023bc576f4aa7f06072ec85a4b5
R01794,OTHER,2026-08-31,REGISTERED,08c437790a19d669ee7316ff124abea096bd25c8d04e89aaddfd453210191354
R01795,OTHER,2026-08-31,REGISTERED,39c94242456cd48ca2d7309c85c018cc0fc4fcec5919567f751ba1fdd7710fcb
R01796,OTHER,2026-08-31,REGISTERED,3fee8e7c433c3cdfefbe5235aaa9ffc38a00c808d9b838f1b1d8f0562a452773
R01797,OTHER,2026-08-31,REGISTERED,51cb7ada9dfe460435ccab84aba81b3e88b6516259b8a3b978c68c54a2820dd7
R01798,OTHER,2026-08-31,REGISTERED,d68b1a8326c921f4d8420d2b0f6ad63d827310918c81e3936f26f8989f5753c1
R01799,OTHER,2026-08-31,REGISTERED,0655a228d2719b77c50e64c06b6df6f985bb7c4aeaf95388239e08eed15ead6d
R01800,OTHER,2026-08-31,REGISTERED,5e9be56da3b3aefbc9ab9e3ab6e4a43a58cb87e5bf5b0952402b0cde608d22f7
R01801,OTHER,2026-08-31,REGISTERED,9faf0b796cab367f9bd64542147afab127956c97acc99563e9b6be24b1311e30
R01802,OTHER,2026-08-31,REGISTERED,fb65cc7ef98a300ad84b5e2cb3063338d6b70216ea6549733dcb94d7380045e6
R01803,OTHER,2026-08-31,REGISTERED,611035b0684a8040d878c6c69ba6218ac244a012c95b1e306087e51169ab3432
R01804,OTHER,2026-08-31,REGISTERED,3f7bda6ec5e1365653d1850a63e05f1384a3e4aab63bfec35d153bff7350ce77
R01805,OTHER,2026-08-31,REGISTERED,3a7deb172482efca6f853e24b88d56a930a568a1839f98481a033b4c17336e2f
R01806,OTHER,2026-08-31,REGISTERED,cc57486e4b0efa54af7a35d9727c0a26ce9fc4190333f0550b9dc31c6e91781c
R01807,OTHER,2026-08-31,REGISTERED,007eadfb3116a2b448c254d77dfc161104e8a7bef3725bbbd03aceeedb86106a
R01808,OTHER,2026-08-31,REGISTERED,5f1e66c26fe57b75a90b0b262187865df9f6793ae11b3e17a363c0271d7c87a2
R01809,OTHER,2026-08-31,REGISTERED,e6c6ea0e9514190d9faaa5555180ce9c5652f03721a5c4edcbacd2fa3e8a4a0f
R01810,OTHER,2026-08-30,REGISTERED,cbe91a7e71c9290bd04f8df71ee9e861791c23a4db8522edebf1378d777628da
R01811,OTHER,2026-08-30,REGISTERED,a3a44fa36091ec10dc686a4b10ef1f09778155618c9ccdd46b389dc25ad4861a
R01812,OTHER,2026-08-30,REGISTERED,99522a5907ca7bee83ccf323f480857e7fa64d8b4276cd769c0e62e89e69e230
R01813,OTHER,2026-08-31,REGISTERED,0dd5ad41e3af27a846c4324e384b5c1b157c9f2299b21791019e905699072e10
R01814,OTHER,2026-08-31,REGISTERED,6a564058e8d07c4fd5bead11e0b8893b379922490556a33d04257e3ec566ee32
R01815,OTHER,2026-08-30,REGISTERED,bdca4cde0c4c354f30c4e5df8036355a8b74b555db58ed8164895fa7f161ed10
R01816,OTHER,2026-08-31,REGISTERED,f20c0dfe70d71da98f8cddbada908f19299dc5d62b4c54de3d2c9d969e06e449
R01817,OTHER,2026-08-31,REGISTERED,7bf5eb377796c0d94365945b2dbcd1a9331a3d403195c88df43c62bb424be2fe
R01818,OTHER,2026-08-31,REGISTERED,6bb4b410b112a2cec33a7c4c1f62970026273a9670c94f84b6dc87f5a3f762bb
R01819,OTHER,2026-08-31,REGISTERED,86cce492c288d0725883d29ffaec83aef1464171fc0cd07b0fcb90784030d005
R01820,OTHER,2026-08-31,REGISTERED,ea1fffac7dfdaa0ebab938bb448bf99b05083dc2d11ccef27c4f03346eb5c680
R01821,OTHER,2026-08-31,REGISTERED,56180c238f7f671e71d9adac5be81497a3a06a33ab634d1fa5539c25deadcd5c
R01822,OTHER,2026-08-31,REGISTERED,edb75e0a1750d538c9dde0ea89d3019568a8dfad115b695e1d3a286b1783d1bd
R01823,OTHER,2026-08-31,REGISTERED,5ac25d13cdc91178006d944d72d5868f3b5328f875d335c3682004c2428c51d5
R01824,OTHER,2026-08-31,REGISTERED,99ae557f3b6b3f8745268d625d20fee789e23a9da8f626c86cbcdc9732e43aa2
R01825,OTHER,2026-08-31,REGISTERED,f496dd20d7f05125bac5eb4c754a1fbcd897cef6734eae8831f2a7d42cc7c959
R01826,OTHER,2026-08-30,REGISTERED,9e556edccf7a10932314235e168dc7cf3139203344c2e186fe71d815f7a518c5
R01827,OTHER,2026-08-30,REGISTERED,86129b268fb4e26ab01a4ca4b2b46f2e211f672c8925e3e17fc05995bf6b4468
R01828,OTHER,2026-08-29,REGISTERED,f31a363529014ac13cd55184823de555ead80d2072d4ed52947e92c79e07fc84
R01829,OTHER,2026-08-28,REGISTERED,c42279f953673027b4d776ebbeff74bb0e3613db43ca387ae523cdd128ada16f
R01830,OTHER,2026-08-31,REGISTERED,75ecb2fceb612dd7e881e24236e7f3d1e707117d0085dbb918c990731805a606
R01831,OTHER,2026-08-31,REGISTERED,d4e37e28c8a7960e89326b1feac69ddfa792a8215d31139791aa1b02a0f0f6df
R01832,QA,2026-08-31,REGISTERED,7d7c4c6dba1552ef2e83ace823da353884c943e686790b22d58b17d2ecb7e790
R01833,QA,2026-08-31,REGISTERED,533ecf8345688b5cabf0e6f84c89f46a9f727708302690de73baea189da3e741
R01834,OTHER,2026-08-31,REGISTERED,352b54dc63a1f8b094062cc57d5de918f4927d350699523dd8aa0aa25b1d3324
R01835,OTHER,2026-08-31,REGISTERED,d51fa36d120b844072f3c7397593c7d4ab3410ae8b51dbcfc55412553f3563d1
R01836,OTHER,2026-08-30,REGISTERED,d518b47eb0847ebafdefb0bd11c10d8bf700816188832e18fdaec27e9eac781b
R01837,OTHER,2026-08-30,REGISTERED,f2335f212bfd18e9fb1c81a8f3098a1b30d9e51d9cbc45ed3194c15932f84b28
R01838,OTHER,2026-08-31,REGISTERED,f5fb9d41d1e433b7784f62f07210325a1784a2905ea621feb53afd92f266722f
R01839,OTHER,2026-08-31,REGISTERED,c0055f7780f3b6d841bce1594d7cffc24e67259205496a853682e14ab4a6789b
R01840,OTHER,2026-08-31,REGISTERED,fdced23ec17d11390947ac7a4e2b6a1da8186a8c6cd61515d1543d41d607deef
R01841,OTHER,2026-08-31,REGISTERED,ae6fa576f39fd0057a67c4959a07329ce77bfb47f38619cf2ce91351252997e9
R01842,OTHER,2026-08-28,REGISTERED,e5e3cdb326f4357bdfead4bf392f2df7370d54ad1ce2619b67bd2d3e5383ab1c
R01843,QA,2026-08-28,REGISTERED,f55177205952bec8b6e1e18b279a568bd299de499780178c4192226ad23aee1f
R01844,QA,2026-08-28,REGISTERED,9f8f04761d39646d048ac0178da910efdd7e228d8edde0a62ee5c7aadb632101
R01845,QA,2026-08-28,REGISTERED,db7434ab74dfc589ff0b4e2097fa736df21569aa396eccd5219471c7c2c4f11b
R01846,QA,2026-08-28,REGISTERED,61527bf81de795d708c293b11a24c24d3bf6666435fe4efcd0e6bde734be6963
R01847,QA,2026-08-29,REGISTERED,810e8d854bc6b001405e29d19039013928970e7edbf2109592db2570bafee989
R01848,QA,2026-08-29,REGISTERED,498dbb6513deb044f6d6deeccea80dabd46ca51142b10b3d450cd5514c5dde8f
R01849,OTHER,2026-08-29,REGISTERED,acd0220cfcd6a66f59a0efb930b3c8d4f31c35df5979949172c38be689b721b2
R01850,OTHER,2026-08-29,REGISTERED,0dbdf6ba89daaeb8e050288eec8c5e8361b1394cbd89582dd45f1ed565ee599b
R01851,QA,2026-08-29,REGISTERED,276ce13495dac25c7d0418bd94c4ea0be460ec882e5f860174aa4f92cfd733a7
R01852,QA,2026-08-29,REGISTERED,df0e0918e8eb721044a4f83ba98b57446fdd8817537452ddcebe9c70a47995fa
R01853,QA,2026-08-29,REGISTERED,c6ed5759c56afa434f78e7eb7d17ef6c3c85136095dab9a7306b9ebc11d46973
R01854,QA,2026-08-29,REGISTERED,5968bf3a3940e5c8e0951066f845763696e370d12ab2c0bcbf756cd83cc8200a
R01855,OTHER,2026-08-29,REGISTERED,50dd787ad05c1a3acf3a08247b6966ab3a1342172268b54a85a0c6ac1a8dd1f5
R01856,QA,2026-08-29,REGISTERED,001ed760adf4d240b62146d297aa20caedb204b7e84d6fd28fd96d7a8d34d3f6
R01857,OTHER,2026-08-29,REGISTERED,54380ffc655b8661861228c2dde00fed1dc72c05c8664465f3607553864905af
R01858,OTHER,2026-08-29,REGISTERED,4ddefcd07691467f9b2a3c54134ca8b00211aca78457d304ef810ae3eb2de022
R01859,QA,2026-08-29,REGISTERED,57a0fe0194cafe07aeccc921685f4c10a475820f1b622bac21c4f54207fad1cd
R01860,QA,2026-08-29,REGISTERED,ac0b417ae3baaa5013f1e6859dce2e9c530f8862b3ebd0607be243c24f50ec13
R01861,QA,2026-08-28,REGISTERED,a6ebf7181d214f11d297843b25d8d489b8fab5c480140ee3d1f7757b8948a8cd
R01862,QA,2026-08-28,REGISTERED,76f1d90a4db6aa9b6ba79cdc60139c0b0a2270a9408d8e7f8f3805d87c0cd9a8
R01863,QA,2026-08-29,REGISTERED,5823ce43a632cea0a902876186e0b3f35999f7b3bc1094ae8dd0e3fb50cb7b7d
R01864,QA,2026-08-29,REGISTERED,40aa19949a6f0c910eb2274206af01aec4911a42484c1c1f377e1ba3683a78ed
R01865,QA,2026-08-29,REGISTERED,19cb47b9b4ce6dfc5b9b2de59bff906cd5c65c0d4f0a2ee1e8703802c8146015
R01866,OTHER,2026-08-29,REGISTERED,2efca8ac59435a9c446d761912b851f60b2a422c208d9f97e345c11d5d8a5525
R01867,DELIVERY,2026-08-29,REGISTERED,6d93e4e80908d52c2fb5db80bf28ee7bd49640208823587b0b8a700fe484a5cf
R01868,DELIVERY,2026-08-29,REGISTERED,414848d0d25af358b14b6bba20ad73b2ab7235dcbeecc63e352757dcce62d193
R01869,QA,2026-08-29,REGISTERED,478a4704eecd146a2b1ca5be36cc6f8e0805305ce423bbcbeefa22832e3afdba
R01870,QA,2026-08-29,REGISTERED,f1bf595a9d5c688a889164660408ec42723a6f1ee300ee20968f1a1b2ab6ca17
R01871,OTHER,2026-08-29,REGISTERED,96ac05c1b176b01be156344b690aa6575c7f2a6e8f0cc90128996be2552d0b50
R01872,OTHER,2026-08-29,REGISTERED,6ca9e67cf33d81b63bd298993ee53d0a0d7f4f5c59527f38d4b7226a000b6c64
R01873,OTHER,2026-08-29,REGISTERED,8e7513b1bdc6fea676dc697c6a00d718d1599594743edd58129c4b7e3af77f94
R01874,QA,2026-08-29,REGISTERED,a1461dd7a606bc53e14bda3a4807292b2f54d0f4b68997489e630377fd1b013d
R01875,QA,2026-08-29,REGISTERED,6dcbc23b4bb900b85b30afb378e0d283ce93ba275ce7259fe06feafe8b6c05db
R01876,QA,2026-08-29,REGISTERED,be4af2812c8cd88b5ce4ad6ce3c591ea7e5e586ffb0a11c98e10cd601eb113df
R01877,OTHER,2026-08-29,REGISTERED,816f8b367864961562c041bc737e20c057a9ec9333e202f327d3ee2f46243ad1
R01878,QA,2026-08-28,REGISTERED,d3a8936230fa041abdd8f6bbb4ab87ef77c719bab22cf0db4f118cf6873c2cb5
R01879,QA,2026-08-28,REGISTERED,b7ef6b74ceef680bfaec4b93cab7af63f364c0d0ca40b3b64ee358b348d5f30a
R01880,QA,2026-08-28,REGISTERED,54c6804ae2ccb36872a73ed34e2456bfb53d72ade680c9271eff80ee037a9bf6
R01881,QA,2026-08-29,REGISTERED,44acadee6ea298cf7ea20afbfa487fa16b565ebb21b24a4200e092c0e8acd294
R01882,QA,2026-08-29,REGISTERED,ff2e10233fb69f65c4f697cabb26cb7b2c18eaf978e121ada0c0de2f27d27ec5
R01883,QA,2026-08-28,REGISTERED,81ac7336b831da39d8691e90f65433c52afbe6ba81030a7fae58ba30a87a1e92
R01884,QA,2026-08-28,REGISTERED,928754eb9d735f20153fd58a6ee5ea424d09db375335334c57341da4ced2ae9f
R01885,QA,2026-08-28,REGISTERED,06fef87e5c5c3bcf46121d535980672e0e52ea4ad41c4a2347566635bdc4a0db
R01886,QA,2026-08-28,REGISTERED,29a095360ba6ce2d710ba2342eb04e8e21f1c8452fc7108ad6b58e72d27f3c3b
R01887,DELIVERY,2026-08-29,REGISTERED,d9d82995230ea48658c4ee6cf7a123840481eef784937bbeae6aebdfa96f8a4e
R01888,QA,2026-08-29,REGISTERED,fd3d33394040e050a5f567c0e9f9357e59f37341f27a94565882404e13387cd8
R01889,QA,2026-08-29,REGISTERED,c12492769ae17272e5d45d7c17df2fc817e7c71bc8bde0e1547f382b965b3713
R01890,QA,2026-08-29,REGISTERED,da37f4c79733d937a910ff7f411c3b4183b7a3c21382492cdcc9a15efdf5f32d
R01891,QA,2026-08-29,REGISTERED,8800b47a56731a52e56270cdef2f740a4a933ee918b363c58deccb6209a03973
R01892,QA,2026-08-29,REGISTERED,7bd3450bbf4c30aa0072b3a737eaf40c67d3188e75cff390444ed3a431eecee5
R01893,QA,2026-08-28,REGISTERED,80d514ad6e8bbb106f121fd2d184c8fce744055c6c7dee7fead78b5a44e79508
R01894,QA,2026-08-28,REGISTERED,23c6210f26bb34b886b91f26d9ddc9a43afc5f762e1b7d8793cdcbf50bb0574b
R01895,QA,2026-08-28,REGISTERED,19606b738d5d74731aa2ca000debba6b13a0082a58dfcec7574cf0e8f7940052
R01896,OTHER,2026-08-30,REGISTERED,12ab71eda5d2c122390f3d37b751b99e30185fb91fd034d13c6886f37ea62a82
R01897,OTHER,2026-08-30,REGISTERED,60d860a13857f5a040befd2cb4e3a5c513a0a34fae7b53ffc008694032cb3d00
R01898,QA,2026-08-29,REGISTERED,875ff60314a238bd8c02865ff3ac1bfe398250c2cbc84b49111cb867eb438d6b
R01899,OTHER,2026-08-29,REGISTERED,15cab76b31146e596d818116045a08f2c295689754ae08ef27cab7df5c47fc4b
R01900,QA,2026-08-28,REGISTERED,e80f5900437c27083c920d464b2bd7ec05666113731db6e0dc94a93e45f421d4
R01901,OTHER,2026-08-29,REGISTERED,bd78e22ae1fb8c0a4f3eeb056265831b59148ad9cc7724b19062615403f4a1e8
R01902,QA,2026-08-29,REGISTERED,300d4780c28ca6e38afacc63e15fd8a5f074cb06a1ed056346c826100d66b4c2
R01903,OTHER,2026-08-29,REGISTERED,2058e5b2aab07c100d102eb6fb983de8f53eed1939f9070a4c545d4a171069f4
R01904,OTHER,2026-08-29,REGISTERED,fa91f68d6ad99dfa2db2fae93744ca60c31da154e22346734cddaeaf1520188b
R01905,QA,2026-08-29,REGISTERED,94ee7d7564543c6e463f4dfe976bc3269f66fdd08c8c5b1ad645b4a88b5bc931
R01906,OTHER,2026-08-29,REGISTERED,a57d9462f10a4889419b097ef5f7925b97af97fb4c6cd88cac8f776773840244
R01907,QA,2026-08-29,REGISTERED,f76e42d5e6ab54adf1372e18a9d3f8e8f082d7be5abab2f3772ad300b59ddf05
R01908,OTHER,2026-08-29,REGISTERED,5ccde2fde344419cfa55d3dbde6d38423a6e25f591e9c370a05636f005f7e404
R01909,QA,2026-08-29,REGISTERED,7687af6ee01d95387a7248292528d3f6fb2827154e3e61620b515eef309c7179
R01910,OTHER,2026-08-29,REGISTERED,6373c242b686d57236a3db34fd57ec3110a42e1fea71b7396167cf1a1aaa89b3
R01911,DELIVERY,2026-08-28,REGISTERED,6e50cd63d666558cc610573f011f72bf97d4018b3f973f9612457291d5f6657b
R01912,DELIVERY,2026-08-28,REGISTERED,6dd5837c4f42d789a3441789f98cb2233c7f830b116cf7b42a1dd6e0bfafa92c
R01913,DELIVERY,2026-08-28,REGISTERED,6cb23071d82f5bd25ef002313a6ca068678156353f7aae70ab27a01c8eeabadb
R01914,QA,2026-08-29,REGISTERED,f3bb53bf1521e2c041fa420713f7fe0013774851f99c000a5e613ba27df3ef9a
R01915,OTHER,2026-08-29,REGISTERED,4bf138daf7f143f6e4a469b7c880989e76454f7cef78cdfcabc96b6b6b6600f7
R01916,OTHER,2026-08-31,REGISTERED,73c8b8e6c9c081ed27bbe9c0e16ae45fa14229b37e4a11b940c7532c59fcc25f
R01917,OTHER,2026-09-06,REGISTERED,fd4c9fda9cd3f9ae7c962b0ddf37232294d55580e1aa165aa06129b8549389eb
R01918,OTHER,2026-09-04,REGISTERED,e3b0c44298fc1c149afbf4c8996fb92427ae41e4649b934ca495991b7852b855
R01919,OTHER,2026-08-31,REGISTERED,ee0a5d17675d53df78c00f0f2ec1f47e40729505de357da24e745926be0dc528
R01920,OTHER,2026-09-06,REGISTERED,fd4c9fda9cd3f9ae7c962b0ddf37232294d55580e1aa165aa06129b8549389eb
R01921,OTHER,2026-09-04,REGISTERED,e3b0c44298fc1c149afbf4c8996fb92427ae41e4649b934ca495991b7852b855
R01922,OTHER,2026-08-31,REGISTERED,4d4b835fd99fea9f717da9c2ef01fa012c8a20c4ee5e186e5a32789cdd2e004d
R01923,OTHER,2026-09-06,REGISTERED,fd4c9fda9cd3f9ae7c962b0ddf37232294d55580e1aa165aa06129b8549389eb
R01924,OTHER,2026-09-04,REGISTERED,e3b0c44298fc1c149afbf4c8996fb92427ae41e4649b934ca495991b7852b855
R01925,OTHER,2026-08-31,REGISTERED,2bd6250023cbc064d1e5872c488671fff19877fa01031e182c8eda1182491cc3
R01926,OTHER,2026-09-06,REGISTERED,fd4c9fda9cd3f9ae7c962b0ddf37232294d55580e1aa165aa06129b8549389eb
R01927,OTHER,2026-09-04,REGISTERED,e3b0c44298fc1c149afbf4c8996fb92427ae41e4649b934ca495991b7852b855
R01928,OTHER,2026-08-30,REGISTERED,bc4d94790c86926ceeb9d72e24348344fb5938f7a7d7522e9336ff3c20080142
R01929,QA,2026-08-30,REGISTERED,3b9d7848d72c1159443604c9a2742fcceac3151b0f56b7a4c4003db7b3a9606f
R01930,OTHER,2026-08-30,REGISTERED,9e774e0b0a4de52bdadbe1561d22e0d21b91d9344edc7315870ec5d6eaa81a6a
R01931,QA,2026-08-29,REGISTERED,3037ce27aab91b9cc70bc517bc908e6325fcd92a7fac0a8ae25fd71c66ff3604
R01932,QA,2026-08-28,REGISTERED,3b184818f7b7f215bd685d3166b9c38553c9714a2f3bca7965374879f0b08d13
R01933,QA,2026-08-29,REGISTERED,9efe2bf4b89d5223ee00f727c726edb02489c578c8f463b6ef968fdc113c236e
R01934,QA,2026-08-29,REGISTERED,6e350ec389e727392657b765b0e499114a9d37efed705bd508fdf7bf4b519921
R01935,QA,2026-08-30,REGISTERED,d5afe308b309202871f681f0bdf7d4a8e110f4055c042d7284c4f55bf2518b68
R01936,QA,2026-08-30,REGISTERED,acec250b1eedb0a0b814486c8f573596a2b5c56aefc3b6cb66e4bde0e9f61770
R01937,QA,2026-08-30,REGISTERED,ba6930c14c2e80426c28a452941db2d0426bf4650aaf2f52cc58e43994c02402
R01938,QA,2026-08-30,REGISTERED,e49327df05849b17882fb727db420ecc8afb5d0131cef9893bf837194b8e732a
R01939,QA,2026-08-30,REGISTERED,421aa30897cd7b9ead7f460f1c7c631c5a0e5755a14d5204f0c4e2847383838d
R01940,QA,2026-08-30,REGISTERED,1bc54d2474468e57a7a0b2fd39a4e1f022a43a662f4269e23628e2e6691d8fc7
R01941,QA,2026-09-01,REGISTERED,105d492d7e013bb0ab2a2a0b0769c586ee2678102dc852bc31d51e79be1cd0cc
R01942,QA,2026-09-01,REGISTERED,0f3cc49bbd1025e34b416821bc42bdae52bc64d7e4ab29a0b721c0bb85b607b3
R01943,QA,2026-09-01,REGISTERED,8baa73c61de7eee92e6e0f5f3f7d61fe596c5b4365eaa55ab170693a65f6ee04
R01944,QA,2026-08-30,REGISTERED,0363ab94bb17d57fa5fd0deec26dc779c52bc556682a05864224ac4d2dfa024e
R01945,QA,2026-08-30,REGISTERED,17fddde99f38fdefa6266fe8b418592163bbbd8cf948e6bfa0ef34fd6c9d3c8c
R01946,QA,2026-08-30,REGISTERED,b4b8f3a44ed8aa2dbe7d7ca2908d5a8041ee2010cbd2edfd44a87a4ecd4323f8
R01947,QA,2026-08-30,REGISTERED,407a9abe3fd41e9d96a0d1ea12a897082fd431c409a8cf9e57683d184bc4f19b
R01948,QA,2026-08-31,REGISTERED,bf9196e74a74797f3218a0274274fbb62591af6bceb994039df2f4619a8dd838
R01949,QA,2026-08-31,REGISTERED,633aa85a1372221df8ac78612252aebb738df030c168c5f00a0682c5154dec10
R01950,QA,2026-08-31,REGISTERED,1c7800a01226663264fcf37d68c2f3457f3d89142d9444202124d0272b8e084c
R01951,QA,2026-08-31,REGISTERED,453df6761fc63d7ba7cd86f0ba0caaf51c0a7ce7c0c2e5505649223bca769e43
R01952,QA,2026-08-31,REGISTERED,c31630d5f72faaa0495fa892ca3517459a913feff16764b6db16872b382ba746
R01953,QA,2026-08-31,REGISTERED,b0bcd7d18de5d6db0bdc67bd184c01634c0d3eb7bcba86d65b7cba84d1f3b6cb
R01954,QA,2026-08-31,REGISTERED,7da3cbae8041844ccdf4e5d0ceb5a7afcf58f5d86f32fb38785ce9e9857b87ca
R01955,QA,2026-08-31,REGISTERED,f1713075b0972a2933f17d277ffdb7643271258b3d0414d2b66a74c043e9e1ab
R01956,QA,2026-08-31,REGISTERED,c4b66156b33d814cfa29df8dcda16dc4397f20c880673c907639e40d751e34c9
R01957,QA,2026-08-31,REGISTERED,72eab19f9cc7a87a234163317b039244dd4dd4e44e9dd4233a63b1f483ed748c
R01958,QA,2026-08-31,REGISTERED,f39f7ca230329ed016ee17f01aeb2ebb5eeb28bc25c5469ffba8a57c6826b601
R01959,QA,2026-08-31,REGISTERED,419dc3472be6ed6f7d0c48185bf3272babe7c0c2d09a38e0482331a24d360f86
R01960,QA,2026-08-31,REGISTERED,a4fc8d330e719ff61a28d1c4d1278c67c33a3aecb21e7259e61a769e727a815e
R01961,QA,2026-08-31,REGISTERED,db7e5e0f0d9de0c6b8ad03ee4edb06e196d49bf268cfa023c4decadbc5c88ab1
R01962,QA,2026-08-31,REGISTERED,4e7eced75784feb38cb94b618678e5de88efcd046f94594f4551e46f949db4fe
R01963,QA,2026-08-31,REGISTERED,c1d1fd1671fb821b10eb8a3f68da5dff78844bce2c6bb29458d10a8cfad065fd
R01964,QA,2026-08-31,REGISTERED,7f96d368525243443eed636640e1f967f9ea567674bf3a9e0d59f1ee9920a3af
R01965,QA,2026-08-31,REGISTERED,9ff6a9292501dce71480025c0e1815c5444c4fdaa314e81cb16af219a4fe9042
R01966,QA,2026-08-31,REGISTERED,e1f31bbd20d25e3f31951036e66b96342c20bc67220a2ae662d6dcc3fe61460a
R01967,QA,2026-08-31,REGISTERED,0a31ae932711be6bb331af226a9a9d2f72bd6b792a63eb016193830a71b66b08
R01968,QA,2026-08-31,REGISTERED,5db6ee2d6c1f8d2ff42038648cbd57bfe52d675d9bf30edb41931e0870eeb856
R01969,QA,2026-08-31,REGISTERED,f686972ace3e844351391d14201528c1374e30267e24c059397af9e5ef566746
R01970,QA,2026-08-30,REGISTERED,d8f8cdca3f0d409597bf5813b1bc6a4538788ef942abeea74b92a7d9f3b177bd
R01971,QA,2026-08-30,REGISTERED,2a1b7314a055998ab476cc7bf2534f354bc6362db0155595eb11a210d9c1cab1
R01972,QA,2026-08-30,REGISTERED,13cd76f37921a27161b5eedac2c39fe378400e57dd4a33357b747d9b47291d6c
R01973,QA,2026-08-30,REGISTERED,99879dff5f8ec9191a782fe4095df997876f6d497f933891ad6918735f54a5c1
R01974,QA,2026-08-30,REGISTERED,140dc730f002bddf22c4c9842b708f1883a1682327d0061a41ce9dc4027134a6
R01975,QA,2026-08-30,REGISTERED,806564ee12cc018e0ccafe618c8c896ed4f71f5095e22b422beb8bf8e03d54ac
R01976,QA,2026-08-30,REGISTERED,e8ca4612a93fdb9a4df669c62e7c180d29288be4f6609ad24a4e7f1361691d85
R01977,QA,2026-08-30,REGISTERED,6a60b274af8e3ac5defbf94ec4f95847d285a59ce5bdee30d60fd1496e247303
R01978,QA,2026-09-01,REGISTERED,26160d088df26447533a8b3fab06826e9e12a2fcf5c997654af82f36e3b45dd0
R01979,QA,2026-09-01,REGISTERED,3490c44520f2055cf646baf000644d12ffd945f5003d8455a7f8672125549804
R01980,QA,2026-08-30,REGISTERED,45154cc32f19afb2eaf6c5eb94f2da006733fae7e0e47b59b0459af92d3c5ed0
R01981,QA,2026-08-30,REGISTERED,b52347149e05b9cedaf3a3145202831336704b784d17834698dd9b3a77e5035b
R01982,QA,2026-08-30,REGISTERED,05591cbb4cebcc4e7218e82bc4a894ddae740a0b9250f7e45bf7c9c8c86abe19
R01983,QA,2026-08-30,REGISTERED,b078585f9edd77409d5f73eb25ba3306a0dea60e53a22e6b90dc6db9e924cca9
R01984,QA,2026-09-01,REGISTERED,350c243b0f742254abea82b163043abe9d9862e8ca643c03783722381f4ffdea
R01985,QA,2026-09-01,REGISTERED,859d97bfcb2d8b15fa9094fad50056eed2f5b09f88c5fba78a0751e26e093802
R01986,QA,2026-08-30,REGISTERED,cce97e662560090f4b343c9035297a947eb013e1b2ca2f3fc515cb91c812e9de
R01987,QA,2026-08-30,REGISTERED,ea3603a73df71e0d51dd39ed09f2f9c8d1d3fc56940281e2a4a25b330c9af0c2
R01988,QA,2026-08-30,REGISTERED,bd3d353b0e5c907d394404fac88dd0ce70ddb88c0b29e9abed60a1b98584a2e4
R01989,QA,2026-08-30,REGISTERED,ac8fc3b36887480f6b942d67d4a9b520867c0539a48066e752ea282a0d759fc6
R01990,QA,2026-08-30,REGISTERED,5d7c12b57e27489c4d5c4272748a86da5c5cf92e6752f3b0e6870ae33956fdc1
R01991,QA,2026-08-30,REGISTERED,1dd1ccc6e4ebd630dd75928bb9c3ade0757d94309c72e5fb8a1275ece25d8e97
R01992,QA,2026-09-01,REGISTERED,930a87f5158828919f0e400ce77913b2cfe33125869f30eff7494158d2a0379e
R01993,QA,2026-09-01,REGISTERED,0b43a9c320fe9d1d843a46ceb6763e376c6b30422d82fbe1b2fea14fdfa07d65
R01994,QA,2026-09-01,REGISTERED,e8cf3468d5ebaa0b2bbd18c8fae0e496bf295d01110beef8bc0c78b82adc9d16
R01995,QA,2026-09-01,REGISTERED,c55d0957962320198d933d5280c62f39a9769519a105efa2ffe8eeef515b5744
R01996,QA,2026-09-01,REGISTERED,3b0253178ba17642c68d637c4666472e70e1231ff7dd191277723e84ffeddeb4
R01997,QA,2026-09-01,REGISTERED,e56911ac896e8a563baa90f1f33a639b63b5b7c046f02c958c4a895537aea791
R01998,QA,2026-08-31,REGISTERED,8d478680fe1a9bbc89358b93b8406c7fa11b13d3721a3554bc9e8dfd04883c02
R01999,QA,2026-08-31,REGISTERED,61d270b3944821a985de3e893c3c9c3b08053f03ad5e151113e6087b00f45acc
R02000,QA,2026-08-31,REGISTERED,abea89587710b66dd19bbc4315bdc1e6cf1958ca831541df2b8afa94e61540a9
R02001,QA,2026-08-31,REGISTERED,3a39379b7892a29228c4581e80a6a5df28778772f539a50097ab8dec63cec7a5
R02002,QA,2026-08-31,REGISTERED,e83b2a9d407e961817267a696b6cd7e219a20bdec0071cfcafb2e1c7056d204d
R02003,QA,2026-08-31,REGISTERED,7cbb9f7579ff300245fbe3d280e94cb27565012d547e105cf3ddef49e86c8bc4
R02004,QA,2026-08-30,REGISTERED,0bbf4abdf7bc899290e12f11cc4c9b82dc99efb8bf2ffbcfb7cb53a8b99af3b1
R02005,QA,2026-08-30,REGISTERED,a78e0573da62e8528670fa69025de123e2e9c9a6d529faf9c2807b4fa569bdda
R02006,QA,2026-08-30,REGISTERED,ccc2be02d9818b6ef252aad0d95a7550b23ceeb5d540fa19ebdac29409ca9300
R02007,QA,2026-08-30,REGISTERED,18aa42493cc124af2642d7f95dca49769eef3a39599452d4e479e56306e25292
R02008,OTHER,2026-08-31,REGISTERED,7886efae79c82c010cb50364ae7a6e068f5cd8fa1964b5bdf4590faecec5f395
R02009,OTHER,2026-08-31,REGISTERED,84b50c9d0f10deb46adf34880d15342ba0b2121a0a982f0acde65733b351b1c3
R02010,OTHER,2026-08-31,REGISTERED,9ed8ff14597064e927a106277b78cfbb661ac463a5208eada72509d7e90d4e94
R02011,OTHER,2026-08-31,REGISTERED,7d3df89d010954c6d21de19fa6de75aff30ca464c7c96f83bc9de6096b304c60
R02012,OTHER,2026-08-31,REGISTERED,9bfcd32b1fac187005cf198e1343a1dc3287e00796a901978b73e2c74c21a8a2
R02013,OTHER,2026-08-31,REGISTERED,57bb43a7b0e4c8edc378d369a73d76a676efddc2c605022644126860a1941093
R02014,OTHER,2026-08-31,REGISTERED,b83774bdc005cfc21e988583745f0d98c79ba998971522bb9671582bad09bdda
R02015,OTHER,2026-08-31,REGISTERED,085783c475d048118dec4d2bcdd4385e722169b2de52fd349c6ed8640272e956
R02016,OTHER,2026-08-31,REGISTERED,7982e90cf3874f893e7acecf1038a8beedebc3bb4b17792f889511d9689164c2
R02017,OTHER,2026-08-31,REGISTERED,66ee664cdf58eaaa5d894e6478a9fe9dae44c66b8ce1d46fb731486df94eb6c2
R02018,DELIVERY,2026-09-01,REGISTERED,be60b22cdfa3452981a4728965cbde570c7a5b026c3520be365ef1ec3aa25f8f
R02019,DELIVERY,2026-09-01,REGISTERED,40cc5cad6a3a1906c53f9b5e47a46abaa1796027f39fe21476d51f3f56630de9
R02020,DELIVERY,2026-09-01,REGISTERED,ce5289431367698ba48b9b4ef63fb53f5c487a92784100339559fb3ac7225875
R02021,DELIVERY,2026-09-01,REGISTERED,bd93b123d6e7f3954091710978a7798f741c29109c098258fcff2a75050a5db1
R02022,DELIVERY,2026-09-01,REGISTERED,33f1426c09f1f6f1333924899528556e426bb55031cb7e2b7a0b3512e63d5211
R02023,DELIVERY,2026-09-01,REGISTERED,6b6f7c5d3c4f7b416cd871bd0a64109a22cfa6098456d0d406281dedebf771e9
R02024,DELIVERY,2026-08-31,REGISTERED,a5f072dae6d29f545610b801f237a5a2af22eb67f968a6f14264192ed6514b2e
R02025,DELIVERY,2026-08-31,REGISTERED,edf8f743c0c1e48ee2bd6dbd5c28441a29efd53574b85cbd8254f4fc3c1f8880
R02026,DELIVERY,2026-08-31,REGISTERED,2a8d1a0eeb5edb65eeecaf0d8ec69c1b4b919d6800c0bb5de7458c4901adff22
R02027,DELIVERY,2026-08-31,REGISTERED,8ee3091669628e09af88699050eeed43d659f1aaf263e1767882019cf6589116
R02028,DELIVERY,2026-08-31,REGISTERED,76dd70a609588df4b1c9c6ea0aad6ddcc8959e2ba03d1b3d47ab123ac5f2f59a
R02029,DELIVERY,2026-08-31,REGISTERED,edf8a07ecac8b0cc239b448c713404b8ec33fc5b2ed9f675d86f568ff28661db
R02030,DELIVERY,2026-09-01,REGISTERED,a7d2b8ac04f70693efa1ba00089ec920379e0d772ec0ecb79529d85b689c9479
R02031,DELIVERY,2026-09-01,REGISTERED,cb3880be3ef6d5c7d6e9d800b45382d7b2893401c6a2ae1a943b45e13fa0548b
R02032,DELIVERY,2026-09-01,REGISTERED,c34db25b3522e4912e2636df3dc5770c414ad81ccbdef72900317fbefe783bfd
R02033,DELIVERY,2026-09-01,REGISTERED,544dbaef7adcce80233326b504cf5e8262839f358b3f7d1f19797523857b084e
R02034,DELIVERY,2026-08-31,REGISTERED,7d0e88a589cd999d19c912913a6bbfdde04f307ff2941da97148c16fd7e28092
R02035,DELIVERY,2026-08-31,REGISTERED,a5105d2058ea7ce9d9a276e7035190d51b038bef171ebc5246ce67048da8358f
R02036,DELIVERY,2026-09-01,REGISTERED,a369fff6d6c04e6669907cf29d503219be3f2ee5fcf81d0a54cfbf0571e6293b
R02037,DELIVERY,2026-09-01,REGISTERED,ac77c90896f639262f6baea039c9914b48c505405dcef41a48dce2a183cb40c0
R02038,DELIVERY,2026-09-01,REGISTERED,e5049f8170d440924fba1ef0e378bee15390edd45ba4dc0a1a2f9233364ad15e
R02039,DELIVERY,2026-09-01,REGISTERED,2a445438daabaff073c76d5d172b5dd33785daca4407240bc7b9590f8219df48
R02040,DELIVERY,2026-09-01,REGISTERED,2245bc3d71e3d0c8b2d5234d945a6153b7feaa651b53a66bfd2f1d0d719b84dd
R02041,DELIVERY,2026-09-01,REGISTERED,97981cf20bedbdef78217aa677ff024da61db2c3c3ff03361a04d421ddc78636
R02042,DELIVERY,2026-09-01,REGISTERED,b6bab721d89cfb14d7e882be1e039781174ce7a7f9d9d90b7b1600e291e15e0a
R02043,DELIVERY,2026-09-01,REGISTERED,18f64cfb6b246dbf931ad33cbee924a4677c0cbed0bec8be1495b1119a7f4b60
R02044,DELIVERY,2026-09-01,REGISTERED,121c5f59572dc528a23a9176b9bc423b8784af97cdd3541cb1e214c675b6f244
R02045,DELIVERY,2026-09-01,REGISTERED,942e2271c25ba297cfb65e1af403dda57d806de6cffcfe468803eae07d522783
R02046,DELIVERY,2026-08-31,REGISTERED,61c1706f7414a06fddbaa9c8bff05d197ce124a71ea6b9a68eb0efcfc9d1188e
R02047,DELIVERY,2026-08-31,REGISTERED,900764f758d45edecadf914d145282195b909a2cb00a32df3cf7f1cbe9d01bfd
R02048,DELIVERY,2026-08-31,REGISTERED,e5d9ece996df648b0377f1ec86fa4599bb4c99fc164217eaca495224c6db2e1e
R02049,DELIVERY,2026-08-31,REGISTERED,858c5ad3f238f599dbb1660b85c71e7a94a45cd6836fd3f10deb82698246f589
R02050,DELIVERY,2026-08-31,REGISTERED,8158191fff7ab2a7a6b58308edd308611aa46efd45607bf48bf93db078f2e9ed
R02051,DELIVERY,2026-08-31,REGISTERED,7490cac0aebcd2a46e2c1b6522e90561bbbd02f399122a3e890d95414af80168
R02052,DELIVERY,2026-09-01,REGISTERED,6939d13a0f24a58e3fba889dcd285bbe2fd82ddd2b49c961f3e97ae44dea659d
R02053,DELIVERY,2026-09-01,REGISTERED,a1fafce2e5cd66adec733faa90dcf7fca01f1f1fbcd4e99a8c9b7036e83556cc
R02054,DELIVERY,2026-08-31,REGISTERED,d1cff46eb864adddb2954a0ebecc8c6cbd3f90d7323c824a935b7a570eb6cbaf
R02055,DELIVERY,2026-08-31,REGISTERED,fe6c3f8fe5f0ed2949a50dbfbbd2fffefce1ae5bbea0750b45e6d892d09beee1
R02056,DELIVERY,2026-09-01,REGISTERED,9f42a1f0f570086faaf35e9b8a1f68d7deaf449993d37e562bb05a1b98d4b0c7
R02057,DELIVERY,2026-09-01,REGISTERED,d44e40434b56fa7b21294f1f7249e15c08c0f98d6e50436b8860461a50fb8cb9
R02058,DELIVERY,2026-08-31,REGISTERED,e480947de70d7aee878c1eaa944140e454c1a8cb670974fb79393757075c0bc9
R02059,DELIVERY,2026-08-31,REGISTERED,9873f863486b935fd4d1994eb5e5d1a408c2c060679ad796568a54a64b41553f
R02060,DELIVERY,2026-08-31,REGISTERED,ddfd5505965f35b75931cf3647c0916155288b153dfad947ef97cae0110314b3
R02061,DELIVERY,2026-08-31,REGISTERED,4dc7ff3656b878fd29cd1277b4196465866478a1d8a8934314ebd0b8ed0e1176
R02062,DELIVERY,2026-09-01,REGISTERED,a4d05f51eb839a7eeb069910c13d8c578d3c656661eee3d9afb6d0db9c86dd98
R02063,DELIVERY,2026-09-01,REGISTERED,f7f5b7d946e190d9a1a16bccec8918344132c87a8d1b4740f93a031eb162ab8d
R02064,DELIVERY,2026-09-01,REGISTERED,9f6eeffd62cae108ac9e493250de7ae6ab0d626088b4971e0cfbad1ee155e6ba
R02065,DELIVERY,2026-09-01,REGISTERED,2f413ca9492a69f93dcfea09980071f8a3358c3733bb4120a7756584f0f48639
R02066,DELIVERY,2026-09-01,REGISTERED,e7412cc11651ef1c314ff9e7140ff5746e66625eea799882ee4171eb68052be6
R02067,DELIVERY,2026-09-01,REGISTERED,5804e43d94c0707b1a9d9422e46bf42113d9dcbca32e076415bb526936353213
R02068,QA,2026-08-31,REGISTERED,76946aa4a6adfa290a6840b05617ac9bb16cc7d0cc3090b6e506fcde0cc8f645
R02069,QA,2026-08-31,REGISTERED,3ec1438116acf1d0985f6736851507e5b4f2aaf196af694039cc2e3032e22c8f
R02070,OTHER,2026-09-01,REGISTERED,26389018965efa3e38ae2f073b612302b89591faa79153aee15567558dd09cd0
R02071,OTHER,2026-09-01,REGISTERED,e6e47c5d1b1a2c5022b8a272ae3169a800b64304411abe04af7072e64e30c2f6
R02072,OTHER,2026-09-01,REGISTERED,dd464556a8e3f8c31af7d93ceb2dcf658c0336d577bae4f992d9c923571d18c5
R02073,OTHER,2026-09-01,REGISTERED,94e537d25d610c84a0d238cff1e2082532b75831756a0b3827882d69c20d8cf3
R02074,QA,2026-08-31,REGISTERED,5d43fbb51bcb49b0ffc6c95d4bcf3178d60805cf31da82967c8ea1bb55d381e1
R02075,QA,2026-08-31,REGISTERED,e819ab1940054000f89e1aacd00b905855699a8d8841e597f3102b74d69d2398
R02076,QA,2026-08-31,REGISTERED,fcc4aa93355adf3a7047c4f7de832a93e2a55dba46679576db24030406680c01
R02077,QA,2026-08-31,REGISTERED,75108d5694dd3ae0225b489a4cf4468a86acb547b99e73fe7a722b7228d61a95
R02078,OTHER,2026-09-01,REGISTERED,289a60a33f59d18cbde749f22435353364c0552367472fde49b07118d5a1f54d
R02079,OTHER,2026-09-01,REGISTERED,4bae6942e7d6bc1cca7b9c37effd1677f9e4b65ae2fc9e32239ae6fe58757b46
R02080,OTHER,2026-08-31,REGISTERED,9298257f7d9c60dccf6adf428351a22070041e4ab0b99ecc01d4d861e3f3c8df
R02081,QA,2026-08-28,REGISTERED,f5e81880f9023c06f9289d435cf7f19886b383f9a5d4eade8c293702e2d5cd16
R02082,DELIVERY,2026-08-28,REGISTERED,00fd27c159ac218132e73f7eee95a25079a9abcd0b865e15cf2b006cf64428e4
R02083,DELIVERY,2026-08-28,REGISTERED,5bc8e9d2abad4562c86b898da7b506acc9a66acca4bcd5f17386ad38aca0c4c0
R02084,QA,2026-08-28,REGISTERED,a5ed114cd58993d3cae71a1e3390a3e3c979c3a2a993f32e1a94144576418454
R02085,OTHER,2026-08-28,REGISTERED,3a497dc9334bd4b229389a2d95b4ac59b8168718223af355a6c6d4a6d1eab79b
R02086,OTHER,2026-08-28,REGISTERED,bd431ae34b561586c859f934b56ee658187f2f410442059e711120b31cae4518
R02087,QA,2026-08-28,REGISTERED,ed61d30c17bd61c7598151aab50f0e0b16d6a7e89f3a135e60bfc4613ea24351
R02088,QA,2026-08-28,REGISTERED,bc7d7ba56106e39eb596fe09e8f6e58131f7ddd4238ae32053a3ed54cd5b3844
R02089,OTHER,2026-08-28,REGISTERED,addea2bdd18bc116dd7fcf76e1084d7fa48eefff4f7d1792dc5fec7875ec1d4d
R02090,QA,2026-08-29,REGISTERED,19d421643e1c8bd4079b38231591ee59d203e9fcdfa5b9fe2d8c1ff671f95d77
R02091,QA,2026-08-29,REGISTERED,069e3050a49f3ff6179a648be2bbc0ac22b08f83f2871bea695c910bb7a696c4
R02092,QA,2026-08-29,REGISTERED,3b541caa4f09f18ec880763c7102b5c228dbe453a0502305b278e5f6e9d5dd3e
R02093,QA,2026-08-28,REGISTERED,7b25702b5587b1eb044d3c0ae1426a57af317e838f668cd340d7f1c434c3a1fc
R02094,QA,2026-08-28,REGISTERED,59986f3b6ebaeb37455772bbd345fd382f4cc51b79450f7aa34c844c559871cc
R02095,QA,2026-08-28,REGISTERED,64ef2dd5a5c60b0a6f47d8ac186c9a5deb920e59c66c24f603ebfc8cdf2d510b
R02096,QA,2026-08-29,REGISTERED,63089a4a197b84a13870b4d62da1326d6ab0d2e5584fd947fb1d6766a262a541
R02097,QA,2026-08-29,REGISTERED,6a0e9ac998e23e67da2349c8df95c65d36fd4a5b23f6e4968ce80561250840ff
R02098,QA,2026-08-29,REGISTERED,4e731e5a805967ae22f96d0bb7871cd44fe5f6c3b16f31bdb1b542ac760ed796
R02099,QA,2026-08-28,REGISTERED,06a2b0b7200ad7e042eaaad1974c2e467921fb2d97bdb42f3282854276377633
R02100,QA,2026-08-28,REGISTERED,1bd6ae1921013f4bc2673d81d080230dbb7b65ca6daaee5be95c5e788cc462ed
R02101,OTHER,2026-08-29,REGISTERED,4a9b265a18332c9dc01448d4c3a762779c4564b8940139eb99dcb5b665a60636
R02102,QA,2026-08-29,REGISTERED,4f2056ab7858d9514157b3a8b28b7011080a51d95f4f9f77e4a1c33df85b2ae2
R02103,OTHER,2026-09-01,REGISTERED,5632beec8aa0bf90da29ec585731203667db9fba5582c1dff71f0edbd2fda667
R02104,OTHER,2026-08-31,REGISTERED,3bd0601293167057f3101ebbce6e0bbe9240dc047a96ab0504431acc15f1e2e2
R02105,OTHER,2026-08-31,REGISTERED,1eff68b240d0bfbf13c8a69e226d56c46f1b96e37ea445c2bbc3e82a3e1c854c
R02106,OTHER,2026-08-31,REGISTERED,996057e9a36dc3d8daa49733bfb9ddd82ea5b831eebe5d8fb9e7008d22b73fd0
R02107,OTHER,2026-08-31,REGISTERED,de568e8e61a14dc05ebcd3538576475b525ae4887e0e6df2713b12673e988844
R02108,OTHER,2026-08-31,REGISTERED,459c734f70fe1b1c2a7076e082b49b20fc25936034552b1171d16138ebbe4fa0
R02109,OTHER,2026-08-31,REGISTERED,159f598e101980a489927baf60682e3d52ea68a54c8372ea00a1c32e4049bbca
R02110,OTHER,2026-09-01,REGISTERED,159f598e101980a489927baf60682e3d52ea68a54c8372ea00a1c32e4049bbca
R02111,OTHER,2026-09-01,REGISTERED,159f598e101980a489927baf60682e3d52ea68a54c8372ea00a1c32e4049bbca
R02112,OTHER,2026-08-31,REGISTERED,159f598e101980a489927baf60682e3d52ea68a54c8372ea00a1c32e4049bbca
R02113,OTHER,2026-09-01,REGISTERED,159f598e101980a489927baf60682e3d52ea68a54c8372ea00a1c32e4049bbca
R02114,OTHER,2026-09-01,REGISTERED,159f598e101980a489927baf60682e3d52ea68a54c8372ea00a1c32e4049bbca
R02115,OTHER,2026-08-29,REGISTERED,c2b807143efd19d358eb7e414c252dd51edc1cf16e61a4f1f9fc98274dd39037
R02116,QA,2026-08-28,REGISTERED,be81cfd28ca0d384ca49cf5513462bb109c3e4719c2110723e8443495da83da5
R02117,QA,2026-08-28,REGISTERED,216f90def48858e616b662752cc859789d092aa45497444deeb279054d862cae
R02118,QA,2026-08-29,REGISTERED,cb71a25a051caec68f0dff297aefeff67f8175de79492fc363fed7f605de870f
R02119,QA,2026-08-29,REGISTERED,4ed74914972b78b80455646889ce309c2c550f8e8db66e6dc7937f5b5fd81446
R02120,OTHER,2026-08-29,REGISTERED,d45678ebb6fa7fbddf4e8463e8b1bb8eb5dd02494f9da9b369edb5c042b37f1c
R02121,QA,2026-08-30,REGISTERED,1d67bd120a3f8d08b2c9ff98cdcb02593f8f29606d3a3155c06c74d88c683dc1
R02122,QA,2026-08-30,REGISTERED,54355b3a4cb61f871d24801fd43e8afff28c7e11d8ea2908965afe6fbe603d3e
R02123,QA,2026-08-30,REGISTERED,b82e906fd6b9bdf9584f01df747c9006d44707ef3c1386c0148b5a613cdf79b5
R02124,OTHER,2026-08-29,REGISTERED,1d987c039dd532f79f9854a03f1f1eafbdd24019589418aa6e01e2a462dcf98b
R02125,QA,2026-08-29,REGISTERED,d82884b19abb8475ab97d38d19c6bd692b9722e29a95ca45f1016621abf970d1
R02126,OTHER,2026-08-29,REGISTERED,385f2670e05e7d67d16a137879175414e373aa0ebf4f8cec793c2e848fef3346
R02127,QA,2026-08-28,REGISTERED,ed17059d496e2f6e21af43f8ed78852391308aca71d26e61b57893238001b1d0
R02128,QA,2026-08-28,REGISTERED,1c265ec6038f65bae45e48a6488d2da1288660ba7d0f8879514043916f219695
R02129,QA,2026-08-28,REGISTERED,9fd3a529323d7777e94d8a101e1ea26073b36ea14e03a469cb7e8e98c1f1e6ab
R02130,QA,2026-08-28,REGISTERED,a9e0d767dd46168923a6617738e34d9c85d3b922a408b0bac1476d9baf70bd20
R02131,QA,2026-08-28,REGISTERED,6294fa81beb06f006df4d7a705696710ebcebd8eb8cb040cac36bcd74559ac29
R02132,QA,2026-08-28,REGISTERED,997a3d55a70dccae8ff1e66aa14bb0b837c6c847855842a36b37f5df328796bc
R02133,OTHER,2026-08-28,REGISTERED,80ed4b5a4c3a8f5aa77c8cfc09c5b2194563371cac0a6f3bd6ed82a6aaff9242
R02134,QA,2026-08-28,REGISTERED,f15ac2342780e75c273444249c267d032d83b26c098a0114929268a5bd3ec70d
R02135,QA,2026-08-29,REGISTERED,1eaada5bb4517b245cb200d8f33feefa19900d8ac7145d308dfdb57dcfde4e12
R02136,QA,2026-08-29,REGISTERED,0658bf056a9eca0e94c3e028af4be4d2b7ef281ebc94b5296729f43e829c03a2
R02137,QA,2026-08-29,REGISTERED,c33d8b8e7d4b7d2ef9ce8fbe1af93b577c756d05a6e779b006f5e26d9b50b3b2
R02138,OTHER,2026-08-29,REGISTERED,4ff4f45cad1b4b8b561ab83f0613d3fddad12d52318c7eaefa48ef8592bdf5ab
R02139,QA,2026-08-29,REGISTERED,0c025e4e945b3b4a2f72a2cf75d14f6e483ec8b4b6838963849d29e867c8ac7e
R02140,OTHER,2026-08-29,REGISTERED,b7bdcb9fe67a1ca3bef07d04fa0b5b39c22b25b98033a01e7b42aae67b8c9e61
R02141,DELIVERY,2026-08-29,REGISTERED,d1ea6d027cd08db95ea508568a7cebc22bddd4a661132d9a0208006d6aa39ade
R02142,DELIVERY,2026-08-29,REGISTERED,3a54d6fb266e1ecb6d463d48d817b55c5e61307f92893ac028ce24b633b444a0
R02143,DELIVERY,2026-08-29,REGISTERED,6acd1cc90acc888f9d133dfd56ad201af8456cb8b3edc70c60defacd3b482d67
R02144,OTHER,2026-09-01,REGISTERED,820b9433207c5138d402c17488034386d8dc8a07710347374f657470a42e85f0
R02145,OTHER,2026-09-01,REGISTERED,63528f34a12b96887f25fb3098e6aa011d8dd9bb89ae3cf0487325534ba01e2b
R02146,OTHER,2026-09-01,REGISTERED,20c5d7654ba0ccee412d468f4dca8a1600cd747055a54c0b66fb951eca7d8798
R02147,OTHER,2026-09-01,REGISTERED,8e6c74906f0bc1e2a4eee066937ff91678db0b10de2957f0f7d1801d02195b4c
R02148,OTHER,2026-09-01,REGISTERED,078214663a73b79de8d0662d362d0b5a2f758ab4d31ad2e11c4769d9e6bfbade
R02149,OTHER,2026-09-01,REGISTERED,021511fdbc73c06d470d6dcaa5eef36edd05b4fdd5f573092655ff79a7fa3c7b
R02150,OTHER,2026-09-01,REGISTERED,abdfbffecbe18ed94df9829819e596ee285b52a94aa108514452a9121721c789
R02151,OTHER,2026-09-01,REGISTERED,1380d50363c72017ca1972028d5bd7b6adfb3aa8ee1e99cbe7bbd9c681d63086
R02152,OTHER,2026-09-01,REGISTERED,61162a39e463aee778437a3f864bd0dc7ea9d3bede084660737f89a5f6504dba
R02153,OTHER,2026-09-01,REGISTERED,c0e3959ac08f1c9966b481d6f57be2149a87ae4cdd191701bfa5754f17cc97a6
R02154,OTHER,2026-09-01,REGISTERED,16f64df7989557a962926f914429a5d8f61541eee010145cf65702f4b34bf42e
R02155,OTHER,2026-09-01,REGISTERED,2fdd59f89601c5255a7155e3004ccba0d78751027ac3cfa33b81eda0e7ec681e
R02156,OTHER,2026-09-01,REGISTERED,b4df16de156af86e8e96a7ddad1afba121c6f57d63ad5429da16bdea3e647eab
R02157,OTHER,2026-09-01,REGISTERED,fb0d1c705dc0f30575ab89f852e4431db448211e954329886f6e11407e2d0d0e
R02158,OTHER,2026-09-01,REGISTERED,64f3b5938efaa77f95d2aed9cd2ce3cc85d54b9fc8361161d6436c7372f7ca04
R02159,OTHER,2026-09-01,REGISTERED,1e94c145d9cbdb6a4bd85b5378237b329fa6c09d9cf55b18eb2d12855709c98f
R02160,OTHER,2026-09-01,REGISTERED,3f9393c90a534807c77de5facce842487e4c400eb50de3a76e3f9e2e37825cc7
R02161,OTHER,2026-09-01,REGISTERED,03f77886096df58c6beec50c8ec3bb2c9c711e3a8111a6068335ffd103357f3f
R02162,OTHER,2026-09-01,REGISTERED,be3be9f923e605639b13860a67e6e089390c4355686153f511c460d7ed8c28cc
R02163,OTHER,2026-09-01,REGISTERED,f6247b98222539ba3e326fb9c71464036d7e4520e5d83c7230ef66a0eab2dca5
R02164,OTHER,2026-08-30,REGISTERED,da339268d74b82ffd0adddc8131696d83639a85dda7d542f25ae4dee6419e389
R02165,OTHER,2026-08-30,REGISTERED,312e24894e602b319083688544ff9f953a47981ce5f417490e62a9d3fe32bae6
R02166,OTHER,2026-08-28,REGISTERED,7c3d5f4b730e63c6e186e122751ca450a28cb0315a34983f977eb8cd08dc18ca
R02167,OTHER,2026-08-28,REGISTERED,d7335845b01c6c30249cf165465b320da07bbd95e6021453fb52d77f512833f6
R02168,OTHER,2026-08-28,REGISTERED,e5a7362e1c69cf939e693918f2ac31abb32a11cae78589a3468013465954b8df
R02169,OTHER,2026-08-28,REGISTERED,f66a0ac688614a1d93f20dee48df249f3c6c2e7eda974502dd9659bb52a1063e
R02170,OTHER,2026-08-28,REGISTERED,8e32bcca2e13e8f1788a9cfcc1a8560829ff98438b1fea2552be78b29b2af42f
R02171,OTHER,2026-08-28,REGISTERED,0bad29f40d502ecaa974419ad079560387256eee9ad3b76ee3ab40995cf4583d
R02172,OTHER,2026-08-28,REGISTERED,943ed495a3ee67b46597e8fa378010ef5d350b53be9f972023009ae0119f2e14
R02173,OTHER,2026-08-28,REGISTERED,2144c39347bd31ddfbc3ee7554b2996d459d08d1caf2bd83e09653ea77d40356
R02174,OTHER,2026-08-28,REGISTERED,8424bc9189367a589e8cf6df994a4fbdcd03fa834ec73dda293c37f9d674dfa4
R02175,OTHER,2026-08-28,REGISTERED,69c67fb5fac112f1f9784f55b683ff877f82b14a444a6cec3dc61a1b1f1eb731
R02176,OTHER,2026-08-28,REGISTERED,8c640ad7ffadbd0346a960104aba73cea63cf54c266d8ac32e69850bda20923d
R02177,OTHER,2026-08-28,REGISTERED,e8ef8eb4a7ac2ee9323eb9142a397c2a6a5b0eb8060e78f2fc1e340081b58306
R02178,OTHER,2026-08-28,REGISTERED,d3f615d2597146e94dcb1431a33caadfe188ba58103d6ef4a6d6591360c2404c
R02179,OTHER,2026-08-28,REGISTERED,b92646dbf193ff4fb549e05a44a64b6ed45cd775fda01953ec4bbc2047dc55cd
R02180,OTHER,2026-08-28,REGISTERED,96f4fde9b6f99711a72b4e8d55ea748dd58632cce7c7444e5e4440a614ea68d1
R02181,OTHER,2026-08-28,REGISTERED,46fd98c085d946fad543986db2639feef24042dc218b1c7bdc4cc2c2ffe83bc5
R02182,OTHER,2026-08-28,REGISTERED,448a30a42ffa252f84228f464ed9855b241039e654a6b59d13538efcd76817b8
R02183,OTHER,2026-08-28,REGISTERED,1c53e424a21625503f29813f1fe762fb2a2beb1d3b88c0b32d9781baee92b715
R02184,OTHER,2026-08-28,REGISTERED,eee9eda643f46833792558f6836be66ad58a08ce77d79a7d22db243afe29bb79
R02185,OTHER,2026-08-28,REGISTERED,bc8309f9b996e246f0601e5ff40217c1c7dbbecb1f874f602a24becf07c3f19b
R02186,OTHER,2026-08-28,REGISTERED,b524aed44bed65c74f5606694ab41424157ecd794a8923bffa36b0c1b0fa5161
R02187,OTHER,2026-08-28,REGISTERED,0d52ea3ef60a56f088d7cc7714ef551acf5c7c56b26001eff1bcfaa16d25d333
R02188,OTHER,2026-08-28,REGISTERED,86f4d5fafbb9404265a672e1a8afb9be09705ad18f958dd34f84d1257d65955e
R02189,OTHER,2026-08-29,REGISTERED,8b31986af23efdee9af059d23607b3179bf19c2d17c3a270e11d90928a7db690
R02190,OTHER,2026-08-28,REGISTERED,cb23c1572d1e4d1f3dc701b6195535adb2ed8471c5fbf584c0a3068d7bb88264
R02191,OTHER,2026-08-28,REGISTERED,03477a2c1659ee5a4ed10bd270eaf45668062225c9181764d5c0b73999b648e8
R02192,OTHER,2026-09-02,REGISTERED,97d28bfb03f92e05564f76ba2c0454d276273b63f47d46f5f115262ae5420536
R02193,OTHER,2026-09-02,REGISTERED,30065a364b3f74d084e9d5375fc994d694cb15cf12219a59b95b56640839a8ae
R02194,OTHER,2026-09-02,REGISTERED,6bb03b9e992461e331d79ca621acd0ee0aa4dd5e871c76100718d1f553543389
R02195,OTHER,2026-09-02,REGISTERED,e1221c057cc9fdc7b3dae57b55de06aa5a2f7ac35f778cf646ec37d37ebe385d
R02196,OTHER,2026-09-02,REGISTERED,62a103bc43eef623a419b054691769effe496a1cd2dd3e9511afcbd1cc57b9af
R02197,OTHER,2026-09-02,REGISTERED,dfe8ddedee631b3bae392d5506e63ced8b80691f5dd376c2abfa1c27e63dc396
R02198,OTHER,2026-09-02,REGISTERED,8a21ca4dabaa5db8a52d145c7576324eebe4e7cc12ca1595aebda74a5f3a955f
R02199,OTHER,2026-09-02,REGISTERED,4ea75266995d739a54a8edd57667284d9856847155c6c4b14fa2daac557def3e
R02200,OTHER,2026-09-02,REGISTERED,94e339fbc719038b3b43a0c01db0e8ae2be8b269dc2f88723ce40b7d8b3e4d6d
R02201,OTHER,2026-09-02,REGISTERED,4110f8220aed0976cd4c3ff0eea60c883cce5918a677d20cd811d9c424d8b4cc
R02202,OTHER,2026-09-02,REGISTERED,463e8476655dcf5af99e29d367ed5803642f5cc6d6d893192a856a5ae2d06bd6
R02203,OTHER,2026-09-02,REGISTERED,590a8c2f02ce32dcfbe813d27f1c5308e5828fe9911c115610251199b173a428
R02204,OTHER,2026-09-02,REGISTERED,d46f950db555150fb7744de11da934b2d19699f607f4d553d4f23860edaf76cf
R02205,OTHER,2026-09-02,REGISTERED,8e9eaa01be573e645498254f2d26047f25698d4ec72748813150dfa76abeac44
R02206,OTHER,2026-09-02,REGISTERED,56bada946274eb6e12f2c2a4b14f724150426913ab494fad9c4aa02a8f7dd286
R02207,OTHER,2026-09-02,REGISTERED,8ebcb4546d8da7a7721ab5093e25b41b1232ca181099e0f78e3d0484e513d4e6
R02208,OTHER,2026-09-02,REGISTERED,18226806f4f2f6888af029f8bc2fc209d58049f81bdc4a28aae8c571675b14d4
R02209,OTHER,2026-09-02,REGISTERED,a8809751358b91490ae664212d3ea85d669ee0b14bd56a0cf5f746b2e4fb3d12
R02210,OTHER,2026-09-02,REGISTERED,e8241738560e7782d5a356c6503066e43d8a46863f3aac938c7b5ce2b0bc539b
R02211,OTHER,2026-09-02,REGISTERED,ad0d8dcf9dc46f1b3ade79eace30d914f0b56f74d15eca28d76c7a94367e5d37
R02212,OTHER,2026-09-02,REGISTERED,4f0213382345e632235c1d2445a87c3ad5ff4095a154cea74e9096578b76a880
R02213,OTHER,2026-09-02,REGISTERED,06eea5c6a3c72f03b1553056105aad43188478375626f41ff4cabd78fac30fdc
R02214,OTHER,2026-08-31,REGISTERED,0939c7caabdf18a4bff7539e2d3685f5796b4671e868d339ee9a28f0e4499957
R02215,OTHER,2026-09-02,REGISTERED,c010f8700e0f364279c550f2f3d5bb2886cced545ef8fc83420d33c4ec6dd607
R02216,OTHER,2026-09-02,REGISTERED,b4f4cb867185f9c24050f240311d92a2444eef39b7137388465c2b671b15d281
R02217,OTHER,2026-09-02,REGISTERED,0a6e4f99029591b79a2f0c823d7654f25727b3873c5236f9b45c5fd75ee8ef07
R02218,TEST,2026-09-02,REGISTERED,4aeb5ebb23bda0082a2078728219a77cdfde4f4a7d43d61282e57d2645e5095f
R02219,TEST,2026-09-02,REGISTERED,e4e12c6738e279275c62a39cf8fe6d17b437c2e75a75c3ddaaf4e01d09752e71
R02220,TEST,2026-09-02,REGISTERED,137486fdecd1e43b864b76d2d3642f31d93bd206fd0d2109c00b4d550f92b905
R02221,TEST,2026-09-02,REGISTERED,bb0326a60e511151e646533c68ee2adfd47f7c9aaec3951e339cbcb9ea4a8ed0
R02222,TEST,2026-09-02,REGISTERED,45bf3bf4c436762a9446f887b6e6cf26c95046a998337455651d3413822f136a
R02223,OTHER,2026-09-02,REGISTERED,33f0c579c1dd9197a047fdad45871daa15d8ddb2b6e550b0875c5f926d7dbdaa
R02224,BUILD,2026-09-02,REGISTERED,92c5b4a67d8c85fda40ae4d45d03f89a58ef5caeb12559cb37908d278c62615b
R02225,OTHER,2026-09-02,REGISTERED,e2c70456741f7efc0181e485d856d02a56f16a40bf3d7e33d3912d1dc12c01a1
R02226,OTHER,2026-09-02,REGISTERED,3a307bb5aac9c6388d9d1ff43ed2cd61639a8140e94f61742e17ea077ab2ce76
R02227,TEST,2026-09-02,REGISTERED,c8bbf9bc9ac38b219355e2576281af1e55bcdd5c4d159494172dba4a7be1363e
R02228,TEST,2026-09-01,REGISTERED,16f5a0f0d319a9dcf37eba23113e3af5d3096170f630dc32bfe850e04845ef72
R02229,OTHER,2026-09-02,REGISTERED,1f751bcea03d33c31bcc4ceb8a9a0a332b050aa48b5352e1c2e90f7d568870a4
R02230,BUILD,2026-09-02,REGISTERED,3a86e3e5a77f76164b2b09c47cfd023b42deac566b86ab09f08f3599ede8c115
R02231,OTHER,2026-09-01,REGISTERED,5d142d61b70e4148012d15d992f12083c795ecf5edf7a49c4acc99c804c5d9f6
R02232,OTHER,2026-08-28,REGISTERED,f6f0b639a600371c3f00f91f64117f5bb83d1e781c683c84827980d66b5c1fd2
R02233,OTHER,2026-08-28,REGISTERED,e4a2966a143d66eac6f8f2b481a6bcd8044c75abd4f3f9d8a38805c995fda94b
R02234,OTHER,2026-08-28,REGISTERED,2716042acd0f9f7b6fb219d90ac5fde88fa2563e7b58f6725c84a4b2567f2793
R02235,OTHER,2026-08-28,REGISTERED,1cd6856b30f82a144992cf72dd4e93c067790088e4eee2ebef6acf50cf9eebc5
R02236,OTHER,2026-08-28,REGISTERED,6d0f20b5a9b48cc21404321c40d3686337b91c579d7afe33fb34d890213fb73f
R02237,OTHER,2026-08-27,REGISTERED,0f9e426c237e9332f5045e92fb06f1d4273a2a6284e1853f9e5abb0c26d16544
R02238,OTHER,2026-08-27,REGISTERED,fc85d2943648c85b77efa2b0c15fe240dd0839fb6cfcf63d432c30976c87a987
R02239,OTHER,2026-08-27,REGISTERED,90eb9b1c754330fe210153e23e77787d4d70be3a8b8a2dc6922eae923c4db1af
R02240,OTHER,2026-08-28,REGISTERED,40e9228222a2ace239fdca4b5ca57eb0b991a8c764230ae7fede5839fccce2b8
R02241,OTHER,2026-08-28,REGISTERED,dc1956b90812555a544bea111153820abe3dfb335633c246e8351de6e0449d35
R02242,OTHER,2026-08-28,REGISTERED,d9e6eedd8b446b76202dd595b43c45ceea1559fc75101b582dba7b4d3f81a763
R02243,OTHER,2026-08-28,REGISTERED,4a9d0da15f1f1d781fac99c44d0f82a87fe459669d16efc511f2dac3f848d1f1
R02244,OTHER,2026-08-28,REGISTERED,bc7b5f5aeae9fa666d961deecb85575e6fd633936872ce34e571c2e13eb7f33f
R02245,OTHER,2026-08-27,REGISTERED,d2030a64b809093d6a25a53c20cfca97ba6ac90423494a663995e3600e897f27
R02246,OTHER,2026-08-27,REGISTERED,f5f26c2d2c17ca3e72c85c0e0d3929db05907982e8f4e15a5adba49849a648d7
R02247,OTHER,2026-08-27,REGISTERED,adf32940e8c715961aacc840c48edfad971106cb2deead5f9a5dfc3fe1447b94
R02248,OTHER,2026-08-28,REGISTERED,3272a726c97872d85ee07dd6ab2257538751ffd5fde00d564d138aff42e90c7c
R02249,OTHER,2026-09-07,REGISTERED,def14ce6a38f302286c4307317cf63c05a03bb8d7adc73c2d7cafaba02b36490
R02250,OTHER,2026-09-05,REGISTERED,e74023c85c75c8c2965d42cc20be3a463a5432cd2f2d14fdbac156649d199882
R02251,OTHER,2026-09-05,REGISTERED,706902b34cf12eb336cbd56cbbfb357631f5d7d8cf660734b7a6ddb8927b58cb
R02252,OTHER,2026-09-05,REGISTERED,4e23c556dd1990635007ba5606a3bc9616543e03ae9ab79fb6381d23af86282c
R02253,OTHER,2026-09-07,REGISTERED,8e9f594a87e005100fe84e7deffe9e03a5a1b03c22cbcfa1c54443fa6be53e32
R02254,BUILD,2026-09-07,REGISTERED,03feb2b6ca8365c372aac261743f18af68aa001f955edecf5830e4518e307c20
R02255,BUILD,2026-09-07,REGISTERED,37ca792f483f4c15d29b283a3a1d3ba88282678329848feda72aa217bad932cc
R02256,OTHER,2026-09-07,REGISTERED,08052271a59127618d74f6524df01655590fbfc74488bc162b5db6ecde107be3
R02257,OTHER,2026-09-08,REGISTERED,9dba2c19e50aaed7ee1a36b867b3a1b2c23c45cec8c29389301d4f8b75999b22
R02258,OTHER,2026-09-08,REGISTERED,431a31525c5900542fdade92ff884d79e648909cdad0616a28da6ed865669ed1
R02259,OTHER,2026-09-08,REGISTERED,4cd2e39de18e24d8d05f1d79e01e92d5e069d139b2320df4265b898c15143ba8
R02260,OTHER,2026-09-08,REGISTERED,ca3c7f7af503f6166ba7ac53fdc8ded9855bf18e9b09c68bbc7ceb5487a852db
R02261,BUILD,2026-09-08,REGISTERED,dc2457950b81c74cec274821b6f68f342313a10714a3123b875e998a1b5046b3
R02262,OTHER,2026-09-05,REGISTERED,8f5ddeb9ba7ac21f1a29330f907a3ad8e78eb4c30c7b3858e70bc06ce18646c5
R02263,TEST,2026-09-08,REGISTERED,68aea91daf225e9d2c68af9db4415491203f70223fbe5ad4748b04911a2a276f
R02264,OTHER,2026-09-07,REGISTERED,0fdc712b006425c9fc50451179d51eff66bb529da51d5215aa69238f0c2eba05
R02265,QA,2026-09-07,REGISTERED,dc42cae213800d88147e7fc5c4fe7adbade81f5be963f7449bee505817139790
R02266,OTHER,2026-09-04,REGISTERED,353fc11b3694bee09f3bac080c7902d29fadaa254cdf646527e17a0f89905723
R02267,OTHER,2026-09-07,REGISTERED,5eafe33d7af1bbc97cc25d275a18142dbce144abbdf0a45571f978f717f1320b
R02268,OTHER,2026-09-04,REGISTERED,3e64006d51c20d289b184a7184caad21cc84730116fc3352e1e6179adc4d65a8
R02269,OTHER,2026-09-07,REGISTERED,7bc995ec3e12eb81df48c9a2d2860bd1667bab194db6ab8a010ed14d781dbb87
R02270,OTHER,2026-09-04,REGISTERED,ccff04aec5dad6194502778b86d2075ba8792f11e9a278e665499b5e78d9c71c
R02271,OTHER,2026-09-04,REGISTERED,16c9c4b737190c7317da9d35da96ec64cedb25a16332cb021cf2da1f0afa490f
R02272,OTHER,2026-09-04,REGISTERED,05b45f0f3d2f1340814edb0bafe0b77547ba2b7146045e8142affb58c3126de8
R02273,OTHER,2026-09-07,REGISTERED,beac0a1024ee923a9219b25c6b291cac99a6d7918f590eb01a3db7c1bbd6988e
R02274,OTHER,2026-09-08,REGISTERED,bd3084b83e803c2799d0f05401a8f159f2984545ab899d3d53cc288b694cbb62
R02275,OTHER,2026-09-05,REGISTERED,3c8ae409875f8f721187f71c2e269d92dfc810f01f429719a0126393753978f5
R02276,OTHER,2026-09-05,REGISTERED,e37f097ffab195fa288f909a13d1d9e3a57cd707854f84ecb3c6c44070333a9e
R02277,OTHER,2026-09-05,REGISTERED,3e13e2d6274750e2f6cd4ab1acae3519df6b506b8ae49e3a9b3b3b9675fc87c1
R02278,OTHER,2026-09-04,REGISTERED,6ec5b94319dbdcf59d9e7f78d1fe0fb10dc6f0f22bacf67a30fde5581bbf2cfe
R02279,OTHER,2026-09-04,REGISTERED,77c1140ef9ca37a0ce921a24e8780ae994f316c8e2313e63cc3fcb4ccf7010c5
R02280,TEST,2026-09-08,REGISTERED,17b65136b771185974a4d0d434040be98694f91a04167d66a61ee7612700ed47
R02281,OTHER,2026-09-04,REGISTERED,76de62db8dce61a62f2a3e5710b7aeda6edfda3bc507fae316c7b0ae51c37f77
R02282,OTHER,2026-09-05,REGISTERED,2f3813f8300f02edbd21327a67ecf23d3d51545a1b0cfbd934956598601855e7
R02283,OTHER,2026-09-05,REGISTERED,7d701a6e8591593288016f86ba60382f2dcfe636ea13e1b24a39670752c7cf1c
R02284,OTHER,2026-09-04,REGISTERED,7af09211f81f7b78504cf61eb5bea4f12a32b01b96e85c3e30ba71b7f8c5869c
R02285,OTHER,2026-09-04,REGISTERED,9d0ec626fc6898d7e82f569ddbed9cfc4c4abe3c9a2d70a085121f6c2338948b
R02286,OTHER,2026-09-07,REGISTERED,9e174722de9f31245f7ffc777318fa596d51e56f1d79a7663915eca8f12d9db6
R02287,OTHER,2026-09-07,REGISTERED,bf1bdefc95a705771737be5a29ae568243cf4818e8cce13d8af2d82c7b2f3167
R02288,QA,2026-09-05,REGISTERED,2450ff8d81246adbc77652072c0f6896a3d2ccc66d48f49b636ba318e84c1ef5
R02289,OTHER,2026-09-05,REGISTERED,2655181e84a877df16bcb5d81fb0c6904dd799eb6058fa80be827616a9230b52
R02290,QA,2026-09-05,REGISTERED,8070656695495644b6b9235bf03b2212e118aefa43581a3506a974bb70da8593
R02291,OTHER,2026-09-05,REGISTERED,80e2bbc9606f6a5084e86c9e9a797711c943e7d551c04a49eca5e1f90179e09b
R02292,OTHER,2026-09-05,REGISTERED,f275a8dba36e5c6389549c873ce3a45d8fa0a35036eef6a3c3db7ce3bcd9d23d
R02293,OTHER,2026-09-04,REGISTERED,05fdb885167da0c26e1a310c3e13bb451309feb37a56fd028a8e5af89ed51d8e
R02294,OTHER,2026-09-04,REGISTERED,2d769053114ec34edd6799607545a28d56c4db08ef18d4133e723db285e873f6
R02295,OTHER,2026-09-04,REGISTERED,686d44491c0c6cf1c4396e91414addf42339bf97adf596c5de14ee4dc6ca0a7a
R02296,OTHER,2026-09-04,REGISTERED,2b49f65370bf6a7994e79491523b897c27157057cbed1493d17174ac0f02f0d9
R02297,OTHER,2026-09-07,REGISTERED,d51391764c40779325002994b86f1c750f053841913500d44f0437f41e4274e7
R02298,OTHER,2026-09-04,REGISTERED,88abc9bc94dfb61801028b03085ca8c3cd128597caf291cfa5c6448f69bffc20
R02299,OTHER,2026-09-04,REGISTERED,28771c6a17d77a666dcbb58263215868fc23d11fa446a4505a854eaa85ddb580
R02300,OTHER,2026-09-07,REGISTERED,eca3e5cce03cbcb8d2865686877748ddba14dcaf80a12f1c97b4286a44b48c15
R02301,OTHER,2026-09-04,REGISTERED,3545c7547254fcb08e04ff4a59fb4cb768b82323513ff41abf642cec3a1f9e69
R02302,OTHER,2026-09-04,REGISTERED,f01d89b2217eb234e6ed019873135f4f8c9925d27d9d6b76d8f7b84cfab74bfd
R02303,OTHER,2026-09-04,REGISTERED,c387dadaa4f10f5dc04fffe7c7d2d1f8721c23dc5f13c54d1d87c1fa7c844856
R02304,OTHER,2026-09-08,REGISTERED,4c9ae7215392edce0d4acb4b0e8e99f1e5f091e3f2ff2645f412c491e89bd852
R02305,OTHER,2026-09-05,REGISTERED,0908da0354a8ae45b279681892ee717075b77e2f64cc80a6d5a85dc77d3dc8aa
R02306,OTHER,2026-09-07,REGISTERED,1fe8eae5bc804e914a53c268e18b7c6c721664ce85c18f4c73100258332f8a90
R02307,OTHER,2026-09-05,REGISTERED,01e0b13bf120b533968c1520209f38d172eed8a5dfd74d8c7244de052515259b
R02308,OTHER,2026-09-08,REGISTERED,32360bf05711316595b2e2a4385c1fd64d6c3523112713da9acf2102fb88e894
R02309,OTHER,2026-09-08,REGISTERED,ab93760f23618081493e2be488f45f25ee386fbba762bc9e9b98f7fdf513690c
R02310,OTHER,2026-09-08,REGISTERED,3a6c79b64905acc611133ff7ea957a05ed024e0ebe2ec8b4fb4cc15e84df6809
R02311,OTHER,2026-09-08,REGISTERED,1f69887b75fba41c1a9711a430294c5c9dff6ef6172fd4cf36fcbb1ca7c176ac
R02312,OTHER,2026-09-04,REGISTERED,24a221e008f3197c19bd26dd7e64f54809775d74e8849cc0b0683a5952866ff3
R02313,OTHER,2026-09-05,REGISTERED,f44d7db4a35c3c3d83c88f3d20dc24904c521b683d2ed2e96e14f291f81ed132
R02314,OTHER,2026-09-05,REGISTERED,06e90b56951ca83c4b660349e1f6075171c648d5798a7b75c9a651025282f19a
R02315,OTHER,2026-09-05,REGISTERED,6b96250811052b7b27adac6aa36f4d4cd0abd8d0a4f47ba587a131f9b8e0a8d7
R02316,TEST,2026-09-08,REGISTERED,490d7c2d0b6d49a3d32d827eac63c9be8f1f1963bb0fa21bcca7cf44790a4170
R02317,OTHER,2026-09-05,REGISTERED,7791c710b12af17365232dedb6ff032d898ddd2f75f7d3989b380596a65afc55
R02318,OTHER,2026-09-05,REGISTERED,d2893cf74633d4641d1f4369589aeb4f1d38396a012fc6c953da1269e877e356
R02319,OTHER,2026-09-07,REGISTERED,f903aea04e832de0fc6985cf711239c2e75132aa216caa666bb622a9080aebce
R02320,OTHER,2026-09-05,REGISTERED,9b8f3736bf99b1f07529272105587628d5113be6d26f5b8694be71094c6bca3d
R02321,OTHER,2026-09-08,REGISTERED,06c7f0281ebf208dbc4c53cbb8d116075e9edaf0240c989b123fffc6f3917d87
R02322,OTHER,2026-09-04,REGISTERED,85ccfa012d84534efe085c6a7d9c1839f8d56d541359ec0815ff1727d47b4de0
R02323,QA,2026-09-07,REGISTERED,2077309dbb0d1341cdb57c6d5b6d4e77188c1b554c1ac8193871b24e3e37826b
R02324,OTHER,2026-09-04,REGISTERED,77883a27bcda4a1bc1c4077a5a2656f0a4e95d16f94b311e162ead96a4584209
R02325,OTHER,2026-09-08,REGISTERED,11cb63d42c688a22fa9abeac1fc175c6eb87d8e7ca064ba5dc734f660187aadd
R02326,OTHER,2026-09-08,REGISTERED,d36843d5b598eef787e095f8c7842b92c8135a1657917cc7eadb336d5ac4ce87
R02327,OTHER,2026-09-08,REGISTERED,403aecbaf1340319a8aaab2b3772476f451e25be95850479f1283b589dbb9785
R02328,OTHER,2026-09-04,REGISTERED,d5125ce58247d18ec5b79dbb21955a234d7d8efcb02cf4ab90fd183359425a24
R02329,OTHER,2026-09-05,REGISTERED,a48d19e02160cfb59c46b2245339ccc23eabdfde8a44355661452c1cc2b3950f
R02330,OTHER,2026-09-06,REGISTERED,f4eb7f29fea5e507c48e30dd8a6c84d1380b6c1a829768160443236fbe1ec71a
R02331,OTHER,2026-09-06,REGISTERED,b311b9f5e8788dc2e1fdf530b3aa0e41c5bd5a863d85e460aa308878ed7ce564
R02332,OTHER,2026-09-08,REGISTERED,22ef659d3fb89d3bcf0ce06dee4fc2ccc610a167d9f7e4a99f08ec6bbff3c0f3
R02333,OTHER,2026-09-07,REGISTERED,59809d90d70f410b51cb7e8857f11d063365342fc7e3a35414e0e6db07c6ed06
R02334,OTHER,2026-09-04,REGISTERED,147a3c1e7db4775527658701a2545545095dc8207b6b62506bcbab39ed17a9b2
R02335,OTHER,2026-09-04,REGISTERED,8cdbe1a1e348e37a6bb68adaee97091489bb60d72b42eefdf2f2af6828909c42
R02336,OTHER,2026-09-04,REGISTERED,d6b22a19afeb70e73abefcfe17a2befbf3cc7b44ae7d0450792b7e5ecb23c1fc
R02337,OTHER,2026-09-04,REGISTERED,9e29adc6d7ac0b1ee725492f6aa01ad1a3018a52cb3a7d14a8b22a45421a2094
R02338,OTHER,2026-09-04,REGISTERED,4451b57c1892d9191027a3fa48e79e58e8063f52e5ab6c6c8a634b20646ffbca
R02339,OTHER,2026-09-04,REGISTERED,7c6b6d0acf1c17faed24cbd1c6d69c5498b11da81a70b37e9d7efde7cb0f627e
R02340,QA,2026-09-04,REGISTERED,149935a859175a14dc6f07126a46b56963832586b21c8df537aa4982260fdf8d
R02341,OTHER,2026-09-04,REGISTERED,6ccac0e5cbc1ea6aea0c0b90d1f140a871c09cd6bb50dfdfed93f347484dfd50
R02342,OTHER,2026-09-08,REGISTERED,85d5a32d45c2674e6162e17364f574ff8da7c08a4b997f586565146027d911ab
R02343,TEST,2026-09-08,REGISTERED,1760175199ff7548488990121faab910eea8ca4d1ceecc847619574518badfc1
R02344,QA,2026-09-04,REGISTERED,044d16c14e8ca0f571bfc031f53527b76d6bd2d9ca03300a3e2934fce7e96d36
R02345,OTHER,2026-09-04,REGISTERED,674b0db2b58aa5c306c8870a2ffd24bfa7f265aca1af89a5a7f5195164c213e8
R02346,OTHER,2026-09-07,REGISTERED,a2eba60f2230ca113d78806985c3accb043914f7b8324786505ffb2d3df3027a
R02347,OTHER,2026-09-05,REGISTERED,c352c9994e0ade7fd4da89d1547909ec147d0594e4570a7795f335a207635284
R02348,OTHER,2026-09-08,REGISTERED,d0e42c7f9e70ffb2c0b3bb8b376d1018f137a00218820ee6477b4a1c13a09688
R02349,OTHER,2026-09-04,REGISTERED,e1450e834d7b99226c1b069fd9c53891706a22c0ad05797c7d54bb0da9731a73
R02350,QA,2026-09-04,REGISTERED,e243c934e3195ea353905f9e45e9eb8e5be8a22ce258c36428f4363566141488
R02351,OTHER,2026-09-04,REGISTERED,d9e6c4cea6802fdf3ad07e4a61ef74e893d23c682eec21eb682ee1950361a7c0
R02352,OTHER,2026-09-05,REGISTERED,d77352628fc6c1f76598dda9121b26b3061b1414ffa4c2076e75276eb1862b74
R02353,OTHER,2026-09-04,REGISTERED,aa57ae1aecf841a24b6bd190ee47d59ad5e30c3377dc3137b574308065abd832
R02354,OTHER,2026-09-07,REGISTERED,6be6ca44db5a419322b7b8bcd8ca90d0ae15b81542d63c57ee44d72f9d8fb08f
R02355,OTHER,2026-09-04,REGISTERED,2c6f5b3215f06861e071e942485c2c4a68d0d67a144aba4f1d5e53f21d6816bc
R02356,OTHER,2026-09-07,REGISTERED,969fb9a3dc591c14e3934424708e807bf35d795da08de1c928f4defe155f3a1e
R02357,OTHER,2026-09-05,REGISTERED,9521812097d2b9cb6bb0ca73643835aee38e7dbc0df031e11f4ff4291edf08d9
R02358,OTHER,2026-09-05,REGISTERED,61c7d15ce872152b3fe705a352d99f72d412d7b0af969ef0b123b3450337c9b3
R02359,QA,2026-09-04,REGISTERED,bd7e1f8f118a5a4c68bc250ae8d90fadce9ec174d8f24a9c7c5a8077d4c868df
R02360,OTHER,2026-09-05,REGISTERED,e7d1cf98ec145ea1af813089adee1636e3d520b0dbd84f648fb41349bee3fe00
R02361,OTHER,2026-09-05,REGISTERED,5c9eeb97465bd5c88168fe30d21e5fa01047074fc1bc7b9e556d234e42eb9d92
R02362,QA,2026-09-04,REGISTERED,ada383e17b3f9feb7495b422d05738ce90fe38ae69113f115cddd953c018d7bd
R02363,OTHER,2026-09-07,REGISTERED,fb6e4a605f2aec6a2b20418e3690a1bd921001633310f7a0e9829f7cd4411ecb
R02364,OTHER,2026-09-05,REGISTERED,e3b0c44298fc1c149afbf4c8996fb92427ae41e4649b934ca495991b7852b855
R02365,OTHER,2026-09-05,REGISTERED,e3b0c44298fc1c149afbf4c8996fb92427ae41e4649b934ca495991b7852b855
R02366,OTHER,2026-09-07,REGISTERED,2243ba80173120dc70bf511193f24282e89dce51082e7733dd62459cb75eec08
R02367,OTHER,2026-09-07,REGISTERED,37a98b7ceca2831fd1bb972f044a25edc01e9177bae9cc529b022c57cd7cad09
R02368,OTHER,2026-09-08,REGISTERED,dd2a1f34aa901b395f762de6ac511f49e6039a90064465524761ea3c2ec9e8ed
R02369,OTHER,2026-09-06,REGISTERED,f9fb4ef1b86af20560c2852fe479628bf9c967e7a111e706e729a7626f249933
R02370,OTHER,2026-09-07,REGISTERED,9d9477686236e4d2a41b2b80001a59b1e09f2ca9a57852bf0038c3d848e35c0a
R02371,QA,2026-08-05,REGISTERED,e49197b471392b6ebd30834676b4d4ab60391e6f3f193423f7d00fba1dab5b85
R02372,OTHER,2026-08-31,REGISTERED,8cb0c721c8ecadf596df92cd61aa109b4dd28301fdeb22be43b7543d940faa09
R02373,OTHER,2026-08-28,REGISTERED,cc7a0a3fb2a3448ab9b455ddcef9f7ed5d8b3f4d5bdee3d1284ea48d49c9c860
R02374,OTHER,2026-08-26,REGISTERED,342f020801b926ca2270950ef3410afc9f498986bd9d5781ab4e931f52bc1b68
R02375,OTHER,2026-09-01,REGISTERED,235c7f5dcc1b22469bfd6d18ea8140ab5086d37f8703121ab3cb0b2d878ffb5d
R02376,OTHER,2026-09-01,REGISTERED,2023cbd4bc155477f47b27bb6b72c3084e4a8f4874a0147c1ec0be5256bded74
R02377,OTHER,2026-08-31,REGISTERED,f3afb45bc6842fe8693b0d473c2d0dc90a552d4265c650181f2ab6b1f81271a4
R02378,OTHER,2026-09-03,REGISTERED,46f5a2e090474c8ed59c900e6078e0a6df05c5d7991f2cf99983e381afb06388
R02379,OTHER,2026-08-22,REGISTERED,e448777b95e41f86c84eac9b33136367c43ec6462010fff5d720d237bfa6ed57
R02380,OTHER,2026-08-22,REGISTERED,295ba3e8e2311b03f54db5b6910f21b60eb7184dd4d1231bebb495d681895fdc
R02381,OTHER,2026-09-07,REGISTERED,0dc14801cc6b24d7fc19258f10e1bb4f585f546b06c063eb926c288174bd47a4
R02382,OTHER,2026-08-24,REGISTERED,12cf4dc866079bdf5db8a5a6665d9821fc746d7ebcff7e328364a29ba5817cab
R02383,OTHER,2026-08-31,REGISTERED,fbf125984253ff85d96c92818e16557fa3c516d1910b7071aef8451d63d8d04f
R02384,OTHER,2026-08-23,REGISTERED,791158de065df42adc926ed8b1e3b2f5ccec742934fde13dedda87e1ee1312fd
R02385,OTHER,2026-09-08,REGISTERED,005beeba1e0ffc28db12eb94d4186104b5f25f37445cfdd206b2b1fa71da4a11
R02386,OTHER,2026-08-25,REGISTERED,9980d406118888e0dda2c8b7148968513e7960550c56e8a20bdafe57f1250b12
R02387,OTHER,2026-08-26,REGISTERED,15edacac1dc5511be3aa05bff442d2c1fb9cff0188fc5d66f2230461c4b102c1
R02388,OTHER,2026-08-23,REGISTERED,5f18a5d1e10b59fa31825765ddde2781be4872e8a0ec3cf8be0c9d9e2afad79c
R02389,OTHER,2026-09-04,REGISTERED,ecf31f3f56e02fd83f0aaa34c13ecca27e0f4af9990887a71c97d1bd1c92c1ea
R02390,OTHER,2026-09-01,REGISTERED,9f11d841eb0efac64fa41f20fdb151fa9a4bec8a94ff58e5ce7ba60f33bad341
R02391,OTHER,2026-08-23,REGISTERED,a5efefc7b4799843c8fe65d40285fecc682ad8187f611946cdfe5cb31930896f
R02392,OTHER,2026-09-04,REGISTERED,3be570140584a7fc47db82e3cac302cfd0714ee85d9a0e21e7b56b5a8a3046d5
R02393,OTHER,2026-08-31,REGISTERED,407c8fd2b4190c4624c350a1934296cee24e194b557bb1fa5fa5a1a68bb38f03
R02394,OTHER,2026-09-08,REGISTERED,66812873dc831d54bcca07936ed704e041320054f69243e0adc4f55f5f53dab1
R02395,OTHER,2026-08-24,REGISTERED,298ad64b5e9117683f37b350c30b72852a99af27aabfc52c4345123f9e68c1a1
R02396,OTHER,2026-08-25,REGISTERED,67d439ac90d2f0168a434efbb7dbdc07de3d4c0ee8b5f36164a4e390c55d5cc2
R02397,OTHER,2026-09-06,REGISTERED,23e7e7b9f2cad703f15147bc5a95ebdba1afc01de19738c920aaa9267cb50a09
R02398,OTHER,2026-09-01,REGISTERED,1158ed7baa0c27435e77542398baf1d097d5a4afdac59fdd3ed2732253027ef1
R02399,OTHER,2026-08-31,REGISTERED,e833e770c10688918ec89dcc186e44eaad27675568acff5dd1e81264cf51db03
R02400,OTHER,2026-09-08,REGISTERED,f986f5d4922b3ffe44d18a43fbb1ff9e251055d1c0296d18ad684839edb82881
R02401,OTHER,2026-09-08,REGISTERED,af7892f5bb628f1e5b2287bde5e842dc8e662c261fe19fef46d8d26627b34a81
R02402,OTHER,2026-09-08,REGISTERED,25407c4ec43d199c33c12b36af6f2fb6295f13bc3490bb231df7e123b10fd1b5
R02403,OTHER,2026-09-04,REGISTERED,e7e51d4f445bc43f6127fda141977c8f10f34c6da575b5ac2905d7d0be8737cd
R02404,OTHER,2026-08-26,REGISTERED,a2d348fe9e855a56f2e1bee41b6275bb4b01fe3a6f5d80988e4286b9f5f5a8c4
R02405,OTHER,2026-08-22,REGISTERED,f4c03b7444aa2c9710a94180ff6f60876643d1230062f58baf6b719b37ac16e0
R02406,OTHER,2026-09-03,REGISTERED,579ade36f3491e9da686e1a34aac913c7627df9d049f2b153aa30f25baa40249
R02407,OTHER,2026-08-31,REGISTERED,d3a0117b6688f33bd0b2d086925f62307c06a9b5771eb9f69658846209bbda93
R02408,OTHER,2026-08-29,REGISTERED,f2ad5db08628d925493605209ab43bd52af3ac6c138e577021e480af1282f6cc
R02409,OTHER,2026-09-08,REGISTERED,a4068f186d1c1d7f163a955c516bdd7054ece71a1dfc7fd11c197698813b2e35
R02410,OTHER,2026-08-26,REGISTERED,74a29826987702f8a836ae30812576a483f3bb049db77a43c52f72a7fb74f448
R02411,OTHER,2026-09-08,REGISTERED,86748bd6b1328dabe22708a733e8f86f1cd99a207b799ab221d8fa57301180dd
R02412,OTHER,2026-08-30,REGISTERED,41e27a4d41e90a7e3ed62b25e400d824457a182abeeb95702f953392bd44aae0
R02413,OTHER,2026-09-01,REGISTERED,b2718511c8965ff6fcb4c62f603856067e825b3dc5cdad596a76574f188e90f6
R02414,OTHER,2026-09-08,REGISTERED,1087cacb7b4c8d4d075ed7ec4777a8fc837a6d3314e31b1287ea7925ea81e0d1
R02415,OTHER,2026-08-22,REGISTERED,b1754068c09d4ffe8690dc6b7b83b7cf3d7840fa714b40dc8f5a91bdcc1ec0c1
R02416,OTHER,2026-09-01,REGISTERED,49272a89380abae39b38ee69bcbd2fc1ac722aef0815f4d59233794b39b064cd
R02417,OTHER,2026-09-08,REGISTERED,24dd10c9e659b27559567f22f5cb8d371e7c2551ade368857c9abcd45d96fdf6
R02418,OTHER,2026-09-01,REGISTERED,46a2cb38eaf0ce17e074a0aef0030555f4c341d58a6da3b71d05ca782c52310c
R02419,OTHER,2026-08-25,REGISTERED,dbe74661c3bdb575f1cb5087833b40379c4b252d18363136323cc6c44c7ca8a1
R02420,OTHER,2026-08-31,REGISTERED,d31d7591b444203172d754ac4d95b20d2acec783fafe876a5c978227b4d536ae
R02421,OTHER,2026-08-25,REGISTERED,0d896ed962ad17a0fc3512fdfa3cd50bd791d2fc967cca7a80d716bffa555eb5
R02422,OTHER,2026-08-31,REGISTERED,e3575fd7a694057ee1449bf8f1ca2b926471a14d252d78a288baf513845dcc71
R02423,OTHER,2026-08-28,REGISTERED,d82af267e19f174812fba9555936fe97f372f7cf74fa1bb9381f433c6a02576f
R02424,OTHER,2026-08-31,REGISTERED,5eadee970bcbc3e44bc93ab93620d12cc1a7bb30880ae7df2254e559da27e34d
R02425,OTHER,2026-09-03,REGISTERED,a79dd59254bd296e3a580d547d0675412e8af551017061b2256d51195eba6cf9
R02426,OTHER,2026-09-04,REGISTERED,e0c6e2ce414b81f80822a43e90b072c72c68797b9113383e52c6edea03979f2c
R02427,OTHER,2026-08-31,REGISTERED,863deada49063982d04ffd1da20a8e709366563aa949419f32df9869ea4474a5
R02428,OTHER,2026-09-04,REGISTERED,6ebda6bf171b445e90e625071f67fb67fc82f30486fca0f22f1f61b339a7fa9e
R02429,OTHER,2026-09-01,REGISTERED,a6cb2e4be427c84ca8a42396ed8f0686e5bc46c42d99c2345f23479e62b76a4c
R02430,OTHER,2026-09-01,REGISTERED,79d167e167cbc124d05110b87d6355cc8ea84a077cb79e3e28fd61b2645d88d7
R02431,OTHER,2026-08-23,REGISTERED,3d3d05eb7c8d5e0d765a29e1776d175f4ff3d904e768d84c55abc44fa63855c4
R02432,OTHER,2026-09-03,REGISTERED,95204390d921f300045844b022c16f972737c30907211ab466cc12a609093655
R02433,OTHER,2026-08-24,REGISTERED,d0202bd2f78957c4fb92f9a3e3b955d3a213c5714a0b190cbdf550c3de8d1f87
R02434,OTHER,2026-08-31,REGISTERED,873179dc60f4620570dab2b7feb7869c2a0edfd1464769c40ad45247c3ea85b2
R02435,OTHER,2026-09-08,REGISTERED,60b98339c96999a72b33ae7c65be29ceda78341b9cf95de3b7f9c28fc89dfcd4
R02436,OTHER,2026-08-24,REGISTERED,b16aca4ae0a9a320044848cd05ee9437eb47ffd10deb384d05e84364db0eaeca
R02437,OTHER,2026-09-04,REGISTERED,d09684dc4e53e566d30d0a3865533f396c521d057b60bab7bc1d91882679135a
R02438,OTHER,2026-09-06,REGISTERED,3e58db513b53fd9940dea3d205cdc7d9404c7081b6f1917f36af7503ad9923cd
R02439,OTHER,2026-09-08,REGISTERED,a31495651d49d6d5eaf140cd4f7fd2c7740f3557b00fd4de255dc3a17e66920c
R02440,OTHER,2026-08-31,REGISTERED,2be9bd0020ecc22f44cc4d0ee481dd9cd43a9b985b633db7e03cf701171a71ce
R02441,OTHER,2026-09-07,REGISTERED,c4258a1e68b1d81f83f6b3b43f3966a6391f3247bfb83f904a1ffd55b9b9379a
R02442,OTHER,2026-08-23,REGISTERED,ed86e51624c7546a2c1cf24d4ddab0906af43747b8cb85205a3d7809028b12b3
R02443,OTHER,2026-08-13,REGISTERED,b5b203b8e9298ea57ed11802e35275634b7bd66df2d9ad6e4c47c275fcb82d66
R02444,OTHER,2026-08-26,REGISTERED,f4ea970ef96fb5d94eeee434e0dbc80a2141566866f1e855ccaa643f2793825e
R02445,OTHER,2026-09-08,REGISTERED,458c106c815b84f77f41d5d992c42724b266d07cdfc761bc8b34df265d154e70
R02446,OTHER,2026-08-26,REGISTERED,25eb5ef0255a842c47b5150f47fd97fc032c41d8cc500d1e58c52e292e38c183
R02447,OTHER,2026-08-31,REGISTERED,1623b3b6edb31cf445b6c6ce898e03e7d51bcd189c4505ad1db388ae56ae2405
R02448,OTHER,2026-09-08,REGISTERED,3ff9539f0c0f985a494ba5f03e1de45c5e4e62237f829a1033ff95893dbddd17
R02449,OTHER,2026-08-24,REGISTERED,d00fb3376e90c76d822a71237c40055232d40531e14031f06278386c3d671880
R02450,OTHER,2026-08-25,REGISTERED,693f49ac66c71f1c400366fcac4671dc68f565095501f90cbb180e03812b06f6
R02451,OTHER,2026-09-08,REGISTERED,a5f91b680e4db05a888a85d326e0448f454d7107383c7e1dc3c2c19468c064c0
R02452,OTHER,2026-09-01,REGISTERED,cf93871ec4634a74af791b023dd902af032fa9136b5345b5d14e9c7fcf7dacd1
R02453,OTHER,2026-08-25,REGISTERED,572b64274663705c370e8a3b175b551627560cd528c59ab342d9f86749f263ba
R02454,OTHER,2026-08-31,REGISTERED,18f4130c0251b9c052208c6b0d19994f1505adf3feb1f1579feee9daddb22e13
R02455,OTHER,2026-08-25,REGISTERED,69d577291b85e6c2ce635eb4b709de06e15f0693edaadf092ae4c32eafe11fa3
R02456,OTHER,2026-08-25,REGISTERED,ebe2d077d7d4f3898680b469cab018c312e75145e28e35cd33843c8289a990c2
R02457,OTHER,2026-08-31,REGISTERED,706e668626988279b5997770ffc178c036c245603eae20e9ba9dbcf600529978
R02458,OTHER,2026-08-31,REGISTERED,74e393cd2e3375d984fa3da681007df402b11f7c1f9f8436f93b2c78a941b348
R02459,OTHER,2026-09-01,REGISTERED,c62b24c8fd2431e3c2f89ec8091340cc8907b72a9ac39ab223e4c0c495821337
R02460,OTHER,2026-09-08,REGISTERED,a7d39a353b17ba85378cb1a8bb9940bca4dc2a066d412bc4a77b738cbb2b63a4
R02461,OTHER,2026-08-31,REGISTERED,c3c5965e33df75ec859d9329f8242b53d5e01eb0816da4e4a9fdf538a46fbdf1
R02462,OTHER,2026-09-05,REGISTERED,0d05878d2fd0f1dbabd86882ea1fc94382c730ad08adcf4ba15ac6854469fe9a
R02463,OTHER,2026-08-26,REGISTERED,b21180906adfd1487c2f8a611c53159b9fdb78fd1b3ed415517ed4092f501092
R02464,OTHER,2026-08-26,REGISTERED,a045697ae8b20c63be3313fe25019557e8e06eed91983e264e0383822691d03a
R02465,OTHER,2026-09-01,REGISTERED,d3aa737004ed3a4e39d759b97fb0852a789a46c6ef4a009d0f5585ec85af9ed4
R02466,OTHER,2026-09-07,REGISTERED,7734bc017f53d313b134dfbcf9a1f33907a1425c5b6bcd64eb5ec7f4a37118d4
R02467,OTHER,2026-08-31,REGISTERED,ce9f9e755d25be6c87f735239e5006f4795f280703489da2cf49de0c415b0bdb
R02468,OTHER,2026-09-04,REGISTERED,1f6a8b614f8e9ba079b624212e73698c9babac2c7057b1d03ac79d72ba4b9628
R02469,OTHER,2026-08-31,REGISTERED,bf5a1536afa403e36f5df3e58fc3cc4c3b05887468e739c4851297b92ef9845b
R02470,OTHER,2026-09-08,REGISTERED,995e064862badf10b05248b0dc9f5b799940caaedf68e41ce4dc3c77f1bab7d9
R02471,OTHER,2026-09-03,REGISTERED,2cf435c2ef8a73ba7f9c818e8cf724d991372cf2b77dca9aee0bf3b21a646a3e
R02472,OTHER,2026-08-31,REGISTERED,63ccc6105b251450fe23269a999cb48ed14bcadfec197e162e09e63480ceb4b3
R02473,OTHER,2026-08-31,REGISTERED,ea24918df0ce1f9533867d498357f117f5ec665bb522a7157d067e3269db7e52
R02474,OTHER,2026-08-31,REGISTERED,b9c24de6c627221a455fce5a6eb7d55ab3c6ed254067146842d3d7f50191ed54
R02475,OTHER,2026-08-24,REGISTERED,694829555f8385fa14451d73ad85b77cc912177672cda6c116b37b2c34de5292
R02476,OTHER,2026-08-26,REGISTERED,46226a1690a35fb85ff34e31e9e364830d8ab92e3a9b1486514bc6f6b99ce72f
R02477,OTHER,2026-09-07,REGISTERED,bd62d28e01c30c40045566d325a50267b426e2dc29405206dd097d5884c5b91f
R02478,OTHER,2026-09-01,REGISTERED,5ef8c9a82104e4a8706405f71c3e0580d2f8112548e58dac5510054d271252ba
R02479,OTHER,2026-09-06,REGISTERED,45cad0783c18891e2f5709effb68822e9427843d4eaa863de4b1f045aa50d860
R02480,OTHER,2026-09-01,REGISTERED,3467b29a08a367e9f0be834c61f4ce18e61d09e4d1d55a0ba8d95a268867ec4e
R02481,OTHER,2026-08-25,REGISTERED,4a9bce15f6ed1f897199e0b53a460b01b21008d72e429d4ea5dd2b49e658e140
R02482,OTHER,2026-09-03,REGISTERED,31a0e165bd4fb92cb0458e27bb57a80204cb937d1fc5fc861c500991c6eb0fea
R02483,OTHER,2026-09-04,REGISTERED,5fbd2bcbf6cd2f3722c795772ff3f3edbc2e3c720eaa04a73da2af435b6e96b6
R02484,OTHER,2026-08-31,REGISTERED,8f1da4b7b228c3a250c1a364c7dc565d8a3f35f4e3573ec59cf200f5f9974db6
R02485,OTHER,2026-09-08,REGISTERED,5bd39ead88da6792fd04fc28bebcfaa4e3e780223d54256fa0e5de557dc580bd
R02486,OTHER,2026-08-22,REGISTERED,70c44c9d8ff0cda7e096e350ec0bcf01eb7842030f02eba9e412bba8bc442578
R02487,OTHER,2026-09-07,REGISTERED,fac19f550c222b5e538af5bf3a1068a813565d15d9c45940e0a54c6868c39418
R02488,OTHER,2026-08-25,REGISTERED,d82c8f7ce7a1ac081ee73779cf27bf41220c8b61a1f45161b2b814d4c9123c74
R02489,OTHER,2026-08-31,REGISTERED,3de90aeece8da966522cc9371c4b1cf5762eabaa7359e7e8fbb9bb717a1d615e
R02490,OTHER,2026-08-25,REGISTERED,25eee9ebca00f8cbdfd02bdaeab481b40b2219dae78c85e401ae555d3177ca33
R02491,OTHER,2026-09-08,REGISTERED,fe5946fa5f3227b1d8578634fc1ddaec255568d706cce57ec7f62735a9f79128
R02492,OTHER,2026-09-06,REGISTERED,3dbf124d4b065b7d51a5f637ab6286c894aa1ee17c5c248fd006599d331ac3fb
R02493,OTHER,2026-08-31,REGISTERED,b5b0dbff63878ee9b6e9661f9d85512b8d81152e28cd8c456a70c1868bd54693
R02494,OTHER,2026-08-31,REGISTERED,a2335d7a1782781a009e49494d699a7d414c71e38f87cd4d40ab8a86cc905523
R02495,OTHER,2026-09-08,REGISTERED,74412ca5eb59692c1a2b141dfee221b0bce30ffce794dfb77232b6486dd39310
R02496,OTHER,2026-09-05,REGISTERED,073bef77ebba73f51ac774c887448dcaef7f836fc8793266b24b13f0566f56ec
R02497,OTHER,2026-09-04,REGISTERED,33ece5275d87814853043fa96756ba4f3f613354d6a7ec6b066de5661adddc66
R02498,OTHER,2026-08-31,REGISTERED,071bfe9b6b31fc2287064fe7eb54ba959169cb17673bc886b980f15d16fa127c
R02499,OTHER,2026-08-23,REGISTERED,7651336a654684ff4b77f366649e5b4dfef0097c18614a8bacfe5f6849e13314
R02500,OTHER,2026-09-04,REGISTERED,a9dacc4b3b16b6cee840de33e3289f8f528b1001e4999f1828f8a7a60a113a67
R02501,OTHER,2026-09-01,REGISTERED,db0446d2abc0f07533a08c450aa6546d6968c5229a24db3bd5907e0e6d2f06b4
R02502,OTHER,2026-09-03,REGISTERED,b5a91967aa3fd68437ec7915370326d1d49edf0f0af9dbc58c34ea38ef2c0e03
R02503,OTHER,2026-08-13,REGISTERED,7ad362ef12a9e17b1589518a95dc5f285b1cfbb376e302fdc53d4325a5ead420
R02504,OTHER,2026-09-08,REGISTERED,afa857f3746cf2fe6aead7c89911092fe713fdcdaad62fa52bed4023cbcb5657
R02505,OTHER,2026-09-08,REGISTERED,6a675bb044971a55da18c5abd784ddff1f523dc1f05c2a20366573bfb839100f
R02506,OTHER,2026-09-01,REGISTERED,82259e5d7b497eb8dfc71638e719b8d62ef4dbf0fa7d8a010f65a1319caf2aaf
R02507,OTHER,2026-09-04,REGISTERED,f631fbed78a32cd7401109f7d54cfd1d9dc0fb413eddb8bfce2796a484f4fc9f
R02508,OTHER,2026-08-24,REGISTERED,a77fc224212513466ee1306659506b323b8832da1f2612dddc75230716dbb0d7
R02509,OTHER,2026-08-26,REGISTERED,c0e68757a7437732f92cad466b69eee2ce8e7d9b845cc879f4e5753830870ce0
R02510,OTHER,2026-09-08,REGISTERED,68cf3b7e56b632d46b3ffee7502b955ac8af7c3a9d99b99f129818b21d3c1079
R02511,OTHER,2026-08-31,REGISTERED,990786a45745ff2efdbdb5dbe42afcc6fade7b3dd956385595302f646f6913dc
R02512,OTHER,2026-08-13,REGISTERED,ac70cc1a0671a8f71cd8d1f38cbb0d53ef79f50a431778551bbafa4709e9d465
R02513,OTHER,2026-09-01,REGISTERED,547b4b247c6f27ff5f81753066ef25dc0afdc0f6b57a6f1262722ba469beb7b9
R02514,OTHER,2026-09-03,REGISTERED,44c32949c5501ae0982a3ad3618177fd32939251f41727e9a8503f042c06c9a9
R02515,OTHER,2026-08-25,REGISTERED,5a4898a7862069d9134c7d29646c7b83f620e98f40c0103e5a7d3770ebe62f80
R02516,OTHER,2026-08-24,REGISTERED,5c3de7db359d609b40d5702f8efbf2ac1349406a7448b79fef096899b3caa88a
R02517,OTHER,2026-09-08,REGISTERED,fefef65c46dd9594b126ac2ab1fb4ed2132178f1a04054eddedc069731d4d9b1
R02518,OTHER,2026-08-31,REGISTERED,1062ebc02309fbc3a1f6c5ab8518c7a170d13b70daf8202976264db6a25af6cc
R02519,OTHER,2026-08-24,REGISTERED,0c305ff57ae29130284174dc3ba62037f121a06c88efe7fab7f6daa1bf4cf476
R02520,OTHER,2026-08-26,REGISTERED,1c97f771a6dc48e4b99fa6504b0de774ddd853cc2f80377718022daec522e71e
R02521,OTHER,2026-08-31,REGISTERED,8abc3bdb970509edce72e792ca8e92c866ab7d3265e0bef0279ea3aaf96350b6
R02522,OTHER,2026-09-01,REGISTERED,3dc6d6f802d2adf2f2c59357cff9205ea98f269cf172d6ae64b36fbd87350c37
R02523,OTHER,2026-08-24,REGISTERED,b8d95caaf7c4d33ae4c1f8274027715d2d1126e3cc5a8b578e9017f7c5c7d47d
R02524,OTHER,2026-09-03,REGISTERED,a642685cc1baba7a3b1e831b3dfb37336afdaab02d338d937c8c6b7b59364ec5
R02525,OTHER,2026-09-08,REGISTERED,8547380aefd4b7ecf78e6817bec3e23247cbd02d7e0b04e42074e549eb58a99b
R02526,OTHER,2026-08-31,REGISTERED,b47b38b93a44e3063f847263ae658fcb25e22cff7e0e662cee91c56866d17f4d
R02527,OTHER,2026-09-04,REGISTERED,11d3c8f3ecefc16d8da5073ef447fbbcb136eb2a8a9cab4f66350a8356f6558a
R02528,OTHER,2026-08-25,REGISTERED,20f83fdbdd9e6ae9d87d47299380b90aa2c84a2ad8eef662f36c046958e9b125
R02529,OTHER,2026-09-08,REGISTERED,ea0f19860713d1a942c80ca7fb073799a4a1a6706fd4a939f80aa1c5fbda04ca
R02530,OTHER,2026-08-25,REGISTERED,7625e720c3c963805d6fb83a71b9f9f903e0b261660227480055a0738ddbee0c
R02531,OTHER,2026-09-08,REGISTERED,492abae504ecb7350f526fdaf0a423a18f975acbd99468d36247e3741cb337c7
R02532,OTHER,2026-08-14,REGISTERED,b6da8a406a7dde1f2408984d754a839e76981516a3b2bf904148584158e1cb90
R02533,OTHER,2026-08-26,REGISTERED,5d87282a285e8eebaf08230e156a4ac3d49dc6b9e0997ed59654144c267afac4
R02534,OTHER,2026-08-26,REGISTERED,124d6fe514b76b58277af13dd6341b72b22650dde43a0acd9a4529adb82b473e
R02535,OTHER,2026-09-01,REGISTERED,e078abd014b31b89de193e225de3db17d1c5c9660c119f9dfe3272c8e2af5067
R02536,OTHER,2026-08-31,REGISTERED,70d7622d0ac4545d8800480ccc0860a5e14ac13e991265d948cdde9909cc2102
R02537,OTHER,2026-09-08,REGISTERED,9864aa1f3a09f582301488f35132447bb0ce29b7a6886eb196b5affd5c6fb629
R02538,OTHER,2026-08-23,REGISTERED,e677881ad7a1111484902d175bece81f4a4fea9b52a2418f11f7700b936e8f59
R02539,OTHER,2026-08-25,REGISTERED,e4500839a63517052c09431e05ed95f09f25b91233a92d6269358d39a4e1a013
R02540,OTHER,2026-08-31,REGISTERED,8fa3fc0afdddc322881d92aadaf22b43b46cf8918ed5c36c1fda0445118096f4
R02541,OTHER,2026-09-08,REGISTERED,37cd0e7833d1ed740b571a7ea3c11ecd878578159f28850f6fcd909e02d7065f
R02542,OTHER,2026-08-25,REGISTERED,461cccd553f61576dc11dc89c28f2d8cd74fc1711d973feeb5f1920b6664e105
R02543,OTHER,2026-08-28,REGISTERED,e53216ef1f62f173f2d8e100e9f804138c1596a0d7eabed171eb2ceb345af957
R02544,OTHER,2026-09-01,REGISTERED,75d887f4740126187be0e2b909f23871512bb1287610499a035ab55ad87724f5
R02545,OTHER,2026-09-07,REGISTERED,ee9d8bd6c107132e6bd1a83d2e339852f5905ba3652fdbb41262b1fe64b454b9
R02546,OTHER,2026-09-05,REGISTERED,78335e06d3b6b06849408f274e739d4f08abb571bd3d307dd3cf7e804e995f11
R02547,OTHER,2026-08-31,REGISTERED,0a3715422b57a09f445c044dc8ef2d4618aa3d2795008d02ade419715a28aa7a
R02548,OTHER,2026-08-25,REGISTERED,66bce56194e5d8bd519e29cda8f3bfda3a113de0ddd943d9917c7cb899852047
R02549,OTHER,2026-09-08,REGISTERED,93a309b1c2b3f88b991a6601d39daf208aa7f623f40f0575218e206b7a41ba01
R02550,OTHER,2026-08-31,REGISTERED,77cb785ad3e9401d5b0810bfc59f3aeba3f4cf0e6ec7611a1da4af5413961ac4
R02551,OTHER,2026-08-24,REGISTERED,a58b53436d9365b2a543b8b4d555c1583306ad2e82e29476284a39f1a08c38b7
R02552,OTHER,2026-08-31,REGISTERED,54b2538d7ab4495a9e10e34c51db059f1dcbc2914a577eb02b32344d0f6a7266
R02553,OTHER,2026-09-01,REGISTERED,a3f54e510c9f7bb257f967f7f0e384b6370c96ec072dc69e5501f107bd4442fd
R02554,OTHER,2026-09-08,REGISTERED,94d23c47ccc55ce06564a10705e5b656959fb603e048776f91fb3b0c972e31ed
R02555,OTHER,2026-08-26,REGISTERED,9fec5bde66da7761bd7f231af1bd167093b9c6242260ec2bfdc5c3d685f302fe
R02556,OTHER,2026-09-01,REGISTERED,2c9ba5d14ec991919f71b77451614536666a000b60931f05e713d6774b440c21
R02557,OTHER,2026-09-01,REGISTERED,11931d783538eaaf20e1d6d7c9cc382edfbb49db2c2ef1c8d9d8cd94384f99bf
R02558,OTHER,2026-08-24,REGISTERED,5386891b9098b66c40e6f767aaf25c76aab706e1385453ef829abeaf8db09a35
R02559,OTHER,2026-09-07,REGISTERED,a2d325f43e89ec06cafde21d639d5ad971216a66f1ed61f0cbc72e5f7e03822c
R02560,OTHER,2026-09-03,REGISTERED,b413ca0483800c12ce04fb15c97b92e5384c93c6e009e60fed582d771aa3d296
R02561,OTHER,2026-09-04,REGISTERED,975355bdba53a46d72a0d1ec4daca137d195e82dcd35deca5da6e8c917704ba2
R02562,OTHER,2026-08-13,REGISTERED,cda53047c4f4370c2a96beda7d96827e830260355913f9a8fad0ff2d99395c35
R02563,OTHER,2026-08-31,REGISTERED,5c745a725be52828b5d087ed6480cc61b76da5c7b7e8bae768d74839586a3458
R02564,OTHER,2026-08-26,REGISTERED,04b6fbcce9e1ef226a65262e2b43e358976ca87d35f32a1cc3b4a9c4cc845372
R02565,OTHER,2026-09-08,REGISTERED,3e084bfd7db56ab1aac8690bf2db38f7c6cfac93d3d35ab3164737b3f3c78c1b
R02566,OTHER,2026-08-31,REGISTERED,dfd9f3da4435b83702ff52bb3e9c560b5ccc2591a12198d04199cd17ad7574f4
R02567,OTHER,2026-08-24,REGISTERED,bcebdf6cc0cd63bde6cedcbd74b027e7705735479ae5c96fcf5e15290a5287b9
R02568,OTHER,2026-09-01,REGISTERED,fd6b1006aae56380119c2b65fc34c9aa4b60b9b590ce261a3aba4be613933874
R02569,OTHER,2026-09-04,REGISTERED,fa37f40760d94e0828863e85f0b4c85fd1b69634ef841499511a1a1ee1a66ded
R02570,OTHER,2026-08-25,REGISTERED,9eab3ea3b22ac79394c20823d3c26b6442a2e2ce6b4f85dca3dfaee21be9ff66
R02571,OTHER,2026-08-25,REGISTERED,63c919d7b8e311e7b831309508ee7d87bb9c713e3e92d46083a923c48c484ca3
R02572,OTHER,2026-08-31,REGISTERED,dd8ce0cb7e0a0fab6f397431ee8770d793d61ebf38a083c30f1c60fe07319df2
R02573,OTHER,2026-08-26,REGISTERED,2e9782f5a61d44e46418b9d7d78d9c72091f59c5625f40bfcecf7075b49b5ca6
R02574,OTHER,2026-09-04,REGISTERED,d9388eccd9c9f32f2447a13d45b856eedfadc0019a96a06b291e3bd4426eeb44
R02575,OTHER,2026-09-04,REGISTERED,c268404ada30709af480f325d377baa19a943f30763cfa6e5b9581f3f97d0872
R02576,OTHER,2026-08-23,REGISTERED,9d898e8285f9d2368af6895e552145f2ed00231ff1979f61c3693b635a469d3c
R02577,OTHER,2026-08-26,REGISTERED,298458d80b0a042a346d08c78756abaa6565244832556b8f798e192b630d7e02
R02578,OTHER,2026-08-24,REGISTERED,b21434cdfc1e2eed916f22fe4755cd0340486cc9dfd8124d210f477d90f7d44e
R02579,OTHER,2026-09-01,REGISTERED,bae4dd219e538f101db96331f1cdf219fdfeba7a45556d4651be3d4253557609
R02580,OTHER,2026-09-01,REGISTERED,aa9f78182332c1cabddd14fd2aa73239318a444b2121c05f33b415a2aa291035
R02581,OTHER,2026-08-31,REGISTERED,bca326d1a8705a2f8742b218ec5233bfe38c1fd8eac8686171e7147d332660be
R02582,OTHER,2026-08-23,REGISTERED,d6e87a27ca78f5c11bb50d04bba3e45bf3e337f78352861a68dfb97a85e4b9f6
R02583,OTHER,2026-08-20,REGISTERED,1a7d7808770872da97e0c73939fa9dd64b79583237c9fad01203867aed5f95f4
R02584,OTHER,2026-09-01,REGISTERED,c2e4766f83e4ee4804951f0f86089dfec029cf9449309634c4d946609ec85d52
R02585,OTHER,2026-08-31,REGISTERED,f8651756e981f2f051419d64f6bf7d0b2ff32402f3e2d79521f6dcaa28e71abd
R02586,OTHER,2026-08-31,REGISTERED,026e0565d27a473045f11932a860c07413dcecbaa5b2c7f3c55c7335d939e893
R02587,OTHER,2026-09-01,REGISTERED,efc864ac905d00121f8bfe3e50a0aed2ecc4062748426563225552bad7eca4a7
R02588,OTHER,2026-09-03,REGISTERED,ab4c1e9b0984ce50eed17a52cc85f3c66a3f47ad0c71ab4d6e47a5d7bfb4caa1
R02589,OTHER,2026-08-23,REGISTERED,4b9da765b1d3cc826df14cafc810a0d15609a73220ef545eb5255ca5b37695ba
R02590,OTHER,2026-09-05,REGISTERED,dafc2d160b74703bfcd96bb7f083f6c09940fc8431db8485e159b646b465ff75
R02591,OTHER,2026-08-24,REGISTERED,94c3964866cfb7cd4ce7b53ed44435d81e7968bd030c27a197d055c27f2a2eff
R02592,OTHER,2026-09-08,REGISTERED,9901bc0570073a3a1625c8fbef9fa5de07aa8f81f5fb03767f28c9b54656c457
R02593,OTHER,2026-08-31,REGISTERED,564d29bb9950856a3ea6aaaab4021038dc8ca42f4f5bdd542a8506cd7620b342
R02594,OTHER,2026-09-03,REGISTERED,122ee368f86db7ae6a29d55d589f2bd4dadf3b5f7b005136b5ce4dae14d8aaab
R02595,OTHER,2026-09-03,REGISTERED,965c911e609a6ae53dc8f83b2855c7f8289c0d46f6cc8df00db5ca2f6076f978
R02596,OTHER,2026-09-04,REGISTERED,ed4209bb9dee9486e5d0b11a22c72117d02527c80d573f0fcc34a06738d6cd70
R02597,OTHER,2026-09-03,REGISTERED,81b93a898c4b6d63fecfff0352a063af3b75acd1933119c4aeecb92b76c9ba17
R02598,OTHER,2026-09-01,REGISTERED,81a499c7ef201ea4d1a2979d09088c6f0dd74e219689adccf4025297052b5604
R02599,OTHER,2026-08-27,REGISTERED,83802e5158c665af4ae10b6f021676865f490a7faf5981632f676ffd61be6e71
R02600,OTHER,2026-08-31,REGISTERED,234c5b311fe0e17a24892a6744d77277cb0b83d07544b4383577c890649684bd
R02601,OTHER,2026-08-31,REGISTERED,f962de6501699e2d8b7f1dd322ca4dec000682ff290eea1f3cc6b10ac9279bc1
R02602,OTHER,2026-08-24,REGISTERED,4fe1dac8ed9d791fdf84c7543a80d003da89c6991a76ba512dd66928127b15c9
R02603,OTHER,2026-08-25,REGISTERED,a9f17b447622466dc423ca81cda501db7d532683dda1a91e9ba443d54c29b935
R02604,OTHER,2026-08-31,REGISTERED,253ee4078d52b824b4462d646b99c8e0a73111902cdc87eb38f727f4e9f23077
R02605,OTHER,2026-08-27,REGISTERED,8dea85f0cc71e5818429ec229a281aac8c207ff8ffbcc413bf7b3f3d5cc236a7
R02606,OTHER,2026-09-07,REGISTERED,c00e4d38c4564f6cd294e4773d0357f2ceb285e0daefad695e28a6cd51f79fbf
R02607,OTHER,2026-08-28,REGISTERED,9b63da92d7977f7467d76f069a433eb0ab96acdb0692853fa2dbd3cf0fe78831
R02608,OTHER,2026-08-20,REGISTERED,4157e46acbab5fa7e7e715df97651490c8aa7f6a69b328220947b1ee5b01a371
R02609,OTHER,2026-08-23,REGISTERED,b4d0d1aa3ee2746b4cec625599c5add8548a87229a26134b5ea4d7b075676f81
R02610,OTHER,2026-08-31,REGISTERED,27bc237dae49a4bfbfc2a7e46af10d7ccfdce8579d52a97317b4e9239e18f5f4
R02611,OTHER,2026-09-07,REGISTERED,df50cbbc2e36099af85ec844d542f4f1d8af609a31dd189bb2074e1b22d8ebe0
R02612,OTHER,2026-09-08,REGISTERED,3abd175cff47015993b84a38ee33ed42193938ad4d8c3160493f86a7f1570007
R02613,OTHER,2026-08-25,REGISTERED,b2e39370c5b393e1a6c6042bdb5caf17af8da5e58a2cc28bc2428bfebfceec23
R02614,OTHER,2026-09-07,REGISTERED,3f51b85918b12751cf4204db737b33e1003e7b5614446a02dd4e2603f03481ba
R02615,OTHER,2026-08-27,REGISTERED,6a3a8f1e40920e9168becb43f037400bed46a6b5d6ab537020f99c9e7a1c5f27
R02616,OTHER,2026-08-27,REGISTERED,01cf8bcee2aaa671939763f37fe17eeea26e8ec2d61a38a8f03a42607bbef892
R02617,OTHER,2026-08-28,REGISTERED,bfe77daa8b0083855c43a262691ced075d28f7aaaaa47b9f688d40caed195eb1
R02618,OTHER,2026-08-29,REGISTERED,bedc008da8570aeb7b2412cee672336b5fecf304998155d44fa1407813adce41
R02619,OTHER,2026-08-29,REGISTERED,7f34bba0c6acb5abecff65553a938cd644b7cbb62010939c98cd677648fc3a82
R02620,OTHER,2026-08-29,REGISTERED,6c9e82c2b9b32c7e43eb39ee5a9d6a8d13a4b9dc0d697f1a2854a3206dd0033d
R02621,OTHER,2026-08-29,REGISTERED,2c43ea9520575523e6c8457876adf53ab3fc9c437876b49ff289cbc9ea5cd8c8
R02622,OTHER,2026-08-29,REGISTERED,dd243b3a209ac6e9868e2cec8e33c766d756e00d07bd1956d76d9024d3e54356
R02623,OTHER,2026-08-29,REGISTERED,d583bfa0d7ea870185db746510513caa09693308e54c945bc00665d2d03c3474
R02624,OTHER,2026-08-29,REGISTERED,7dd651a85db58e7d3de975869c3f93d4781665b1f74a810405c8338fe23d2768
R02625,OTHER,2026-08-29,REGISTERED,0e941cafe2f2755e8ff65e51582b84db183076a415c164e8f2d24566c46e7a7a
R02626,OTHER,2026-08-29,REGISTERED,aac3f5d99b82f318170ce91844c6486e8c30736e2db1b66d52af351f3554294c
R02627,OTHER,2026-08-29,REGISTERED,de3732c3ccc1b9f305fa565256705b45acea17660bc3ea805b15d79c0f047ffe
R02628,OTHER,2026-08-29,REGISTERED,85d80f8acdb15e8e18b010bd5261c1bd32b570ddb0363223a6676e263ea1c40b
R02629,OTHER,2026-08-29,REGISTERED,138e3c99627d3d370310ab5a74606ebb7073467b17f8fbf2312d4b27a871280e
R02630,OTHER,2026-08-29,REGISTERED,620137cb207ac7a14fc3ce87a757fa2fbf9ed4e764941c1450bc9614d056cb0c
R02631,OTHER,2026-08-29,REGISTERED,e1317bde4bced15713f0ac6060ff47e17049cdcce5d4aa09b27e31a3b56626d0
R02632,OTHER,2026-08-29,REGISTERED,6f8c0597d3d8937e630192b794f8383f3bc78e47641a244c6b8b90bab9410103
R02633,OTHER,2026-08-29,REGISTERED,eea7f1cbb553ca282291621d71b4a2e31b30272a17a2a12bc77102e2ade8d95c
R02634,OTHER,2026-08-29,REGISTERED,48690009f3b91f63a9ea8f6bed0c29183cd220d09a995d5d77d464dc0bb1cbad
R02635,OTHER,2026-08-29,REGISTERED,b5794de155d4168c2acb12a53fe9fd71234691c3a92cd84736c2c1c97b85163f
R02636,OTHER,2026-08-29,REGISTERED,561ff573adda954647f51175abd269b94da213e5e200e9fddaf0f6761a80a4b8
R02637,OTHER,2026-08-29,REGISTERED,55a55209c31d7da2876c8935639107320d30e070026cbe4d291bf34fb1e02c6e
R02638,OTHER,2026-08-29,REGISTERED,e875d99f0cd50cdcd8656b19df08882e81f8660ff3c3e66b69bb4b874626b4ee
R02639,OTHER,2026-08-29,REGISTERED,2fa92bf5aa00430590ec3a0ead038e9799acace09a53b4e15afeed738149896d
R02640,OTHER,2026-08-29,REGISTERED,660ad5fa2140b1e3a539db7744bdf4fc40472064cffbb6aa1d96ef4178da3592
R02641,OTHER,2026-08-29,REGISTERED,9f01964f139882a4d5e69c8f9fd6e8c18e7822e330066dc217c28a851f71cf43
R02642,OTHER,2026-08-29,REGISTERED,cb24a89c641ec97650de07cb7f0b77bde4445d580ef1ba4ec3a0ae7ce5a130d2
R02643,OTHER,2026-08-29,REGISTERED,2d81899f018f67a767e2400185dfc5147d73f4ef43b354b2850bb5c7f39649e9
R02644,OTHER,2026-08-30,REGISTERED,c8ed83a2cab9d8d71695ca562f877412d7b3e3841afec4e21a2e59177d9cddee
R02645,OTHER,2026-08-27,REGISTERED,c86fced4b30691a1412659e9e2049d3d7e56a92f7e3e29947ccda81b5f80e8ab
R02646,QA,2026-08-24,REGISTERED,85d4a8e73af96335030d2ae95d5ee03312e01fc41bfceab08cdd49cee05ebdaa
R02647,OTHER,2026-08-24,REGISTERED,8c0123bbd3bad0ee719c197f965acaeba3bf09610e806050154a7749ec751a96
R02648,OTHER,2026-08-28,REGISTERED,7e2fa45e4c7e548ce8adfc5e2f8a57daec28a4c2fa76a66169d4d060dd9ce585
R02649,OTHER,2026-08-27,REGISTERED,efd9962ff44f333d11d7978d2c512c70c482c24312cb5e5440d33c30380a1447
R02650,OTHER,2026-08-27,REGISTERED,3108d2ddb467311da555862f8b8402c79c2ccfd2fa908cf8b99d61dfe9e8a791
R02651,OTHER,2026-08-27,REGISTERED,133b626cbec92639b19bd1d26b548fb0b42f1d4f7458dc7cc8d239f390f59520
R02652,OTHER,2026-08-27,REGISTERED,62b17383a737f950c5a0f5829e28a793a87ccde072fc78992247d7fb26f1a3fa
R02653,OTHER,2026-08-27,REGISTERED,268e6a6f090d7edc41bc13fc2eedd7cf9169612e592847d48975a06bba6e275c
R02654,OTHER,2026-08-22,REGISTERED,da6c1b79f3416107c6111bb4197be546668e31a43fe43b5014808ea94051e885
R02655,OTHER,2026-08-22,REGISTERED,da6c1b79f3416107c6111bb4197be546668e31a43fe43b5014808ea94051e885
R02656,OTHER,2026-08-23,REGISTERED,86bb1406d38f91a9d4dce61c05ce406fa2cc14d8d9c3da2887007ce5d4f2324f
R02657,OTHER,2026-08-23,REGISTERED,140d02bca3f346471eece7ed2cf66c9b2af5dcebbdfab5361722cb7cd23dfdfb
R02658,OTHER,2026-09-05,REGISTERED,e7c3b43aac35b3623060586d61bcc424a33d0a400dd1e831cbe7cd70fcacf1b4
R02659,OTHER,2026-09-08,REGISTERED,0e049aaf546a5c03f54ebd9eaa747e76d99f8e8f054ca8fc264ba2ea849df601
R02660,OTHER,2026-08-30,REGISTERED,fe42fc391680446630d58de9cb088a1eb51f776cd85b70d65877fbc62f32f7cf
R02661,OTHER,2026-08-28,REGISTERED,9763b46d2973ba20f738268464e753ace50c219c69a64e40220571ea96a74a06
R02662,OTHER,2026-08-30,REGISTERED,2f5ef7465fe569dd21215f191c8a35b7633a60b6b8c631db015c4f672637b1cf
R02663,OTHER,2026-08-14,REGISTERED,f9fe0317a5b2b43817cf4905afa3c0f592711d24e83e9946211110a4707d96c0
R02664,OTHER,2026-08-13,REGISTERED,9c8086d5f6e15b2b88439f80ba0b900dc18ba6c7d363f5ab7b631da8b3f593cc
R02665,OTHER,2026-08-26,REGISTERED,42c5752fd85a14ebec61e9423ec0f8c7e30d4afc229b9a3ac4b64e83abe8a66c
R02666,OTHER,2026-08-28,REGISTERED,8d37daee6f88557facc67c695af59b7b2d601653d841ba4954313d11c83ec001
R02667,OTHER,2026-09-08,REGISTERED,fde20c659aee34ee9e2c635043ae399bc0ad93f82f6d6ae06d634bd11fa39629
R02668,OTHER,2026-09-08,REGISTERED,9f3642c5f68033648e0eebb474a70ee58cfd4695d5ed72030d320264269c5c42
R02669,OTHER,2026-08-21,REGISTERED,ee2c8baad87aa5d24e3348e77df4dd650501bf33e2d7e5a1beec31d7b90e9d14
R02670,OTHER,2026-08-14,REGISTERED,e61511817bb4fb32d504aac189e6f8b12f9d7d9425bb2ba1f7f6bb01e8de98ca
R02671,TEST,2026-08-28,REGISTERED,02dd05e1912c0223c8e926cf1575031df43e8d5fcd5a9c77fa41d4f8d1af7583
R02672,OTHER,2026-08-28,REGISTERED,48f1bf30a5891c034cffa2b8da967a70948d4e2e8ec2286da8bda57e340e6785
R02673,OTHER,2026-08-27,REGISTERED,a66af4330398b223147526e88b2735f7d1ad752020df96dd522163a7a4663803
R02674,OTHER,2026-08-27,REGISTERED,79e360c26b6371ee0b467b6c9562d0874180ae3c8c4fe3c81dd9711f7a2833be
R02675,OTHER,2026-08-28,REGISTERED,d61332fcc553874e9229d29861987ded38a131ade2fbbca3165145a8e64c2c2b
R02676,QA,2026-08-21,REGISTERED,92f9d3caf0c962d7241486927f5884971d1c7f6061385adf864ae5338d59c8d6
R02677,OTHER,2026-08-26,REGISTERED,08632c7f4fb8769c178386e892ac4ef50ed2823082f6effb886aa3c88c6290b3
R02678,OTHER,2026-09-08,REGISTERED,4421ca939048a7d8119c4cde94693d425422367fa80eb13c5b5235b5573931b1
R02679,OTHER,2026-09-08,REGISTERED,f1174e23aa28c7e5c2d8dff98107c1d4e611148008cab42ef6ccd8f7263c51ad
R02680,QA,2026-09-08,REGISTERED,e7790251a45cb58a22786c9944ee372911302a5239b278be236739d5efcd8012
R02681,QA,2026-09-08,REGISTERED,bac365b55cc8e1952afffdf38927684c7b2405af28f46898d64bd70b6e15dbe2
R02682,QA,2026-09-08,REGISTERED,f2f3f49c6e16e6280a22a6e58982c9a69fe38d1218370a28815cb994a5eb195c
R02683,QA,2026-09-08,REGISTERED,d5bf728b2bedc033d89e5718ac9578855d21b9cea04eab3bfd77799f3bd88b02
R02684,OTHER,2026-09-08,REGISTERED,c0801b95ee4d7050317d08fd7eaba555f69cf0c4377b4229823c632e3794ccdd
R02685,OTHER,2026-09-08,REGISTERED,3f4a59702c6a863441df6bd1f08329de8cf88ed7cf89577760cd0361136ea065
R02686,OTHER,2026-09-08,REGISTERED,b9ec8f3d11f609a99e9c2dfb6c6be3ed94b2fc600f4959276314cda18db800a6
R02687,OTHER,2026-09-05,REGISTERED,eb9c91d455afa09f4d8fbb66881eb4ee81a5a8bdcef381ac561131540a43e99b
R02688,OTHER,2026-09-05,REGISTERED,912e9a201798828971df3de06cde93532b05a2f7d18e69da162322ec3b051f13
R02689,QA,2026-08-28,REGISTERED,f3fdfeb8814dfa222a2b14c09161ae5fad0f22f48384b5284cc465ceeec9441a
R02690,OTHER,2026-08-28,REGISTERED,4cfcc7bcbc335376e481bd99e110813043050b943d33c7c3c57a1db3bb0e16a9
R02691,OTHER,2026-08-28,REGISTERED,88ef9a647eb39f8154a52f23be048fdca5d07ba693aaf9a5e1d965fc24ae93d3
R02692,QA,2026-08-31,REGISTERED,40cbf8b7ac7ffa6c41fddf24a6587d6db3510cc4f1f23997b8ec15cfab17f327
R02693,OTHER,2026-08-28,REGISTERED,5e728ef320ead8bbc907ce8e7238b07a998890c889aeef3d48405e16d5b61db7
R02694,OTHER,2026-08-31,REGISTERED,f53954a220937f4aa6062f60fe34ee627636835c2923ee3408d303759e18fdaf
R02695,OTHER,2026-08-31,REGISTERED,b9dceb8e31eee4314b8b6fda0f1d3d4abcfcf27bffeaae8e5b6af8dfe7d21d72
R02696,OTHER,2026-08-31,REGISTERED,8e5740008e5f69d9131a28ce260c834f05666a361679f99653704e642e8a7a25
R02697,OTHER,2026-08-29,REGISTERED,c288c60dd9a0516ef69a3e8a548d32cfaed0bb43f3af2030a85610997793b3e6
R02698,DELIVERY,2026-08-29,REGISTERED,caf83593d82ddb44b590b1fc6467a8ad9b4dad2d262bb986d3f42b7b0d79ec25
R02699,DELIVERY,2026-08-29,REGISTERED,7f09f720286736b1f7a57bf6d13213287d1b741d1dea65ca79030cc25a8f7a57
R02700,DELIVERY,2026-08-29,REGISTERED,e8335ebea9a2abae8171ad497fe3da9d289c3415dfb26aeb1b5b58cdd18cabdb
R02701,DELIVERY,2026-08-29,REGISTERED,60e1ba5f1905182fa527b523b469672435e2b83e4acbf1e83867bd144951d7b2
R02702,DELIVERY,2026-08-29,REGISTERED,ef0403b06769d6cc713f21ebfe0e8a43fcf0dbfd4e3e94d152a11988bc570f7e
R02703,DELIVERY,2026-08-30,REGISTERED,5b857b28917fd364a52615773761a639a198a63110157a291face35ac25f5ce0
R02704,OTHER,2026-08-31,REGISTERED,fe54aad373f4f653eb1dc5f3b583cfcfb90515b7e4dc5cf266e3e35e84a1e180
R02705,OTHER,2026-08-31,REGISTERED,b387ed82a0bfdb0e46a0fdd96fc2717dd354caf29e0c4d1cd75fd2b445535039
R02706,OTHER,2026-08-31,REGISTERED,cda52667feff081d86783ff688512d691f1588c60d830cb4881d4d04b23cbe5d
R02707,OTHER,2026-08-29,REGISTERED,8755640c930fed7c22534d69a5246f01ba142ef93578f4ea68d276375ec4dafd
R02708,OTHER,2026-08-31,REGISTERED,f2ba7d36f17c0302bf46eac5afab8578fd2318581a9ab4b8cc18f51ff6053b99
R02709,OTHER,2026-08-31,REGISTERED,a41f2a7f785061218d30372d12fa38f4a3c9b1643d59fd339937bd8c994733f1
R02710,OTHER,2026-08-31,REGISTERED,b9d7a40d97d3aca5e6b60dc2c1c9c6c44d876e28c3f84f6a676d69ea8e7bacfa
R02711,OTHER,2026-08-31,REGISTERED,7d2019334a217963c0f789dd8c2fd43af7c39c3c81b35634028ee9ea27045a8a
R02712,OTHER,2026-08-30,REGISTERED,92760a9be7cfb3fc91931a7b47fde879d99c26ac5f21c027a4868c4ac4fdd199
R02713,DELIVERY,2026-08-29,REGISTERED,d01fb9b1bd57b1c65d78c3b21526e9b7170b8e8d4f819b96f6ac9f59fb8980e9
R02714,OTHER,2026-08-31,REGISTERED,281b98f08433f5f66dc08e29d080a861bda00f44d283feb1a9bddb76e60f5e65
R02715,OTHER,2026-08-28,REGISTERED,638d730586e92d4c88f2c13bfa1811351ef40f3d162a84ff7879d142e9c98fea
R02716,OTHER,2026-08-29,REGISTERED,780e38d6f44d31f5908fa950442ce2dac5b6aa97c0af2a2b34ecb49b0ccf6709
R02717,OTHER,2026-08-29,REGISTERED,a70b8e5db733fc283bc3f72d73153698e1c58fabbcda9e5d9d9fcc61b1652bf4
R02718,DELIVERY,2026-08-29,REGISTERED,38c53b1150d9055a289666a71a587e0c7ad53f6183a2d73e20a9ba4557244daf
R02719,OTHER,2026-08-29,REGISTERED,1ababa6faa99e8198a1a9a69d78b51c410858475ef75d402403b44fcf684a348
R02720,OTHER,2026-08-31,REGISTERED,09ea30554fbb574881afa898d8461b08712605c44c8d51166bcf78da39a9c647
R02721,OTHER,2026-08-31,REGISTERED,2e37472582b37dd8c1ffe4eb581a2461084e4bfc5a1a20158e38bbf8063c7714
R02722,OTHER,2026-08-31,REGISTERED,464eef995c51b48cf5544dab8437ed554de33984e4233e4d869df17b52eb5720
R02723,OTHER,2026-08-31,REGISTERED,02e6c8e331e871e29122c03bf8bf9914ad505cdabbe65bbf262cc2546024cf46
R02724,OTHER,2026-08-31,REGISTERED,60af451733a3319779e8865d776237eeea7edff7f879582c32d486be8e7ed904
R02725,OTHER,2026-09-04,REGISTERED,841f43f4a6601cce6041c83d7355c2cd6c8b346f49d9fb99ecd4ab5962986572
R02726,OTHER,2026-09-02,REGISTERED,2ad61ac6851b0102644bc44f9832c10234e6d6c4a677d173951fa901bdd410af
R02727,OTHER,2026-08-28,REGISTERED,dcee1d6236d580f8b280b08a2632231904cbad3f035427443f21c3053c51f4b5
R02728,OTHER,2026-08-31,REGISTERED,24d4da94fac79800201bf2ec0c746069539468f40d74f2fb5d8a13008f9694b7
R02729,OTHER,2026-08-31,REGISTERED,5faeae5adf0e71cec389e92d98a21b7e35f57b4172b38036ec2eb6404ef8610f
R02730,OTHER,2026-08-31,REGISTERED,3693cf07e17a6382a48295c3f176fcfff4e0c3f21ba1bb5792631b1afa4b49bf
R02731,OTHER,2026-08-29,REGISTERED,a9f19d218ab93f4c960899f0ca5ab6cdb00f708545574e6269d44d49aee827a3
R02732,OTHER,2026-08-29,REGISTERED,6ec636f26cf5e2e6c5b7e8aa1a24c04a87636a07d68c21b0f14f12846b5040dc
R02733,QA,2026-08-31,REGISTERED,b50b33f1ea9ceec88d086776f411f108e80618d04a89cd4af1f3f91d7707a642
R02734,QA,2026-08-31,REGISTERED,f70f04b9dbfb9b6d7e5622bc0c88048e723e631662877bbea30213aa20f66216
R02735,OTHER,2026-08-31,REGISTERED,4275b99fe092e0271b59b6e6734e4310ff89fc8a075e6ca864de8b728c2ac1a8
R02736,OTHER,2026-08-29,REGISTERED,ee571f1b5ef8d27240d5678451fdcbba650e5011b7bbb6cde34f2a587e4aa498
R02737,OTHER,2026-08-29,REGISTERED,a1af8801df3fffc0795bd63b25a6d5a94036f7c569cd62165c4d912a01439165
R02738,OTHER,2026-09-03,REGISTERED,0b15f8955ef4f6e2b8c9b287dbb2cf8d138a1dbe1fe737ca82abaa393807120a
R02739,OTHER,2026-08-30,REGISTERED,4cfc004b52933b8b30b0d648cda4b96cfca13cb835c4ada910c50a363f4ea61b
R02740,OTHER,2026-08-30,REGISTERED,7ab38b3496f82c24e87e74cf0b478b93e744be1d6075af3f738430cfec246d8e
R02741,OTHER,2026-08-29,REGISTERED,2b19d31046cc5bbaaeeba66cf042a917e31c0ea2454f0e88f96928d5575ba0fd
R02742,OTHER,2026-08-29,REGISTERED,f24d00bca1be638208dbf0dd18047264e3853f3abae0442ad81a994cb527eec0
R02743,OTHER,2026-08-29,REGISTERED,7432c845e8c67b094c97ce4e63a58f81f1558244d9f3a1fc343cb07af82c851b
R02744,OTHER,2026-08-30,REGISTERED,b8ea4c2709a6bca9d4d33da8d0375da65c9a118185e7aac9eb433d6008b3a6ee
R02745,OTHER,2026-08-30,REGISTERED,46de711c1a5cbe20b047045d5c2aa7604d4f133c8a87b051c6fe8d10a6616fd8
R02746,OTHER,2026-08-30,REGISTERED,9f17cf86f062fc6e2f6d13e22ee26981e0ed52291e940bccab0482c58a918fbf
R02747,OTHER,2026-08-30,REGISTERED,ada1b131eab8bd0254819b9c951cd5dccdd8db1a443fe8d70af10157b0a6c227
R02748,OTHER,2026-08-30,REGISTERED,177e6da9b9c3d91f71b2c518d853e9e735a99828f773ad06699368e57cb26f03
R02749,OTHER,2026-08-30,REGISTERED,68b3ccb533630725516863b481b24a3a80ccf47909616c0678233e923d35e0dd
R02750,OTHER,2026-08-31,REGISTERED,5541e20f6f32e9e7d022b0c900663106132e72ace33b7d4b661e7f668c039120
R02751,OTHER,2026-08-31,REGISTERED,81448510e841a1ac003aaaa1e771e027b4265f4650ed41bc9491e75bab134d57
R02752,OTHER,2026-08-31,REGISTERED,e4e1f6f00d5875f1f54b052f3c51d01e598da5ffdb9606e22f1d92c8a4aa453d
R02753,OTHER,2026-08-31,REGISTERED,a08962f5a90f5b73fe4685c1d18e6dae53e86a824714388ef7612c356b1699d2
R02754,DELIVERY,2026-08-30,REGISTERED,27db842d63ba9a9e6ab15fbea6a539189df503fc2125498023a0b9bd78dad38e
R02755,OTHER,2026-08-31,REGISTERED,77e2573cb4a69aaf1b5a4418f2652150302d61f802936340b5a494254b6a1aa0
R02756,OTHER,2026-08-31,REGISTERED,87caa9f9780a8b629c6ecf376a90259311fc3ac1023eec19fc6454b7c6b3617d
R02757,OTHER,2026-08-31,REGISTERED,8ff62221d757e3a74e6a869f862db17556f79800756e125e157799477301f0b5
R02758,OTHER,2026-08-31,REGISTERED,0d81d3cbe5ebd29fc669ac4d0f2bfc4c32702d96773d8c83709fc38e7ed10c3f
R02759,OTHER,2026-08-31,REGISTERED,8b7d653d2913891e8d3a7d1f2d68151103e9eb569c2fd1e530d106ba6e1db7a1
R02760,OTHER,2026-08-31,REGISTERED,2aa695d00baafa4646758aebca6174bca40606e1ff003a8759137bdc0aa49ff6
R02761,OTHER,2026-08-31,REGISTERED,30f9e9d2274073b9186d16fa8c1b8f0d8beb35f9dcfe4a32d0892ec4e6bf8fb0
R02762,OTHER,2026-08-29,REGISTERED,c36789841ccb6ff1e3455580f4e809f3d587abf89d0e0c1d2b89ba7489a0209d
R02763,OTHER,2026-08-29,REGISTERED,522c071f7f15a100ab249bd0e853ac52ffb32e0a5e67822b18e54bb7b924096d
R02764,QA,2026-08-29,REGISTERED,56e668df01f675a34df3387d6cea1e2b6e1b61094192c8e3268424671f2a87ad
R02765,OTHER,2026-08-29,REGISTERED,faa6a4aa61f40a68cd94094fdd3f61b52bc35b80a28c884f4f77c97217a3cabc
R02766,OTHER,2026-08-29,REGISTERED,23479f7292200c87c36c123757f60cd7cc2d870eee78dd36a14f5e1a2b5c0559
R02767,OTHER,2026-08-29,REGISTERED,a791df2a4b00da302f0fdb34babe811ab33c428cfeacef9d0501e636d356cf5a
R02768,OTHER,2026-08-29,REGISTERED,7b9225200cda0c1f3ac0f6a08ce6a6d95aa4193c4cbe33856c151351643e2b96
R02769,OTHER,2026-08-31,REGISTERED,7bedfeea140d022f2e8b13fa553e1adb09ef8ebd23657cbbc85f19b3f1d3f839
R02770,OTHER,2026-08-30,REGISTERED,2bb7b1a84155ac1b0a76dd735948ab8426960ccbe722ddcebfd9f6d65445dd4c
R02771,OTHER,2026-08-31,REGISTERED,fb7cb5b132ba6361633f674fcb79c1e5d33339bea33e54dd65b533f1531f22db
R02772,OTHER,2026-08-30,REGISTERED,2cec718d82a8026de78b78267b3638891caf198b299a7f87d946a5c0a6a09ccd
R02773,OTHER,2026-08-31,REGISTERED,c812b5a7b907693d988f760e7ef82d847e3d3cb5447f127d3bc7029bea8256fd
R02774,OTHER,2026-08-29,REGISTERED,3c79ac11a023302e21a0f98761a76252f1a891d69ffa879e73e43f8a745eb52b
R02775,OTHER,2026-08-31,REGISTERED,9998a25307e17f95d9f2932bb559222227cdc56ecf05cb4b8e6bba26dd02d8af
R02776,OTHER,2026-09-06,REGISTERED,39dfd5a3ca3038a389ef2ec78f976e4a0c430f9cc3a3937226dddd8b72d669ca
R02777,TEST,2026-08-29,REGISTERED,3c2569aec5ac0aac17cb009c1fb2407dd8651763aa5c0c5c127d274375e34b05
R02778,TEST,2026-09-08,REGISTERED,a27c6c856e99268f559081981d282b80cb344debf1448ff738f0ca4d5123d73d
R02779,OTHER,2026-08-29,REGISTERED,7b1e8a6cc310561f2d2fa6049fca489695dfae0544640a06669335e547698dca
R02780,OTHER,2026-09-08,REGISTERED,9802cc93282bd4a32ce28016bcc01a19f98686cf6f6c495ea0a74c7ce8494a0f
R02781,OTHER,2026-09-08,REGISTERED,40e6ac9ba22ad19d76b0200517b3282d6f6388e38a159f8afb7e75b7562b7553
R02782,DELIVERY,2026-08-31,REGISTERED,e36f88998079847c185cc53e34709b72e7bddb2fd05cdd78aa1dea320367b243
R02783,DELIVERY,2026-08-31,REGISTERED,d11567531711dc8bb1af4827ce0847f763cc1fecd75b4ec1b085b0284ca51133
R02784,OTHER,2026-08-31,REGISTERED,0eda3759c5ce1e10b356e3dde2ad4238f9344d687ae080a9a0fc007cc0d7e720
R02785,OTHER,2026-08-31,REGISTERED,153cd1902562d8d41fc927983365f4d85d9cbeed0d0c4bf32c7501495706e3ca
R02786,OTHER,2026-08-31,REGISTERED,e0e069b3e02fcc10755567429367c822d3c16b0b2e911e0bf38646613730ced7
R02787,OTHER,2026-09-01,REGISTERED,90f8095786467f67813b41997f5466299aeacf3d7fa8a5fd3961fd85dcbe939f
R02788,TEST,2026-08-29,REGISTERED,1434aa2557cc6d9e9c2c5594b9371d515e9ef45ddd61dbe550c2feed0e4a8044
R02789,TEST,2026-08-29,REGISTERED,bd8b0e0bc101c8bf55b3e2c5d9b1045b39d31824f73ca053174f784bae0cba20
R02790,OTHER,2026-08-29,REGISTERED,8d916e1c2b90d3aa0866c07b3650786793afa8a6abcc705b21c752e1ffd2dc40
R02791,OTHER,2026-08-28,REGISTERED,cc4940b2c3358bdc22e679db768545ce2530c4d03e20fea4188dccd9da9a3139
R02792,OTHER,2026-09-08,REGISTERED,2b982c7fab456e2ddc8b0ea1073788682482e15d72314da22ff65f6e5d8e7c38
R02793,OTHER,2026-08-30,REGISTERED,ca68ea7a5979dca6e754c4ae6b5683a475d7ec09bbbcc188d7bd1722380f10ad
R02794,QA,2026-08-30,REGISTERED,39417752a4cf452e43f173ec10ae36ec7c62d3af2f7402a6bd77fbd7f90bf918
R02795,OTHER,2026-09-08,REGISTERED,9522e1309604c00dfa0f85712e46e222e7274aed04f6b2216faa5d58905929f2
R02796,OTHER,2026-08-31,REGISTERED,d24c0f0470d22eaabc0e23179f4b305e77eb4ae7ebca842c40723cda165a3f26
R02797,OTHER,2026-09-05,REGISTERED,4956a0b3992d3fb04fd54310ac6dc77d13d6fe1b832b873a25a0773ecf4aa531
R02798,OTHER,2026-09-03,REGISTERED,596d5ca3dce35bc1f34308db207b6993f7b9beb1e2677bbd9c2f3e05c89a8150
R02799,OTHER,2026-09-08,REGISTERED,621b0633f564cfc7e530044698248b56b120f2fab73b41fe775de15dff7ea22f
R02800,OTHER,2026-09-03,REGISTERED,8fafd20c7f669960af1cc4d718ad57567abece3c2fc63a7c71fbf64db994087e
R02801,OTHER,2026-09-08,REGISTERED,db3fd2f1d4a24253b7cb917f5ac820d091a1f0880c3805027981e30f8d139ae8
R02802,OTHER,2026-09-08,REGISTERED,31dbe794454db425d57591bfcd72c7fff28b143f4f1a2fabf2a41b9ba3f303dc
R02803,OTHER,2026-08-28,REGISTERED,4d4b509bcc520bedcd27aee224bb11b36297d91203666f6514d19b10d61d23bf
R02804,OTHER,2026-09-08,REGISTERED,eacbebb9db4287330aaebae8575181233b2324ad9ad3d1c911754ea970f7500c
R02805,OTHER,2026-09-08,REGISTERED,7ea891c3948881c2ddfd7b5591e64289a09a5112ef8aa439cf77c34522d338a8
R02806,OTHER,2026-09-08,REGISTERED,9737491ecd7827763238dfbe98f71ba58115494380dedc95458150e5743b1f87
R02807,OTHER,2026-09-08,REGISTERED,116f089b2425f86fd2fbe97a5fa220fd415f2e9a965cd082ec5a420c02098a90
R02808,OTHER,2026-08-31,REGISTERED,cb832e59f1ab499df5c99c8f35a950f015dbe080669d2ee420e20c0a4699afac
R02809,OTHER,2026-08-31,REGISTERED,816468020e20be6f5ffb6ecb5bbf24483c712636e5d875d0f304051f6edc3330
R02810,OTHER,2026-09-01,REGISTERED,db32dc060188a74c47ac3caf62e3ad76e63c406d86170c74a1e181bbef7c50a1
R02811,OTHER,2026-09-01,REGISTERED,e80261a953fd2876dac2339f0da7d909ab42b2d3a7476512af2ea7fc706715bb
R02812,OTHER,2026-09-08,REGISTERED,dc578f052034ff6856cd77bc3e9f324e8616ae809b9216d60ad1fc85498b6dc3
R02813,OTHER,2026-08-31,REGISTERED,560d7b5aa6af9966ee0944d53eff02158f38b20c47ab7271e1c7247365755521
R02814,OTHER,2026-09-08,REGISTERED,36f2909f8b61517eccc6df44d2105b49974059bc744778b8fc189ca70a148ce9
R02815,OTHER,2026-09-08,REGISTERED,b5916a0de52bff721727c29cb749844ed76020846fbe7b430b18f65d26ee1373
R02816,BUILD,2026-09-08,REGISTERED,4d8c85e156feac5275b0275537df8a9b385f41e7a6db451eaca41fe96ea98592
R02817,OTHER,2026-09-08,REGISTERED,810770b580343f61990739e65d55b792b210d4dbba543bf022d5be3f1410bcf8
R02818,OTHER,2026-09-05,REGISTERED,aa1c005e9d3d867fdeb88871d0f2a57c14a599a84dbf119b3e1693643fd6b3a1
R02819,OTHER,2026-09-08,REGISTERED,74e7f817ced0641a46b3131cfe6ada5cbc8c7764e045fe8d16a80e5d87c05d4b
R02820,OTHER,2026-09-08,REGISTERED,0a8f3dc89d7f3a2ab2d06b9922fd28798040b4d7a0e720f3e658af898a43780c
R02821,TEST,2026-08-30,REGISTERED,c7e8d963898ca97a39576a15f11480868c8c759809ab013bc713f3c9b483cbf9
R02822,TEST,2026-08-31,REGISTERED,f51f7f5a84542e96bbbefc7218a29293046684817c1d239ed20c6084bf5dfcb9
R02823,TEST,2026-08-29,REGISTERED,a11c80d94e8bdaf8dacd4d94021fe0a9d5a44fc1a68cd09d08efc1ad94fde2de
R02824,OTHER,2026-09-08,REGISTERED,1dae40ca33573f089aa90aa4928cf06d8c4f62c12b7fa891ef608c199c01694c
R02825,OTHER,2026-09-08,REGISTERED,2002b752bfd0a64782d359e96d3a03c9926e6e061f3db134902b56846bebc933
R02826,OTHER,2026-09-08,REGISTERED,4850f8f5611ec5e01f88b546813841d977d6cfe0ad1dbe9b4729f7df48ee444a
R02827,OTHER,2026-08-23,REGISTERED,86f9350dc4e5bc4c5281cf07ded378d58a9d82761171edaf24b0ef8c209b2187
R02828,OTHER,2026-08-30,REGISTERED,444dc4ab0559709b313654703ef7594559197d68887436f0223ad4b90ca3bf98
R02829,OTHER,2026-08-28,REGISTERED,11ddab7b3321bedfc04487e9aaa0147ecc339e1800f013a3cc734a8bc8088541
R02830,OTHER,2026-08-28,REGISTERED,bc718458e804af1778684a087a0469de4bd1770d366a673014e3c7525921fc19
R02831,OTHER,2026-08-29,REGISTERED,4bc40e2139c6e0244a2171e6edb4065c0bb3440149fb669795778a51d012dfd5
R02832,OTHER,2026-08-29,REGISTERED,81e9992d6e6b90e0c6d74b00b73442347111a2e4ea12030fe5e3de9115902bf8
R02833,OTHER,2026-08-29,REGISTERED,3755d5287289818ac18af6a96d77476e5ddc5c73ca8cb55a695d7759917e6c5b
R02834,OTHER,2026-08-05,REGISTERED,90aaf17cb78db535cac87f45be15510f302f99ccaa26cba3ce2b68b37d3c0803
R02835,OTHER,2026-09-08,REGISTERED,3eb5f77e5c0be6248b93c9741ef5d410868cc2b2fa3ff4f5d1cec160a0007fa2
R02836,OTHER,2026-09-08,REGISTERED,697b10bd8fab9b0e3d1905b39ce53be11c0d52e0cc01d0aad82c2832b6761e19
R02837,OTHER,2026-08-28,REGISTERED,a58b176efc91b2c54a8fcf9410d95a22e4c70078aeca4a644a1a370bd86a586b
R02838,OTHER,2026-08-28,REGISTERED,0841c8061b15c57329b79f82b6e361149f310a8d284f5008f6d7d6de7e32f592
R02839,OTHER,2026-08-28,REGISTERED,cc2b4344c82177372e878f76016cb21ce13d890551e0b4ee18ffcf7b356fd847
R02840,OTHER,2026-08-28,REGISTERED,e058f6f1bd95c38c6d4e74c35a832ba428876c3d160d861113791a47b11edee0
R02841,OTHER,2026-08-28,REGISTERED,67945f2a3d21077920555471f17baf632f860e62b1d3b074c5f3852258efca41
R02842,OTHER,2026-08-28,REGISTERED,a738bf4e6fb64996082d3c1706950f95baf3ae2613580487532af6084736ecdb
R02843,OTHER,2026-08-28,REGISTERED,a4162ba6eaf3f0d70e90ea6c2403090fa0a05040b8e98280c0a0c7cbda0f2d9c
R02844,OTHER,2026-08-28,REGISTERED,d6db917ba39fae20d0b993075f6aff9060a7c25aa47cce272ff953ad46e7fedb
R02845,OTHER,2026-08-28,REGISTERED,f18fc4e3430cbdfbc4d17b63da62a0342fc7405a7b26396ca4a66328fb189fd1
R02846,OTHER,2026-08-28,REGISTERED,b65fe67bedaca0ad587c2e47b6a20593e1d9b4b25774f0d320a5d1f55f270540
R02847,OTHER,2026-08-28,REGISTERED,b5483031be69a0a10532b08511cd1b13613ca8e681c7c1e4d1de397b2bfd1044
R02848,OTHER,2026-08-28,REGISTERED,b24bbb13293cc5bf0b6e9c210d24356affb248ee9c35486599ecdeab4478fcef
R02849,OTHER,2026-08-28,REGISTERED,28ec800dd06e7abe94135f227f27c071bff769e822598d1561093c86e675792a
R02850,OTHER,2026-08-28,REGISTERED,31e046a2caa215764b52e75a923350e16a823dced11a23a02deb457eea64b486
R02851,OTHER,2026-08-28,REGISTERED,f9eda77f021788bb2f8f1a744de45bbe8c2741e3ec8a31d3036f2762f1956f37
R02852,OTHER,2026-08-28,REGISTERED,6fdeaf6677a4dc3ad71c41633dc95420b19917d49ae1c2aabfcf05031c51efa0
R02853,OTHER,2026-08-28,REGISTERED,734dc356a08e0f4ba39827f076f2372897fab2ef5c94c4738631006ec6fca877
R02854,OTHER,2026-08-28,REGISTERED,9b2540bd5c341879919d2bc5910ecd0097e29b8ec48cccf1b56bb0cb5b40e0a8
R02855,OTHER,2026-08-28,REGISTERED,83254165843a46a86b28d7a2175e967ffaf1ce2a704af57f0f22918da22f7605
R02856,OTHER,2026-08-28,REGISTERED,71d34067865b6098b41f52126b8246c4d85fa00fafdb9c61bfd28c97a2a0cf8c
R02857,OTHER,2026-08-28,REGISTERED,f6ade1d4fb085b292b3cc7a136a77bd562703c8574863adca62bf9ac71b47185
R02858,OTHER,2026-08-28,REGISTERED,545adb15711bf551826a368338d0ecfaff9ecec046c593e7744449ff27a65696
R02859,OTHER,2026-08-28,REGISTERED,036e73dde7c46bf21739114359ec0b3f5bee3ac470f8334cfbf8ea6802f6ff82
R02860,OTHER,2026-08-28,REGISTERED,1dc8ba22148c0177cd516396bfcb915b98d42bca747686cb993116f18c2a7dc2
R02861,OTHER,2026-08-28,REGISTERED,b99a186af214fa8d577e45d94c60214db45903fda7e24f42bc2d0eec73c456aa
R02862,OTHER,2026-08-28,REGISTERED,530794efa900ff8fe0782b4c85c32b68d1a16c7e5bb25fb159049e6538cc10cc
R02863,OTHER,2026-08-28,REGISTERED,6a4a4294df140e47e547aa92e102eb9adf37482c6bb82706a6683b5ae262ab89
R02864,OTHER,2026-08-28,REGISTERED,d80aba95293dce7dcca9d43ae0c010a8b60843f97f0d6a3ea9cc54ed06277037
R02865,OTHER,2026-08-28,REGISTERED,f2b5e20caf69a90a36f1b8587cf22bc7744aa978404b73a68c87350fb824c3bd
R02866,OTHER,2026-08-28,REGISTERED,dabaabcd9d7dc94fd43d255219cce07355955969d1ff38025126885629a07af8
R02867,OTHER,2026-08-28,REGISTERED,51887d2118028442ece7e9de26930af4f7d5a770b357e2cac9e32a238eccd266
R02868,OTHER,2026-08-29,REGISTERED,251aca46e83a569c930c233cfe2a0b7b063a17a767efdc8c4f96b2e047c0df58
R02869,OTHER,2026-08-28,REGISTERED,61d860b89ef54040bbbaced640cb9f8ea6aa4fa06d2b5470486b072efdac1602
R02870,OTHER,2026-08-26,REGISTERED,9e962d38425d79f9ac7d49367eab6b033efb93182af9f2156e1d68632b0a192c
R02871,OTHER,2026-08-26,REGISTERED,c04ce2982b4f6f4af4316853aec163e3b22031702f48ef43a1bec38b0bee5c7f
R02872,OTHER,2026-08-26,REGISTERED,b06116760ad4b1dabc0cd22ab107dbf142984d64544ce914244876ba3a11b5dd
R02873,OTHER,2026-08-26,REGISTERED,d6a864181de374f9743253f4553161eb1fedf51dbecd13fdd8a8f5bd4d62e1da
R02874,OTHER,2026-08-26,REGISTERED,2bcdc9f7c8253022a3a17ec4637b3fe6188c6dd04c68b6bb5aae393eb8d52ddb
R02875,OTHER,2026-08-26,REGISTERED,2289fdac09a690750a9572541f55a65b25544deec694075f7bf91e84c946cd58
R02876,OTHER,2026-08-27,REGISTERED,dea34b5c9f402968a706436378664c3be94eee9194838a576205220d823cc9b2
R02877,OTHER,2026-08-26,REGISTERED,bea79073d176de5da4c2306de20113b08f5cc82afdf8ba26f8a60664b4a80ea2
R02878,OTHER,2026-08-26,REGISTERED,8ae19564ad5d1c3fecc38d254ea0d0f001d128fec6818248727b76c999a97cd0
R02879,OTHER,2026-08-26,REGISTERED,9a97feab24112d46b5c368acb9a3fb4f50c7dcdbd872624b458b01b354f9ef2f
R02880,OTHER,2026-08-26,REGISTERED,6a20c7caafe0c432af52acb8a7455d102cd3d38294cb9cdbfc8e0d27a92ae4ec
R02881,OTHER,2026-08-26,REGISTERED,dbe5bfd0aeacd3685a48ee5194bf70d71bd3f8cbee4ed4233ecf428d7932ec93
R02882,OTHER,2026-08-27,REGISTERED,dfd75cd75b10214b52a8704c6358bba802ea72723a595320847fe436ad6603ac
R02883,OTHER,2026-08-27,REGISTERED,aad9f8a3824f1a03fbe693677c972a9419818c3558da4676f94ca3bedb985ff9
R02884,OTHER,2026-08-26,REGISTERED,32d44402b3b61be155418b13f906a333563f15a5668c7cdfb7693ea2faf3f24f
R02885,OTHER,2026-08-26,REGISTERED,cf46b070be1afa23590a060a7b10268ef16c881fcb3a6b0323190c1c207be338
R02886,OTHER,2026-08-26,REGISTERED,5d088c3345a7e4851205e431954c51ea95725136b3d41659a3fe4b0ff07f58f4
R02887,OTHER,2026-08-26,REGISTERED,f72fac4553bf9ff04b2218eb7cb37a2fa08a035b587884a1f44cca3a350ebbb3
R02888,OTHER,2026-08-26,REGISTERED,69363a9298ddc24567716c9816697394702147556208f8ca6da78948e01b4051
R02889,OTHER,2026-08-26,REGISTERED,0847b4cc92f53ec531d180bbff7e4adc1571f7a4c66ea07f38d7690c051ba331
R02890,OTHER,2026-08-26,REGISTERED,00deea01a99ad9b750d9e4e5aae1f3739fd0c10235227a39d96b75f21710e6e7
R02891,OTHER,2026-08-26,REGISTERED,eb7953df5aa876cbf50a23b45ca3f4d698d72a252ac17d3650a781a7e4a3868f
R02892,OTHER,2026-08-26,REGISTERED,bad291d340ad5b7bb87c5b877d8a2b6d92297db6cd16d2bd33edbb868905cae4
R02893,OTHER,2026-08-26,REGISTERED,c7741d83033eb146c9788843983a6369619366314a1c87c8de281b2a9dad55ed
R02894,OTHER,2026-08-26,REGISTERED,25c700135b360c024b81513c2a3322e3087af12552e5feab04434b892fe36ab1
R02895,OTHER,2026-08-26,REGISTERED,ecbf6f7678900c942c6d4b8eb4ed6c2f1f8c903028a6d57a6d1c2e0f8ce52530
R02896,OTHER,2026-08-26,REGISTERED,44be6f660007766383699bfb3bec159ac77fe72dfd475b492524b4950abd9eb3
R02897,OTHER,2026-08-26,REGISTERED,02291f92cd06a19ea4182e8072b578244f4c748ea4282df91730e50e3a9b3a80
R02898,OTHER,2026-08-26,REGISTERED,351dcf16840459db02bd1768acb47093a8d20f560de00b21a6c22d262896534b
R02899,OTHER,2026-08-26,REGISTERED,16196eef54b986ef992a2fc6b2588c4c17a5d75c738f50493385ec560b2a866b
R02900,OTHER,2026-08-26,REGISTERED,c20abd562504b9d943b06b618f45650955a2abf97efca41645543c176ff5e192
R02901,OTHER,2026-08-26,REGISTERED,8e97ba7a7651a80dd69cf3481cb7b746b5633429ec86f300cfb3c000ea253012
R02902,OTHER,2026-08-26,REGISTERED,4d0bdfb17c2b5acbb12e2f6412e8535b11f614e6ec3068e0d2a1977174d5116a
R02903,OTHER,2026-08-26,REGISTERED,f5a51ac720094955360db00384324d65d56126c84686276e440f91dd8f0577cb
R02904,OTHER,2026-08-27,REGISTERED,14b9d3105036b31ca4788807c51342f54765fdfb3a501309266a40658803342c
R02905,OTHER,2026-08-27,REGISTERED,c3d7f1e1674d67041f13eef09cae07d09113acbb8f80d909dbb98453151663e2
R02906,OTHER,2026-08-27,REGISTERED,7994eb9f48a4cd9126ae3e1e39c041c8fc022b1a1f00ebe2c20388ab70adc0db
R02907,OTHER,2026-08-27,REGISTERED,c9cdb768e18824a84cef963a4aca0c6a03d670f95f5954f0d4564fe29d7b5794
R02908,OTHER,2026-08-27,REGISTERED,f6f7b4ab5cf7ed95efd34e960d3c3811f4de79acc18afb160f444bf2af354ed1
R02909,OTHER,2026-08-27,REGISTERED,b508cea2c83dd6be41d4917d2a3ee85a08a187f99201f02dfa0ba71a7fee0eaf
R02910,OTHER,2026-08-27,REGISTERED,8ece85111b358121be345b538e28ea438f5f93e1de1b96cec28ef320dd316b9a
R02911,OTHER,2026-08-27,REGISTERED,00a189cfe921a61b883b9c51b935adc83018ef0aff6340464e72421249cdb594
R02912,OTHER,2026-08-27,REGISTERED,c2c0852c1c8f4e1a542dd8fd557755b09fd8c3679a4ea168deb3e352f3f3086e
R02913,OTHER,2026-08-27,REGISTERED,e41a2c6fe76c6861c321f3df6adef2f03126a628866ae2b1591c98eba5992120
R02914,OTHER,2026-08-27,REGISTERED,c4d2baa2d0a29d7bd797a24708737393e791b9722d42fa4bd1a37b0839f7011b
R02915,OTHER,2026-08-27,REGISTERED,c378958f44e15180a678db42585d8c364ccdc9436b913cb0ee64bba2d654fc8a
R02916,OTHER,2026-08-27,REGISTERED,e9e227e896f6051eedff68f20ad75964afa51821af80f1f4ce88db8ba555b8be
R02917,OTHER,2026-08-27,REGISTERED,a09f9427d3c840e44ff4ceee95f611adaee109471ac7cfab1a868ace6e3f5731
R02918,OTHER,2026-08-26,REGISTERED,94925daf2368d8ae87825dcfd2e49dd85a12d94099e50953d2d9868953303a5b
R02919,OTHER,2026-08-26,REGISTERED,c1feaa6eeeec157372a9c085adb4fdf6f66890b7ec626aa017972b38bab969c2
R02920,OTHER,2026-08-26,REGISTERED,b7a6cddb0f2cdebc7851438ec4cf3d248850a9a2bbb3b5a34bbd648011405a40
R02921,OTHER,2026-08-26,REGISTERED,66418c9f47a1638560e7b050b41487e9cfbcf28322fbd50a0c87d8d3369d46e6
R02922,OTHER,2026-08-26,REGISTERED,b0339b524b5a2147040c257f30664a2b6a41ed7a4d3c3dfda14120085b1e7ff4
R02923,OTHER,2026-08-26,REGISTERED,832ff66b5c4405d4ad090df9daf7d3159f8f32a53f8e6d568f35b0318a31e80b
R02924,OTHER,2026-08-27,REGISTERED,4112c4f044961b5ce7f91ea774cfff1f9a25f500c5e07685598caa5810e6f599
R02925,OTHER,2026-08-27,REGISTERED,a81cf6f01561d6f5c60f31d33b17c42a51568083e027b3e6565954af58096ae7
R02926,OTHER,2026-08-27,REGISTERED,a0cee389fa725d50970b3823cbc636078583137d5296c0fc5bfcc6261828ff5b
R02927,OTHER,2026-08-27,REGISTERED,c33e00f116dbc1528ad50bc65f2b9353c9ccb0c6f1d3eacbbf494d654b81d149
R02928,OTHER,2026-08-27,REGISTERED,408f84c673b203ac54cff57e3e932bc48fcc50c0cedba5ec6782c5bef786114f
R02929,OTHER,2026-08-26,REGISTERED,8d9da4f373c2c2b0d183fcdf8b834cfd063133001853d875a04b6f74605fa1ab
R02930,OTHER,2026-08-27,REGISTERED,9f8ebcea924192162724df8c2a0a26895e62f896986df880418d68fc6c53cbde
R02931,OTHER,2026-08-27,REGISTERED,7672936c26c9e3872170a86607dfdd5a1edce8f4d081e7dc62038959995029b1
R02932,OTHER,2026-08-27,REGISTERED,150ec5ae91f50394aa8ddce7062c6c542ac23251602d24c5983ef5f81dbaf777
R02933,OTHER,2026-08-27,REGISTERED,6754292382c6c1f537e769dd4314b2be2411fdc10723987e91f245bf464977b0
R02934,OTHER,2026-08-27,REGISTERED,611c326a6afcf6938ee6ad20d73f21bb8646c7b3729c67231f10747bcf6024d0
R02935,OTHER,2026-08-27,REGISTERED,d847a9874d3802e5bd6535641c5cfd61d98bbaf7d4cbd6edaeb7fdadc8247fca
R02936,OTHER,2026-08-27,REGISTERED,ec31818f3be8beb3a5c7cd4425100c430b432689ea0c9feea70340c4bd3c7239
R02937,OTHER,2026-08-27,REGISTERED,be3805c551446751af263988565f6e5f96a73e66ad427494c1bc91e0902e8e56
R02938,OTHER,2026-08-27,REGISTERED,9b4e721b9df9c33e358e1a469761d14f4fca7e055be216979d9bf9890e4dcec6
R02939,OTHER,2026-08-27,REGISTERED,40bbee37cf4754d1b6c4022113542105da493d90f35f79a3b3dbab712806112a
R02940,OTHER,2026-08-27,REGISTERED,36174854d27f23098c34ce4880e24332b9d10c167f783883ba84449cf48f2041
R02941,OTHER,2026-08-27,REGISTERED,e97a3ad389c927c1e051f94e979e47fc7e5fd1e13e0d883b4d7bbd45b9783516
R02942,OTHER,2026-08-27,REGISTERED,5ac24101efd97c1fe90b52b09a11836888d5dd71700e4762771f9790440c3f28
R02943,OTHER,2026-08-27,REGISTERED,03f9185df16f963953d59b7fcaed91585d81893d0bc0a8b7ec2180cdcf73ad4d
R02944,OTHER,2026-08-28,REGISTERED,50596cb2cd74ad631780cdf0935f579161daea8c48b55a71f3b4fb783630be32
R02945,OTHER,2026-08-28,REGISTERED,c9f30461c7d091dd220f704d0d5b2538f43ed86dc304f799cfb3c4c2c1f2a945
R02946,OTHER,2026-08-28,REGISTERED,c636ef1476671971b4c5bab88b5ac245ea0f35940a32ab4b46650fd95d7091d8
R02947,OTHER,2026-08-28,REGISTERED,cd62265982dc1248e906c0fe6a08002b3ac9132279ff181928cd2e2281b0c554
R02948,OTHER,2026-08-28,REGISTERED,4fba500d26d73b37c805db1a604027e620f5b0ef1587e03b1701487777e67935
R02949,OTHER,2026-08-28,REGISTERED,a083c3f07ffe5200edff74c95979f11a2673eb09d752b32062d1e312e4fc880a
R02950,OTHER,2026-08-28,REGISTERED,6ce3ff3246bd6e26f6e01d418c3ec6fd802865a19118b0c804eba131ad6ba8be
R02951,OTHER,2026-08-28,REGISTERED,7e65580c2044c3f91d29f600ba1444d34eb5dcf0ee21d3ab996329ff98a1346e
R02952,OTHER,2026-08-27,REGISTERED,53e551d7366216d7a1edba62fb6bcee0f2b87c0c95eaff82b56bba37ca6cb626
R02953,QA,2026-08-25,REGISTERED,26a8957f97e691ed9a2f9b3b557f9f626a8426047693e013ba76c3927bc532de
R02954,OTHER,2026-08-22,REGISTERED,4e2b8b5ebca0118209a1aa269ec2d05ed60f441ac0a57bf06105ce95d62796c5
R02955,OTHER,2026-08-22,REGISTERED,e342a7e92132d39c4c908bd433fa91e1a486bff4013633709cd3f9d96a2975a6
R02956,OTHER,2026-08-28,REGISTERED,6add5d51e310bc700879d6a6efc87be49aafcff809853db09f57cf2541e124c7
R02957,OTHER,2026-08-27,REGISTERED,5fd7a51f17c916f859d55fbce7a5719c4ba7bfee3b102bd527790a26d47d960a
R02958,OTHER,2026-08-27,REGISTERED,b8e5172b5f8f65e3add511c1c19ece80eb3120f4626a8a058abf897c48114a00
R02959,OTHER,2026-09-03,REGISTERED,0d2627ab43cc627e5aac96d4d4c07e3bc7191820e798145a1c758c101ae6c0fa
R02960,OTHER,2026-09-03,REGISTERED,5378706f9f268303415ff60baf4255b941be2f3466af55c3fca47fb5eb064fc9
R02961,OTHER,2026-09-02,REGISTERED,5b7950d9cac30de9ad714caa5f3fcf950c0dd5ea24850ebbab7c873a1f357958
R02962,OTHER,2026-09-02,REGISTERED,755abf00ea2e2f92dc36fbcf086d3d14924f7c9cf3d7af76757362fa246913e3
R02963,OTHER,2026-09-02,REGISTERED,2cde2cad68b4fb7f2e6e29a3358c458fce2ffe9f069ab20ba14aefe0037b8aa9
R02964,OTHER,2026-09-02,REGISTERED,0093ac900c44f2212f30dd5682f8f89011d953a0c890d81b75f7d6dd8ca99737
R02965,OTHER,2026-09-02,REGISTERED,57ef5a8ab6225f6837cbe7dd2a7682009a6d82bd8ba93c7455fe610db0ba70c6
R02966,OTHER,2026-09-02,REGISTERED,cf45e9892eac3c97acefaffda1590efeaa1408910b278cd3ade335c9928d17f8
R02967,OTHER,2026-09-02,REGISTERED,211f3be8dffd364903dc6236d22edb641a7c061a4d00d361abc1ebc8cb95e6fb
R02968,OTHER,2026-09-02,REGISTERED,f583fc36f4ff03c405c16e992527624cb0a2c008f5a027c13be61284e1b59bb1
R02969,OTHER,2026-09-02,REGISTERED,148e6c0f81c41c50a1cffe7b361f8b88e49c118679e5b91aa1e3ac27562702dd
R02970,OTHER,2026-09-03,REGISTERED,1369ae78f3a3a1dbfe57e6be05bc17c6d64c3a4b04006978e6569f5f06115118
R02971,OTHER,2026-09-03,REGISTERED,33ccf8ca214065a86113cc6305d0d883d81325a2b59c3f003411acb4adad4641
R02972,OTHER,2026-09-03,REGISTERED,8ab0a9ae224bdfb832d6992eb9c90e8080b6d7647b060a24b483329ff3d81ae7
R02973,OTHER,2026-09-03,REGISTERED,094a5c74a9e196fa1b0e91b43f939d6226226a64b9db12c48e8eb98d8a6ef1f6
R02974,OTHER,2026-09-03,REGISTERED,3c9606b365d4026fda7c7caa0c1afba463283b7b462bb4fa691e29c701b7ad4e
R02975,OTHER,2026-09-03,REGISTERED,d9f2f12d6fe16ccfd8b79f1d874701d93503d442a208bab1b97aeb415610c216
R02976,OTHER,2026-09-03,REGISTERED,1c49378c26568f280f1c65a7d1450937add2fe8402fdc2a61c91b31d51c5773d
R02977,OTHER,2026-09-03,REGISTERED,65d3d5227b009fcecacca3a78c79a078c98c062c005b750893a5d3323153bc3b
R02978,OTHER,2026-09-03,REGISTERED,775edefb0a3cfa5968d1f894818dfc31292a854d7014a75c15b8e575428f25c6
R02979,OTHER,2026-09-03,REGISTERED,cd91e8591b1936267d8e4d8558c790f3af11131fb372d53918ea59aafdf1745e
R02980,OTHER,2026-09-03,REGISTERED,217671e39f7fd430ed49c145dab86fb799ddd7fb5c4656ebf1a7f38a0b6f25f7
R02981,OTHER,2026-09-03,REGISTERED,781315b910e424646036149be0cca011add62554026d35a5661dd58015596c0a
R02982,OTHER,2026-09-03,REGISTERED,2adac13dcc1084be88dca2395a5180028d3331524a371e481ed42b45c7e17cc7
R02983,OTHER,2026-09-03,REGISTERED,af27d4432f1fc298d7c05c7ac847d70bfe7fb83e62d0f8013cb0bc5ad60e6908
R02984,OTHER,2026-09-03,REGISTERED,bfa418cd9057ecef2c0430326feb8fd2cc066c7a605eef6453964ed7bda12e2a
R02985,OTHER,2026-09-03,REGISTERED,023b889bc671225b0224a204fb8cd7ea06072e99384d4935f238e897a4676614
R02986,OTHER,2026-09-03,REGISTERED,70075730a8272d317104ba0fdcb285b1900b479d7a36f171612b35af26ed493b
R02987,OTHER,2026-09-03,REGISTERED,40d6daa3e720f0ccd3212cb7838e82649fe23c18cdfc33a1d436ea51c4bc3fc9
R02988,OTHER,2026-09-03,REGISTERED,ed28daa47dfe3cc5772e1ba1162ab6450bf0989949e86f11c2f794ea215643fc
R02989,OTHER,2026-09-03,REGISTERED,9cc5c9af7735b006f0348a3694e7dc3acce63482dc58c47c3ae22b9a571c2c7a
R02990,OTHER,2026-09-03,REGISTERED,958c4406a4eac52614e7fd26f482d553b462e04dee83feb4722403ae71eac980
R02991,OTHER,2026-09-03,REGISTERED,4666641c4b6fa4fa91bc7e828f8286c76e7be7806453cace00d22ebcf939f8c4
R02992,OTHER,2026-09-03,REGISTERED,04016d04aa03d99db95b072b270e83a309af43cf3214c167c2364a9d0d51266e
R02993,OTHER,2026-09-03,REGISTERED,29b3db5b47aa54793e6f0885b452f695f6c21b848b568174fe815037f009fd91
R02994,OTHER,2026-09-04,REGISTERED,65cc906f6f2aef279e0a1d40898a7e25b1179be37048df4fd1d30a5ddc63261f
R02995,OTHER,2026-09-04,REGISTERED,8f7b55389559b571ad09ee8962a6e0c8971132d08bb2bc10ca2e524a6fc25122
R02996,OTHER,2026-09-04,REGISTERED,93cb3137c6a4f8790ee53a0cb3e80066f8833f8b4d66560f23e1159e81766ea2
R02997,OTHER,2026-09-04,REGISTERED,65ff7d341d102d7e3389f2b20c85a89b5ab0e1b6d661370268084972ff82972b
R02998,OTHER,2026-09-04,REGISTERED,3ce97eba9d102a631e625728fc1113e9c6f742e8de74e1870d2112a060eafb3f
R02999,OTHER,2026-09-04,REGISTERED,14de8341507367be22218900db28926bfb8e3f0a410e68dbcf3f89b23991ef42
R03000,OTHER,2026-09-04,REGISTERED,3f66bad3b53da661a3f1378a025d224717401946c9ba27201d1b3bd7c6710fd0
R03001,OTHER,2026-09-04,REGISTERED,bfb8c3a8075d8de6a1362642ce8f95fe6df4b37fdd8d8ef101b0cf9368727336
R03002,OTHER,2026-08-28,REGISTERED,83ed228990ed2c63c61c5024e863f736338dab2e17fc5d5f9bc37010487666d2
R03003,OTHER,2026-08-28,REGISTERED,6eede0a107ff0d69f4f644ac6bfa0aedb7bc416ecca34f4dcc745273e0f45630
R03004,OTHER,2026-08-28,REGISTERED,e47fd2d58d89d3dd2485823093cc89a533be1c380283825df5ba0bef7fa673cf
R03005,OTHER,2026-08-28,REGISTERED,e08904fefaefc2a901ceb492938110696de6d499e38d76b97bf904364f634d86
R03006,OTHER,2026-08-28,REGISTERED,91e8d5732661f7d98dea624f289d5e9fee304b781bcf33998c44a52881408728
R03007,OTHER,2026-08-28,REGISTERED,67c232d28a6e6ba74c90fa7a04e7be3da468c092982c87c6c3b6998cc0ae373b
R03008,OTHER,2026-08-28,REGISTERED,9658aabd3d4f49d2b65c9ced3865c570aa2d05378d69e721e9168e858ee8a17a
R03009,OTHER,2026-09-04,REGISTERED,646ebe228986a24ebd93577770ba4eb16af450c2d8ab2042bfa8f227466d9472
R03010,OTHER,2026-08-27,REGISTERED,7f9b5f68a1bdc859fa48dd4b3c7082960956c6aefdb7ef0da366bc433aed57f5
R03011,OTHER,2026-08-27,REGISTERED,ba26d7337b323ea5501dfda20afc297e7135d6565e1b4a55430940121c30a169
R03012,OTHER,2026-08-27,REGISTERED,b0ea7ce645d57d93cf519e48fc5345d5e6de5d04f641ae6ead2dd8f8b5737fe4
R03013,OTHER,2026-08-27,REGISTERED,3b6670edd8288bdc7cedab41bc1b7e8c3dea822e5f8f67cf62cf727c465cc28b
R03014,OTHER,2026-08-27,REGISTERED,925074a965970b08e46217c17032057be9c4c18f96aa80d385e55549a65c2692
R03015,OTHER,2026-08-27,REGISTERED,163b2e2cbc354a92e2a2f55c97100042db3ce641943ad07171c553d280c98304
R03016,OTHER,2026-08-27,REGISTERED,3630c0b1a18032a20b0e8940e7cf0482244419e59c4fdf86d4f503cf416b401a
R03017,OTHER,2026-08-27,REGISTERED,23909b6ced916e2be10e685cefe86667a251c01ea1147c2e6f6abe407fe3c3db
R03018,OTHER,2026-08-27,REGISTERED,ac440902bc409415779fd09366d1d14bf512be03c334cd541d6a639e563bc11e
R03019,OTHER,2026-08-27,REGISTERED,ce1fa186bb28e91373c39eb1a07e4e5b606368eb378749b2d8737ac5e3035421
R03020,OTHER,2026-08-27,REGISTERED,71db715089951c20456e403a47379e53dd007b5bdc6a134c030b77e1aca5e0aa
R03021,OTHER,2026-08-27,REGISTERED,e037d92c8d7373050fa363d5a69c08ff6b7e23fbea0e96a80d813cc8c5014767
R03022,OTHER,2026-08-27,REGISTERED,d2c472755c95d7d98303d990256583c6bcb445e5b29b0b3e1bd900237654e503
R03023,OTHER,2026-08-27,REGISTERED,a5fd72afee94a00fc7a3b983223cd0eb1663e3a43143d2a176f6be358f7fb429
R03024,OTHER,2026-08-21,REGISTERED,87778ef87f9de3eec67c6a847a06a37ae0a1ba0f48d2da46d368c0a10dee58fa
R03025,OTHER,2026-08-21,REGISTERED,3e67d9b342d486b96b44e30e0cf6e96dd85ec6d950ef2646266263689d6c08dc
R03026,OTHER,2026-09-08,REGISTERED,cfd98c09bd22f1488bb3154990aa1c3fe3151d362af66d5034f9e0ccee858e3e
R03027,OTHER,2026-08-06,REGISTERED,cb4cceb0f21e19af63007aa420ccabd38346f971d36119c8df563a411ec6f0c9
R03028,OTHER,2026-08-28,REGISTERED,71ffaa19ff065e19ad63aa70bb6eb11cd07dde86864f9d3c487e0d4e866dc229
R03029,OTHER,2026-08-28,REGISTERED,7e30a1411c18cfb352c48a5d780e9b493700f20c8e97093e096c09d95d85a934
R03030,OTHER,2026-08-28,REGISTERED,259e175fe9baa9abca07f2b6895578e8c0c83d8a2667d89d623266a8f49184e0
R03031,TEST,2026-08-19,REGISTERED,90b4188f94ac136ea3f64431ceeab6550e39e94e05604ed023c863a7f4abe14b
R03032,QA,2026-08-26,REGISTERED,016dea061d162819d95bead2232eb26d6566631c38f9cfe96f2f7761b687762e
R03033,QA,2026-08-26,REGISTERED,42db20602b7a0561632fe30c151d591ad8d04d9fc3cec0911b9b51040e3b1f43
R03034,OTHER,2026-08-26,REGISTERED,2cfc98b7ced0e0b3fee0f16f2a125ca0dd6d25600202cdf7d2db2df9de5280e2
R03035,OTHER,2026-08-26,REGISTERED,584d14735551f54a6a7944d6a105d63bbe3a484e3219a6f204bd2f1596cd8451
R03036,OTHER,2026-09-05,REGISTERED,816c9e28d8252ede6b222b21e1a3f4e70299a2e2cfe15491f2d4a4739ac894e7
R03037,OTHER,2026-08-28,REGISTERED,089788d5c7c068eaf5da9b965c29af07bd370db651618b6a126b2af184ab62fc
R03038,QA,2026-08-28,REGISTERED,86419b80624a51425963f96654132e8a9ef3aa0f1045def817ff1bd008d02440
R03039,TEST,2026-08-28,REGISTERED,c14d5fd0177af2c20cbb324bd0543076a952180bec614f73cc1d8ffd1eb5919f
R03040,OTHER,2026-08-22,REGISTERED,c9ad541906a32bdaa9761e625b086c5e8685343f5d633aa03f80af56e4aa6148
R03041,OTHER,2026-08-22,REGISTERED,0e3e0b480976af105c9d1478ec87c23e252f59d1c01dce39f48b433d5b4a8c4c
R03042,OTHER,2026-08-27,REGISTERED,20314e5236e53a2dfc0312c7e11f2f8fb0ff3d42d1868195f70eabbad139a04f
R03043,OTHER,2026-08-31,REGISTERED,a8332a55fe400c04f66782e5c5ecff8ac553d1aee5fa7b4ebe121dedb95a2021
R03044,OTHER,2026-09-07,REGISTERED,cebe9188744bb73804e4422af5445d1da591f6e91142d688ba3407e56b431e21
R03045,OTHER,2026-09-07,REGISTERED,ceb452aa7e87eef1a7e4b16fae596e62cc6e786ec1b410f55a14e50086f16fcc
R03046,OTHER,2026-09-08,REGISTERED,99bce3cedc4d7111b0d9b3dfdee053fded3fcc10e2b288387f6dafa2f927447b
R03047,OTHER,2026-09-08,REGISTERED,d759a367a77ff629536b2e4c041390881406f1da0d8f7929dc07d0913fa6d0b9
R03048,OTHER,2026-09-06,REGISTERED,7b610d895d209e76edea7b261fb8c77e228090c6a9b46ae63ebfacd5ff9a0936
R03049,OTHER,2026-08-31,REGISTERED,e6f21fa079b4164405f5482d8e6c245bc7658f613732844e7ca57bb92b2d87ac
R03050,OTHER,2026-08-22,REGISTERED,8aa01e7b9dd1dda0d649308ed9a7678d6fdde6a3e43bd9809bd974903edf9e6c
R03051,OTHER,2026-08-31,REGISTERED,ca309e265edcb341ee3d8c7f71560f59489a799da28439c6712691ebca88dc12
R03052,OTHER,2026-09-04,REGISTERED,a2807b8dd7e40259e0429b7bba4f5e8aef0c41fc81b5af27d5e39216a51d6f1a
R03053,OTHER,2026-09-04,REGISTERED,cd1ea0a6c1afe134cef5d6225c21ea7ec0f6c9ef8eb9932720231335649a4258
R03054,OTHER,2026-08-23,REGISTERED,8c6d6c1d86dc9fa46221c1a1e7729d6a0497f7c9c87f5ced4f8ed036462a12e7
R03055,OTHER,2026-09-03,REGISTERED,4726e6a8c936b161fc83083f2838e1a0c98a25de72b0855ce3f63e8c0057a40e
R03056,OTHER,2026-09-03,REGISTERED,9a6d0f725e4231ca674b7ec128a6f9aca8953f4cf6d262ebc846c403632f6f73
R03057,OTHER,2026-09-08,REGISTERED,16e050823df22bec76cfe8887c9e7993bb58cf541f0fb02c4606b217c636b96d
R03058,OTHER,2026-08-26,REGISTERED,de1791c88fd384fe177ef4cd683966f5ad8714b64c6d61ba33458759507abdab
R03059,OTHER,2026-09-07,REGISTERED,cebe9188744bb73804e4422af5445d1da591f6e91142d688ba3407e56b431e21
R03060,OTHER,2026-08-20,REGISTERED,09711a3c4862db995a6dbcdbc9f2ddb2b0dc89045d8f56564d1e87f059bf00be
R03061,OTHER,2026-09-08,REGISTERED,7ce1c689170fcd37e8909f5e1d6aedcedd4cda162a167ca0c961c6d85c946542
R03062,OTHER,2026-08-25,REGISTERED,17537fff43d2ffd5ecd447b32e7b0da543da626460354300ed003587838bc2e7
R03063,OTHER,2026-09-04,REGISTERED,92f943c45dca5d34ad40c9cf129b1c3c3953a3ea8d2e1ba90a4dbf1e6ac92047
R03064,OTHER,2026-08-13,REGISTERED,9b72a63fa02b836a49d3fe882e1b17b25fba125e257cd95d9d657c491c368b84
R03065,OTHER,2026-08-23,REGISTERED,427dd8d7fbefb05a7b218e936a2e3dfe312146cf0b5bb13bd6022bbf4d767bfe
R03066,OTHER,2026-08-25,REGISTERED,388488e2b0983c783cc490bd947c799a80204b063d7434211d0e4e9d6eb7e2d9
R03067,OTHER,2026-08-07,REGISTERED,458c4419d4f60eff729b050fe0932cde7c8ae969c802f4e1e587d910aa576b8c
R03068,OTHER,2026-09-04,REGISTERED,92f943c45dca5d34ad40c9cf129b1c3c3953a3ea8d2e1ba90a4dbf1e6ac92047
R03069,OTHER,2026-08-09,REGISTERED,140039e77a1991b02756aaff6d7582e4a4a32bfd7d28dc759fc50596eaaaa9c5
R03070,OTHER,2026-09-04,REGISTERED,cd1ea0a6c1afe134cef5d6225c21ea7ec0f6c9ef8eb9932720231335649a4258
R03071,OTHER,2026-09-05,REGISTERED,8e8fce34d62d907ae380dc406c8e7a36a4609b34f37edd6a4569458746814d10
R03072,OTHER,2026-09-07,REGISTERED,cebe9188744bb73804e4422af5445d1da591f6e91142d688ba3407e56b431e21
R03073,OTHER,2026-08-26,REGISTERED,5f8d991351a20b39d5bede346f8f947b07f6b97cd3389b9807a4a866a9a899d4
R03074,OTHER,2026-08-30,REGISTERED,0a1f128aee05a89bf7cb6276c2c72711f23da0eb38a248b8b76e6e1c0eb5d316
R03075,OTHER,2026-08-27,REGISTERED,08e2997b263c2f097b02be10cb4e7733fda92c74857b81af9fda23a1fda7157f
R03076,OTHER,2026-08-07,REGISTERED,53f1f1edd1f0712d569c96ed5ee4fc9f3ede37d9d592c2a25a1755441d434de7
R03077,OTHER,2026-08-23,REGISTERED,1bdd4102f8467e1fb1cc1499491e849cd0d90a58f82291e331fcf7192e239bd6
R03078,OTHER,2026-08-22,REGISTERED,9b13080e3d65580455e8d9acf21589923be74ea6f172b24bec47119ff1e46a42
R03079,OTHER,2026-08-14,REGISTERED,e1d126ded2cfad654267a6e70e7d51b2bbb64a8d75d7589677d6a2e23c61e74a
R03080,OTHER,2026-09-06,REGISTERED,3be4b431de9d7a30c7ff39e26845214e3e7d03a791a645ffe18a58e2bb88bd62
R03081,OTHER,2026-09-07,REGISTERED,ceb452aa7e87eef1a7e4b16fae596e62cc6e786ec1b410f55a14e50086f16fcc
R03082,OTHER,2026-09-04,REGISTERED,683e06782c91e5174a907849dfe3415a013398e8308706ba3648c89b61e4ea6d
R03083,OTHER,2026-08-29,REGISTERED,caeb4d62baa10973a169658a3cfbd0e5548ec68e66b0f64738afff1ae139c8d6
R03084,OTHER,2026-09-07,REGISTERED,cebe9188744bb73804e4422af5445d1da591f6e91142d688ba3407e56b431e21
R03085,OTHER,2026-09-01,REGISTERED,7dd2f73dbb99ec52c959788e6854ddc5823b989a4a93cc5983928a02f6f48556
R03086,OTHER,2026-08-31,REGISTERED,392ec91c4958b9eebff88d204850012b0211c559c70c0ed41d87ac9ea1ef3459
R03087,OTHER,2026-09-04,REGISTERED,cd1ea0a6c1afe134cef5d6225c21ea7ec0f6c9ef8eb9932720231335649a4258
R03088,OTHER,2026-09-04,REGISTERED,3da31026cd9b70aba2a3badaa6d8688e10c96f6c8c0ebd90ef571198c01450af
R03089,OTHER,2026-09-07,REGISTERED,ceb452aa7e87eef1a7e4b16fae596e62cc6e786ec1b410f55a14e50086f16fcc
R03090,OTHER,2026-08-26,REGISTERED,4c1751e2629b29510ab6e800f018a51e0e688dae9f3cb577b9cad84632666fea
R03091,OTHER,2026-09-01,REGISTERED,859e89ca7d21bc4dc930dbd4767003a4497a6d8811960708cb304721bd33dd3e
R03092,OTHER,2026-09-04,REGISTERED,92f943c45dca5d34ad40c9cf129b1c3c3953a3ea8d2e1ba90a4dbf1e6ac92047
R03093,OTHER,2026-08-13,REGISTERED,3dc1e1df8c6e581324515302160f4248ca31588c374cafac4989f6f6e1aeb35e
R03094,OTHER,2026-08-22,REGISTERED,cd54aeae176a3cafe0aa43c002d30c8469dfabb193fad5f2cbd1aa92e16eb8cb
R03095,OTHER,2026-09-07,REGISTERED,408aa4caa8284757a8c29bb70bb3567ddb10681489114dfddeb3310b1e290982
R03096,OTHER,2026-09-04,REGISTERED,39521928a8bcf6d1fe42876c9733275c047b809ff8a65f163712d3992fef2819
R03097,OTHER,2026-09-04,REGISTERED,a2807b8dd7e40259e0429b7bba4f5e8aef0c41fc81b5af27d5e39216a51d6f1a
R03098,OTHER,2026-08-25,REGISTERED,c47edf856bb978b67d779b0c6bbb89dab0d7037cc302afa6db878a4303005883
R03099,OTHER,2026-09-06,REGISTERED,5ea053e244451b864f43a93c1295a96f8aba7aa7fb6ba9b9fe3b8791429df4f5
R03100,OTHER,2026-09-04,REGISTERED,58d925dba15fbfa3c94ce37eb8f318ff253472f595a703c61a1977bda763a5a0
R03101,OTHER,2026-09-04,REGISTERED,f0b63650b39e68f1ce7f6c44fec1216597afa3a6a9eed0b0d3b95ac4ad889618
R03102,OTHER,2026-09-04,REGISTERED,cd1ea0a6c1afe134cef5d6225c21ea7ec0f6c9ef8eb9932720231335649a4258
R03103,OTHER,2026-09-04,REGISTERED,fa7c2a740822640f9fceeeebccee130597de05a08595cbf708633059cebb2c99
R03104,OTHER,2026-08-07,REGISTERED,c8cdfc80dee7a2fcbf83f4eb25b43afb26c5ae627ef4221144a34d6aa74044d0
R03105,OTHER,2026-09-04,REGISTERED,0afd5c314b37b544f27677ab2e1d778fabb4a25f27a6e824db9a69389991fc13
R03106,OTHER,2026-09-06,REGISTERED,f2eff25dfbce246df06f7eda6dbf84275abfed727a508d5a0735624ad286e551
R03107,OTHER,2026-08-23,REGISTERED,6fa2a60cf368e620865aa9cc564be31cd35e79528064f0ba544dc8291ceb3614
R03108,OTHER,2026-09-04,REGISTERED,92f943c45dca5d34ad40c9cf129b1c3c3953a3ea8d2e1ba90a4dbf1e6ac92047
R03109,OTHER,2026-09-04,REGISTERED,a2807b8dd7e40259e0429b7bba4f5e8aef0c41fc81b5af27d5e39216a51d6f1a
R03110,OTHER,2026-09-07,REGISTERED,9a92e7138d7e2c82f834f2ef93b8c6030739b86e8d123f8b0c983e8f2189ba29
R03111,OTHER,2026-08-31,REGISTERED,14cdb8f2a87fc4aa7ad68bab06cce61c275741af019a83de9355dd80885e6129
R03112,OTHER,2026-09-08,REGISTERED,d43b4f128d9f2bd00a7c125244a12a0eeee328694b6d85a5d1bc6e7fdbe65742
R03113,OTHER,2026-08-07,REGISTERED,a6f1fb444eb9e8fd971f49ad18d99bd9237a1dd05e4e00472df68711e9f87731
R03114,OTHER,2026-09-04,REGISTERED,f3b25cda9af0b390ce5389d037dbf14712b73bc941b75f90800c89efdd0c4514
R03115,OTHER,2026-09-04,REGISTERED,92f943c45dca5d34ad40c9cf129b1c3c3953a3ea8d2e1ba90a4dbf1e6ac92047
R03116,OTHER,2026-09-07,REGISTERED,ceb452aa7e87eef1a7e4b16fae596e62cc6e786ec1b410f55a14e50086f16fcc
R03117,OTHER,2026-09-04,REGISTERED,92f943c45dca5d34ad40c9cf129b1c3c3953a3ea8d2e1ba90a4dbf1e6ac92047
R03118,OTHER,2026-08-06,REGISTERED,e540e3136cc935c148e340567b3190157a6f6be94d4ca6e9f150ae90b703843e
R03119,OTHER,2026-09-04,REGISTERED,a2807b8dd7e40259e0429b7bba4f5e8aef0c41fc81b5af27d5e39216a51d6f1a
R03120,OTHER,2026-09-07,REGISTERED,f01c23c7f75ef52833d8deebe23b343b4507a5eae92e936a55d1093592da74e1
R03121,OTHER,2026-09-01,REGISTERED,c0134872a4b1c9874e9f8caac25c7370d4b13f9ce84a4eb92ed6d843ee93a4df
R03122,OTHER,2026-09-04,REGISTERED,fa7c2a740822640f9fceeeebccee130597de05a08595cbf708633059cebb2c99
R03123,OTHER,2026-08-31,REGISTERED,87b03a18def821ac52fe59ee4aacbada831388fe4175a3d333b9e3bad234191a
R03124,OTHER,2026-09-04,REGISTERED,92f943c45dca5d34ad40c9cf129b1c3c3953a3ea8d2e1ba90a4dbf1e6ac92047
R03125,OTHER,2026-09-07,REGISTERED,e3534ec67bf31f30be8ed4d49b4dd7b20fcc0343e05daae6ef2eb43c77f16998
R03126,OTHER,2026-08-10,REGISTERED,4fd7fb777290c5ecfd2829aaf1af1b84986e97b360f0ae3269535848b8de308d
R03127,OTHER,2026-09-04,REGISTERED,92f943c45dca5d34ad40c9cf129b1c3c3953a3ea8d2e1ba90a4dbf1e6ac92047
R03128,OTHER,2026-08-23,REGISTERED,8a5fd6753beee1afdbf3a5528f5f545fb53ee181e18a87e69b2a746d87df4c3a
R03129,OTHER,2026-09-05,REGISTERED,960059f66fef93c4bde5190239fcaa9942e1d774cd984d8e22031c7d93e2980a
R03130,OTHER,2026-09-07,REGISTERED,7828d72379f1ad63e1b65e7faa11e5c98f49aa8d508503aea84bd0cbd657fb21
R03131,OTHER,2026-08-06,REGISTERED,a637a4dd9b6decd7a0def0584a6dd28fedaeda334713032d48793765ad108728
R03132,OTHER,2026-09-04,REGISTERED,5ecc4b4a0dd295c84875408076c9e3ed97488e7c13f2975e104878851b06a64a
R03133,OTHER,2026-09-07,REGISTERED,4507b601486565e33a56b3136da2dba26cda8ae9476a373bc30ade96d714a70e
R03134,OTHER,2026-09-08,REGISTERED,8c437f35fac40dd2d540338efb062544f214974c4c60cb6708bf3d6128a8586e
R03135,OTHER,2026-09-01,REGISTERED,6e5ab85282a9015dbcfdd7d7a0051475dc4330570f2cb04dcab3553945f16b89
R03136,OTHER,2026-08-24,REGISTERED,6f7a0d02490f943abe229aed7dda75183a3fb5a172ace6db6b280183712a118c
R03137,OTHER,2026-09-06,REGISTERED,d15bb09bfac007b931cf5b3506879d813aa462a0a7b0f1b97b13f80f9d47740b
R03138,OTHER,2026-08-24,REGISTERED,a6b07f5270d5a38cb8915681442618454986c1df890fb89ef089cdf2e8e328a2
R03139,OTHER,2026-09-04,REGISTERED,41e34a69bb5ad90e06322e3ec3be359e42b1b4885b445b66ffdfb82a1c255c87
R03140,OTHER,2026-09-07,REGISTERED,e356988fef6efe79f164f592819efc62dca6be29a82c65f690893c4af8c32168
R03141,OTHER,2026-09-07,REGISTERED,7a8675a21f923535d201ce862dd8f538f9f5a652b5bfd58782ccb243a10b60d5
R03142,OTHER,2026-09-07,REGISTERED,d04e70b744f7647fa76e9fd624f03f028e60ba1d4337642445c72cbc87a8b6fc
R03143,OTHER,2026-09-07,REGISTERED,cebe9188744bb73804e4422af5445d1da591f6e91142d688ba3407e56b431e21
R03144,OTHER,2026-08-25,REGISTERED,7951c5402ba673dba748a05826c5e9c4aa4907eb2ca3c7f20f3d19ceba607760
R03145,OTHER,2026-09-08,REGISTERED,44d1230ec839396907d6c33a148163bfcb387ae9eca525cc9114052151cdcb4e
R03146,OTHER,2026-09-04,REGISTERED,92f943c45dca5d34ad40c9cf129b1c3c3953a3ea8d2e1ba90a4dbf1e6ac92047
R03147,OTHER,2026-09-04,REGISTERED,762c7d2816fe6470fd090c0db5beb98889565c5800eed132b5633e1273f9ffc5
R03148,OTHER,2026-08-26,REGISTERED,eefb9408c930d47cfc79e0a1999d7b5baa35d374202783ea901b5816fe10a7d2
R03149,OTHER,2026-09-06,REGISTERED,ca7ced3fc5884f57b291e5bd7d4e8f1b91e0905d9c5087ff73f084b43539bf1d
R03150,OTHER,2026-08-31,REGISTERED,c795c88db6f7cbf43b3304409332422a922d37cb09f6e8975f0ea3a7a7a73752
R03151,OTHER,2026-08-31,REGISTERED,2006b59b612b04c298db383016adb966401450b65dfb9f15236c358ec694975d
R03152,OTHER,2026-08-28,REGISTERED,7b90d943e01558c22fb979c994979f08f6ea5cbc788e6da6e010fa6abaf1579b
R03153,OTHER,2026-09-07,REGISTERED,ceb452aa7e87eef1a7e4b16fae596e62cc6e786ec1b410f55a14e50086f16fcc
R03154,OTHER,2026-09-07,REGISTERED,44905967c4c1d0db09d1e1a95b2e916e16bcebfbfb6a57437804621aa31e7e1e
R03155,OTHER,2026-08-25,REGISTERED,a9d663dc63be8785b00a786530f5be1da158fda0152139921971aed1be531073
R03156,OTHER,2026-09-04,REGISTERED,7462f069893f020941d5bd77f2d4e2838d8ba3cf402b681ea9f99aa485f3fa9a
R03157,OTHER,2026-08-31,REGISTERED,d17f31f0fe0d94d842e532221e67db7c6bf9b4746b03ca915db1229fa7230e62
R03158,OTHER,2026-08-25,REGISTERED,154a568b58a4a19396016fe8d7b169b401bb6429a1492becbf08ba7a853dd059
R03159,OTHER,2026-09-07,REGISTERED,9e40424c6a21ca898bdf4aa9d07fe6ac3565ad1ce8b8fabb17eb13c07b653790
R03160,OTHER,2026-09-04,REGISTERED,92f943c45dca5d34ad40c9cf129b1c3c3953a3ea8d2e1ba90a4dbf1e6ac92047
R03161,OTHER,2026-08-24,REGISTERED,9582e9b2581cba86084404cfd5640a3c5458bd5ae5a75697c653e19aa6c24b04
R03162,OTHER,2026-09-04,REGISTERED,a2807b8dd7e40259e0429b7bba4f5e8aef0c41fc81b5af27d5e39216a51d6f1a
R03163,OTHER,2026-09-03,REGISTERED,2b1b41262cdb004a14d8c804b258e9e57a0d7fb39eecbed69e9ca6181fed38fd
R03164,OTHER,2026-08-31,REGISTERED,32252174d5c5507a75af741fcf9e440cb73d1632f97ecb95841a37c87a83874e
R03165,OTHER,2026-09-04,REGISTERED,58d925dba15fbfa3c94ce37eb8f318ff253472f595a703c61a1977bda763a5a0
R03166,OTHER,2026-09-04,REGISTERED,52bd58a71e1ce455bf1578d8e8e594d42939f490ab2e988f118337e395614f5a
R03167,OTHER,2026-09-05,REGISTERED,8e8fce34d62d907ae380dc406c8e7a36a4609b34f37edd6a4569458746814d10
R03168,OTHER,2026-09-01,REGISTERED,555d574439414c0358bcb85b739e0b75e9c5d53a7a52fe29ecb75ff8156a969c
R03169,OTHER,2026-08-31,REGISTERED,81d2a295c29b854ffc8758ae63d628269b62aff695d3577abb591dee95536215
R03170,OTHER,2026-09-04,REGISTERED,a2807b8dd7e40259e0429b7bba4f5e8aef0c41fc81b5af27d5e39216a51d6f1a
R03171,OTHER,2026-08-31,REGISTERED,902e5feb6e14f5747a2c7ed5d39ee24e8bb7bcb925399b43446cd4b9d7316a50
R03172,OTHER,2026-08-31,REGISTERED,7ebc957fa72c9527719e986159763afe94a91a4c7e2cbc51bb9d1d44f38397f4
R03173,OTHER,2026-09-01,REGISTERED,3444e565413ee43da53235639cacaaf18ad1ac037358d7e56c9e433773f9e536
R03174,OTHER,2026-09-04,REGISTERED,92f943c45dca5d34ad40c9cf129b1c3c3953a3ea8d2e1ba90a4dbf1e6ac92047
R03175,OTHER,2026-09-07,REGISTERED,b190a9988f2d17b089b94fdd04b004ca76bbfd24e1aab4045e91861a8fc56a5b
R03176,OTHER,2026-08-26,REGISTERED,87d5cbd5b38570411824c21e70e62bb93c858ddae75feee0ff735ff0376121a6
R03177,OTHER,2026-08-07,REGISTERED,abc8b097de7e22a292fc21e1ec1bc8c86ac452914e46b6b8ffaa7e4475cdf02d
R03178,OTHER,2026-09-07,REGISTERED,5310e693646e3a88af4c98840fb42033ceaa0383fe1cbdd307fe52fc16553ab1
R03179,OTHER,2026-08-31,REGISTERED,fa386b7745f526d6bc7101a6bdef795f1befdb8663cc237ca3431d1740a09189
R03180,OTHER,2026-09-04,REGISTERED,cf999c0379870a617fb4d0c5f9e2933a8f10483da41e925e47f991e108995ccf
R03181,OTHER,2026-08-25,REGISTERED,55ef092ed3dd2bc9b4d59989c4738f4f64c99aab68e42e99908993b1f26c4bcc
R03182,OTHER,2026-09-04,REGISTERED,a2807b8dd7e40259e0429b7bba4f5e8aef0c41fc81b5af27d5e39216a51d6f1a
R03183,OTHER,2026-09-05,REGISTERED,42fa18695c3a76ce8e4b97d888eea05ef5d96fd83558bb131be401a244d56ae3
R03184,OTHER,2026-09-04,REGISTERED,fa7c2a740822640f9fceeeebccee130597de05a08595cbf708633059cebb2c99
R03185,OTHER,2026-09-04,REGISTERED,a2807b8dd7e40259e0429b7bba4f5e8aef0c41fc81b5af27d5e39216a51d6f1a
R03186,OTHER,2026-09-01,REGISTERED,441a488245d100096dfbb0aaa3398d1d6fc50226044df5ab72c17e3184c6a7ed
R03187,OTHER,2026-09-08,REGISTERED,5545db7c531c168b690476d37107b0ed9dd536957896c48f1e3ec7190dfa78e7
R03188,OTHER,2026-09-04,REGISTERED,0afd5c314b37b544f27677ab2e1d778fabb4a25f27a6e824db9a69389991fc13
R03189,OTHER,2026-09-08,REGISTERED,4b41fe1abb4eec86992e700fc191b0057e4644e806200c04f38b20e94dd1263f
R03190,OTHER,2026-09-01,REGISTERED,a22facfe73aaa2d7680b09247f56ea3119b89b99057d89e534b2a7b193bffa5a
R03191,OTHER,2026-09-04,REGISTERED,a2807b8dd7e40259e0429b7bba4f5e8aef0c41fc81b5af27d5e39216a51d6f1a
R03192,OTHER,2026-08-24,REGISTERED,9792fa147760e5f733a67a7e56b407305c9ee0c7d1f962ffe9243f856f701cd1
R03193,OTHER,2026-09-04,REGISTERED,a2807b8dd7e40259e0429b7bba4f5e8aef0c41fc81b5af27d5e39216a51d6f1a
R03194,OTHER,2026-09-08,REGISTERED,831466f25f73465a727674e31b576db29c4fd9f0715c8d6884c6461142a5ecb8
R03195,OTHER,2026-09-01,REGISTERED,488abb35b7d0f42ab91f3d5316d06f7b7fce9388dfbe88006ddc4bdc8a2a14a5
R03196,OTHER,2026-08-25,REGISTERED,20080131d9868760755ce0258a3a77bd4fb6b85572ecc3ac5b5584cd5dd6c234
R03197,OTHER,2026-09-07,REGISTERED,6ce73fd424a395564521c80cb47dd40615f54b5a76a877b4befe0b136a2b1179
R03198,OTHER,2026-09-04,REGISTERED,a2807b8dd7e40259e0429b7bba4f5e8aef0c41fc81b5af27d5e39216a51d6f1a
R03199,OTHER,2026-08-26,REGISTERED,3acbcefaa5ecc2a74d6b9151c67eff42aab1b19a771de3cdf69419780183713f
R03200,OTHER,2026-08-25,REGISTERED,26a9e46de89e6b6b03a80e027b32f1d051e4fa6869bd66b67bdff6d6a2f298bc
R03201,OTHER,2026-09-07,REGISTERED,cebe9188744bb73804e4422af5445d1da591f6e91142d688ba3407e56b431e21
R03202,OTHER,2026-08-31,REGISTERED,4190d347ddd6d489818503632e0a47d55d872c26a76f31230ff7207d2c39fabb
R03203,OTHER,2026-09-04,REGISTERED,a2807b8dd7e40259e0429b7bba4f5e8aef0c41fc81b5af27d5e39216a51d6f1a
R03204,OTHER,2026-09-04,REGISTERED,92f943c45dca5d34ad40c9cf129b1c3c3953a3ea8d2e1ba90a4dbf1e6ac92047
R03205,OTHER,2026-09-04,REGISTERED,a2807b8dd7e40259e0429b7bba4f5e8aef0c41fc81b5af27d5e39216a51d6f1a
R03206,OTHER,2026-08-23,REGISTERED,a49ba7f2939fa73c8b9191e055ba78b332a1c9e8baea2e7051ee3ed9b50f1b0d
R03207,OTHER,2026-09-04,REGISTERED,a2807b8dd7e40259e0429b7bba4f5e8aef0c41fc81b5af27d5e39216a51d6f1a
R03208,OTHER,2026-09-07,REGISTERED,7828d72379f1ad63e1b65e7faa11e5c98f49aa8d508503aea84bd0cbd657fb21
R03209,OTHER,2026-08-24,REGISTERED,6bfa981f3d7d3e275dedbfc5c2a107e4b7ac32d5b1e99a87a1c946ba209d214c
R03210,OTHER,2026-09-04,REGISTERED,92f943c45dca5d34ad40c9cf129b1c3c3953a3ea8d2e1ba90a4dbf1e6ac92047
R03211,OTHER,2026-08-31,REGISTERED,67b1380d4c7863a048b135190292393c6441f28e15436ae071ae50a69137c8ba
R03212,OTHER,2026-09-08,REGISTERED,69609fb5d81597c5ac7f30896e1376a1a55a4e261d78e9b4199124345ada9e70
R03213,OTHER,2026-09-07,REGISTERED,ceb452aa7e87eef1a7e4b16fae596e62cc6e786ec1b410f55a14e50086f16fcc
R03214,OTHER,2026-09-04,REGISTERED,0afd5c314b37b544f27677ab2e1d778fabb4a25f27a6e824db9a69389991fc13
R03215,OTHER,2026-09-04,REGISTERED,32737484b461392dbf4445a04ed0e998c592b77aae8e49827e16728f0843d210
R03216,OTHER,2026-09-05,REGISTERED,ec045d412b033a076c56c6b47f85fa5fd07972347c1b37d693d30c6c9288706b
R03217,OTHER,2026-09-07,REGISTERED,ceb452aa7e87eef1a7e4b16fae596e62cc6e786ec1b410f55a14e50086f16fcc
R03218,OTHER,2026-08-28,REGISTERED,de991a9948819a1801ed631ddfc74e69e41ecffbb0aa2d0b28cb360961d4dd70
R03219,OTHER,2026-09-07,REGISTERED,ceb452aa7e87eef1a7e4b16fae596e62cc6e786ec1b410f55a14e50086f16fcc
R03220,OTHER,2026-08-24,REGISTERED,b0b15d06fab9f7b7b9df17e5db4cc4e8cb36bfec52c518457fc3adcfa3f8d83a
R03221,OTHER,2026-09-04,REGISTERED,fa7c2a740822640f9fceeeebccee130597de05a08595cbf708633059cebb2c99
R03222,OTHER,2026-09-04,REGISTERED,0d3bbb46b485b40b1759abea753bca578872cf900ab476f06ee12395f5171561
R03223,OTHER,2026-08-31,REGISTERED,dcd43d9fe8536159baa217d33d24af2d9237fc4d57ca3a14bb4c22bcbb506448
R03224,OTHER,2026-09-08,REGISTERED,f58abb3b109158425e245e1dd5f8af71a99c6466c54de66a852a14328cb29bf2
R03225,OTHER,2026-08-25,REGISTERED,cdf7671aae2d4260deb27a284dbad064a9643cb0893fbcabb90b1883eba91307
R03226,OTHER,2026-09-01,REGISTERED,a6c5c11ef918ffb2faa9b24d5c0783b28c31d0f03f6f219b67159f2f596af8b8
R03227,OTHER,2026-08-26,REGISTERED,d632ab09b491be9cc9fc924de7b211fadbffd402d3847842f9b962ba261ba7d2
R03228,OTHER,2026-08-31,REGISTERED,c8369d63005bcb7898b91b22e8c575e814d4ad0c607f8c45cffff5001bfd8267
R03229,OTHER,2026-09-04,REGISTERED,cd1ea0a6c1afe134cef5d6225c21ea7ec0f6c9ef8eb9932720231335649a4258
R03230,OTHER,2026-09-04,REGISTERED,a12d0c0dcf1d7af1ceb3de563cada2d89b6f81cf85d4cbf75f400cdab2edb1cd
R03231,OTHER,2026-09-03,REGISTERED,dfe361715cdae038db929068a117d375c55c0b79b80c559b60a808b43e397535
R03232,OTHER,2026-09-04,REGISTERED,c588ea127d20cdc350c0b7d4e577e974eababc713a3786f7aff9f63aa1b477bf
R03233,OTHER,2026-09-04,REGISTERED,a2807b8dd7e40259e0429b7bba4f5e8aef0c41fc81b5af27d5e39216a51d6f1a
R03234,OTHER,2026-09-05,REGISTERED,702072f121dc4bb18343d99625778c01c4c4c31135d839a3257b9c96592931a7
R03235,OTHER,2026-09-05,REGISTERED,ec045d412b033a076c56c6b47f85fa5fd07972347c1b37d693d30c6c9288706b
R03236,OTHER,2026-09-04,REGISTERED,20301219807616c843c59540cc27f77f6db025844c4433ed08d1f70c28ed264e
R03237,OTHER,2026-09-06,REGISTERED,d3f987569d7927177bda5f6d4d0b4ff89edb74967ffd8ccf454a30477fb25d88
R03238,OTHER,2026-08-31,REGISTERED,50a5a9e764e86bad21dd44f1229729375c92c6a0fd4c7e2338bf8233748660e6
R03239,OTHER,2026-09-04,REGISTERED,87081fd6b3aba52578d65359535191a99d1f1e52d22eb1c321ae87c37c0d0f64
R03240,OTHER,2026-09-04,REGISTERED,58d925dba15fbfa3c94ce37eb8f318ff253472f595a703c61a1977bda763a5a0
R03241,OTHER,2026-08-25,REGISTERED,a00a34efb72b08cd8a19670ac080bbe786f3ece838e3b538170c680f31ddca5b
R03242,OTHER,2026-09-08,REGISTERED,8378bbcc582462d153475465929d67fb44bffd1bbc77add03725958572dc43fc
R03243,OTHER,2026-09-04,REGISTERED,0afd5c314b37b544f27677ab2e1d778fabb4a25f27a6e824db9a69389991fc13
R03244,OTHER,2026-09-08,REGISTERED,43dbb49d89ff3381b4bba2ecdab70f09b5e3e75a832984a056d724cd35b14270
R03245,OTHER,2026-08-31,REGISTERED,c26166ca312f0c58f49cb37a2dc8860f692eaaea8e5c9e22963d25c1c5b40ed5
R03246,OTHER,2026-09-04,REGISTERED,0afd5c314b37b544f27677ab2e1d778fabb4a25f27a6e824db9a69389991fc13
R03247,OTHER,2026-08-05,REGISTERED,a82a432d76aefeb9f86978046c7266800406cdd0195744436578699d403efcca
R03248,OTHER,2026-08-23,REGISTERED,c1a1b93cea5aefb5e4f360301f70ed0e2def3914720128754a8eaf581ef1f011
R03249,OTHER,2026-09-04,REGISTERED,c5fcf08a3bc0748c5832fb067612dd7fd24006ec1edd74da6b8f999a3862ad6e
R03250,OTHER,2026-08-31,REGISTERED,f4fb20ab56e9ed4d364ca310dcc6cf1824dc3e730ef27ee159b95ce7f8df2414
R03251,OTHER,2026-08-31,REGISTERED,1f3d0382fa06d3bc98e282fcf10d852d90bc725cacabd3bb743de22ca71f35af
R03252,OTHER,2026-08-24,REGISTERED,0225abea1a0d3bbdc17b01db9ded0111519021754f606ea37c711580fc35754d
R03253,OTHER,2026-09-04,REGISTERED,cd1ea0a6c1afe134cef5d6225c21ea7ec0f6c9ef8eb9932720231335649a4258
R03254,OTHER,2026-08-10,REGISTERED,8de52c1fe336c774d4cb87fc286b71df1d606415ac7af2a71463c03151d42cc1
R03255,OTHER,2026-08-24,REGISTERED,1f0b99762edf64abc7d0fc69f43a953d1751906430e9b1b635b82ce7523f00ab
R03256,OTHER,2026-08-09,REGISTERED,488ee8620b05b82d0473e8ec13719ddaaf5d1e7d23c56ed5c8b64af4eb840b22
R03257,OTHER,2026-09-01,REGISTERED,1408128236a65d0f03d4ea41a1abd113d1aee2ba283947c5dacfd1d49d526dff
R03258,OTHER,2026-09-05,REGISTERED,3fda70879e22bae216bfe2294af1d2f4302ddf4bb108c0d0677bf7cc5b832a0d
R03259,OTHER,2026-09-06,REGISTERED,ef17c2a4753e30bf9f19f450a2e10f1a984e7a3f24f0663513a4624599c417af
R03260,OTHER,2026-09-04,REGISTERED,1aec3706151fd4c88e8f99cfa5d937f74adfad003ad12135f9c1aae56a6992ce
R03261,OTHER,2026-08-26,REGISTERED,10fef807e49b8fd7d975e1c1fdf4e8fdd54a2f41635f1a6a8202446200f1d970
R03262,OTHER,2026-08-31,REGISTERED,b3d260c3fea15255a88e932b3561687b7554e92a9581a00f08c3dac286a39085
R03263,OTHER,2026-08-31,REGISTERED,954e356a6926ae85f5c21d54a2a137f3aa83a24e1626fe6750890f41c1434506
R03264,OTHER,2026-09-07,REGISTERED,7828d72379f1ad63e1b65e7faa11e5c98f49aa8d508503aea84bd0cbd657fb21
R03265,OTHER,2026-09-04,REGISTERED,a2807b8dd7e40259e0429b7bba4f5e8aef0c41fc81b5af27d5e39216a51d6f1a
R03266,OTHER,2026-09-04,REGISTERED,58d925dba15fbfa3c94ce37eb8f318ff253472f595a703c61a1977bda763a5a0
R03267,OTHER,2026-08-24,REGISTERED,6d7d26dd9a5fd323409e835b594ee03198044a1360a4ecdf7f312819becea30e
R03268,OTHER,2026-09-04,REGISTERED,58d925dba15fbfa3c94ce37eb8f318ff253472f595a703c61a1977bda763a5a0
R03269,OTHER,2026-09-04,REGISTERED,58d925dba15fbfa3c94ce37eb8f318ff253472f595a703c61a1977bda763a5a0
R03270,OTHER,2026-09-07,REGISTERED,ceb452aa7e87eef1a7e4b16fae596e62cc6e786ec1b410f55a14e50086f16fcc
R03271,OTHER,2026-09-04,REGISTERED,41e34a69bb5ad90e06322e3ec3be359e42b1b4885b445b66ffdfb82a1c255c87
R03272,OTHER,2026-09-07,REGISTERED,5bcc3766b0d4d568a609da482ed5d60849f5c03064e5b2af7aca245b7e932af4
R03273,OTHER,2026-09-04,REGISTERED,58d925dba15fbfa3c94ce37eb8f318ff253472f595a703c61a1977bda763a5a0
R03274,OTHER,2026-09-04,REGISTERED,cd1ea0a6c1afe134cef5d6225c21ea7ec0f6c9ef8eb9932720231335649a4258
R03275,OTHER,2026-09-01,REGISTERED,b3c199f9a5958ee1b8b53425676f7e1584f85f4c2306c157e20d12654a52deef
R03276,OTHER,2026-08-31,REGISTERED,a77d790de80d87709777898833b81cf550b29745b6a743194e42154ff8dfcee6
R03277,OTHER,2026-09-08,REGISTERED,c26358cddd7bc1a20231b9f82888d15514e9d73fc75046c9ca68d2be83313bc3
R03278,OTHER,2026-08-31,REGISTERED,9d2238abe0db039601dc6e9d82417d0750e1e5a89b71e59a673374a3ea8544a3
R03279,OTHER,2026-09-07,REGISTERED,ceb452aa7e87eef1a7e4b16fae596e62cc6e786ec1b410f55a14e50086f16fcc
R03280,OTHER,2026-08-27,REGISTERED,40649452ef60920d1fb84e384f91a63f1c65d63f476d6cb362fffac81bf88136
R03281,OTHER,2026-09-07,REGISTERED,cebe9188744bb73804e4422af5445d1da591f6e91142d688ba3407e56b431e21
R03282,OTHER,2026-09-04,REGISTERED,a2807b8dd7e40259e0429b7bba4f5e8aef0c41fc81b5af27d5e39216a51d6f1a
R03283,OTHER,2026-09-06,REGISTERED,780a4271ce1cda61055d24b91002470fdcb8424c39c62678657c11af02597213
R03284,OTHER,2026-09-01,REGISTERED,6fed5f6d880549e30f868f5453caa1e7a5bce05a361bb3eaffc713c93fbe6b2c
R03285,OTHER,2026-09-04,REGISTERED,dc4bf384c00ebac5412833b362ec65373859cc5b0f2e2491a99a3ef4d800223c
R03286,OTHER,2026-09-06,REGISTERED,ecd93bcaffed2bba8c9a217cdfb54289e4f0c4cbc17b07ddd3a55230f62f0424
R03287,OTHER,2026-09-05,REGISTERED,42ead3ed17a29e459ee0b1afb548c331a9161a819d2f855294931f4e7d25ef97
R03288,OTHER,2026-09-06,REGISTERED,96f29f97866d6fc2e80c1db8e8dc10e5562b4aa7508a57bf9045f9e5d7c75df7
R03289,OTHER,2026-08-31,REGISTERED,837054dd199b4ea3e9683de4c60f2043749f3d7b5bcf2f0ef6d0686167a82ccd
R03290,OTHER,2026-08-31,REGISTERED,f597b54fe2f6658e9c3f6fc6267dac00647b0a971f651990952f0a7f6a62d2a8
R03291,OTHER,2026-09-08,REGISTERED,4b4e55648b67351beddac25ac816f695172aff6a7e45ddec73c616ca68bdda1f
R03292,OTHER,2026-09-04,REGISTERED,a2807b8dd7e40259e0429b7bba4f5e8aef0c41fc81b5af27d5e39216a51d6f1a
R03293,OTHER,2026-09-08,REGISTERED,bf62cb2502bf6d6226579259c5bd8b056860241ab5ccfeb81d88ec83521970f4
R03294,OTHER,2026-09-08,REGISTERED,2443775c7b8b4b6f27d4232b026c16f6bbb102c1fc1ce3c0da85446118810acf
R03295,OTHER,2026-09-04,REGISTERED,41e34a69bb5ad90e06322e3ec3be359e42b1b4885b445b66ffdfb82a1c255c87
R03296,OTHER,2026-08-24,REGISTERED,083d5888238876902f96c68dee64fac8233a9d1dc554ba646f844e7c9f170e28
R03297,OTHER,2026-09-04,REGISTERED,ae8719ba04ba6785d08af3baae1c6ba2f28e5b3f15f0b2d345a8dda09b75df68
R03298,OTHER,2026-09-04,REGISTERED,89efaf34b1a6211605a979eb968360f65cde5579d987ef85700cab03081da43d
R03299,OTHER,2026-09-04,REGISTERED,a2807b8dd7e40259e0429b7bba4f5e8aef0c41fc81b5af27d5e39216a51d6f1a
R03300,OTHER,2026-08-24,REGISTERED,ff0d2f87fcec2bb285e505be3199ca0dbdd30a11373cb2ac756d0e69400792a8
R03301,OTHER,2026-08-26,REGISTERED,b95d1b2a0edf5c6a6868a0d1d4db251ce71c9a84fedb9b0af76a077e2ee3df2e
R03302,OTHER,2026-09-07,REGISTERED,14937b759c1a289743fa66d85e0942b58df25b39ee21a0ec63fec2990873b93a
R03303,OTHER,2026-09-01,REGISTERED,af9e5103550ff9efa3e76420d67a248886532cf67783a7c0e2585b0a7fe65df4
R03304,OTHER,2026-09-07,REGISTERED,cebe9188744bb73804e4422af5445d1da591f6e91142d688ba3407e56b431e21
R03305,OTHER,2026-09-07,REGISTERED,4485237b9d74ddbd557a5c0b1209069c20c40a9e10dfeeb40dc6e70ab6939b8f
R03306,OTHER,2026-09-04,REGISTERED,a2807b8dd7e40259e0429b7bba4f5e8aef0c41fc81b5af27d5e39216a51d6f1a
R03307,OTHER,2026-08-26,REGISTERED,b88e445b9e2850066deb51b21a7d8bb41d97917d8694becbe7a5f4a7624d0fe7
R03308,OTHER,2026-09-08,REGISTERED,596f263400a2a1f8c3cb6a228cb273d2a28971dbb4a3f07403bff04db564370c
R03309,OTHER,2026-09-08,REGISTERED,c7153b327217af76b4b04fb053084861a147e4cd24336d6b295fe1a3309590be
R03310,OTHER,2026-09-04,REGISTERED,0afd5c314b37b544f27677ab2e1d778fabb4a25f27a6e824db9a69389991fc13
R03311,OTHER,2026-09-07,REGISTERED,ceb452aa7e87eef1a7e4b16fae596e62cc6e786ec1b410f55a14e50086f16fcc
R03312,OTHER,2026-09-08,REGISTERED,a9b3de990258ebb4beb6f2f8752b537eeb6497b6988166ffab0eb8f31f233519
R03313,OTHER,2026-09-01,REGISTERED,fe69d229fc4bff42d8cbd7589dc57b7f02dcd5d846fd8d73c68227cddcfd3bf7
R03314,OTHER,2026-08-31,REGISTERED,2393ad6ab36ada7463f76badc8f99ee0dc7b8999da54bcdefbe7afa10b6a5d62
R03315,OTHER,2026-09-04,REGISTERED,a2807b8dd7e40259e0429b7bba4f5e8aef0c41fc81b5af27d5e39216a51d6f1a
R03316,OTHER,2026-09-01,REGISTERED,b5ff136138e706d2f468c4323e97758e684f85342ac99e26d59c88d1f8f0ed32
R03317,OTHER,2026-08-31,REGISTERED,0cb2e41db036a996d457cc1e962ce80249377069b0cec7cb2dfd937c0dc2becb
R03318,OTHER,2026-09-05,REGISTERED,f71a3ffe1c9650565d2fe243001566d077dbe0ab6a9e49528d1d6e661c1480b5
R03319,OTHER,2026-09-04,REGISTERED,a2807b8dd7e40259e0429b7bba4f5e8aef0c41fc81b5af27d5e39216a51d6f1a
R03320,OTHER,2026-09-07,REGISTERED,cebe9188744bb73804e4422af5445d1da591f6e91142d688ba3407e56b431e21
R03321,OTHER,2026-09-04,REGISTERED,a2807b8dd7e40259e0429b7bba4f5e8aef0c41fc81b5af27d5e39216a51d6f1a
R03322,OTHER,2026-09-07,REGISTERED,cebe9188744bb73804e4422af5445d1da591f6e91142d688ba3407e56b431e21
R03323,OTHER,2026-08-26,REGISTERED,6fbc64c97b3353d744e00b34aae711e11aee7fe0cf33aaaf60df727684205a59
R03324,OTHER,2026-09-07,REGISTERED,715052c56afed042c22b7971abf3e8d2d9152a4da1511a905347d71f6da776b0
R03325,OTHER,2026-09-08,REGISTERED,f7c3c7e4de0719412fd8170722f5a74434615018e049845b5f955b03af10e151
R03326,OTHER,2026-08-31,REGISTERED,dcf47418592714981d858f1c5517bd4c05abcc31fd92e0ad18a1cebc16fa4092
R03327,OTHER,2026-08-26,REGISTERED,d68426b124c5a81d819e8ee6313ab57d27181670dfa770667f945cd8d24c3d98
R03328,OTHER,2026-08-26,REGISTERED,96feaa85f436d12bad7f9c6e1cc771ac61662dfd0757efe5e7c2c23ee8c8968c
R03329,OTHER,2026-09-04,REGISTERED,1aec3706151fd4c88e8f99cfa5d937f74adfad003ad12135f9c1aae56a6992ce
R03330,OTHER,2026-09-07,REGISTERED,bc4cb6923f89eb260a84b3b21271bf89bcbb0e7544c53514c7fc89ec0c8520d3
R03331,OTHER,2026-08-31,REGISTERED,2eea8965873a270025476364beeae794f9484ac176c1326e3c8b706184970bfd
R03332,OTHER,2026-09-03,REGISTERED,986fcc46d6bee4c987798df439a95d4ba99c5d5465aa0e93f23152847cbf8771
R03333,OTHER,2026-09-03,REGISTERED,a946df5d3adf7701bc3a05656dc16842205afbeb0226e4d338047720cfe23b04
R03334,OTHER,2026-09-04,REGISTERED,cd1ea0a6c1afe134cef5d6225c21ea7ec0f6c9ef8eb9932720231335649a4258
R03335,OTHER,2026-09-04,REGISTERED,0afd5c314b37b544f27677ab2e1d778fabb4a25f27a6e824db9a69389991fc13
R03336,OTHER,2026-09-04,REGISTERED,64fc6d5c5adcb4ee8685a02d0a984a2531974d354acc92f43f3005165dbd08bb
R03337,OTHER,2026-09-04,REGISTERED,58d925dba15fbfa3c94ce37eb8f318ff253472f595a703c61a1977bda763a5a0
R03338,OTHER,2026-08-25,REGISTERED,b8b0c5251a94025722be7d627b4c5d1d4bfa9533c140fcbba96dacb9dee68d8c
R03339,OTHER,2026-08-31,REGISTERED,937df38bb5ee9cb8dd9cb3f92479814d06b512eba9db85760027ca0dbc70b8e2
R03340,OTHER,2026-09-01,REGISTERED,5ef4482c2830f4cfb63bd4aa9ebd17e41ef74684c2514af43d2b031a85b5549c
R03341,OTHER,2026-09-04,REGISTERED,0afd5c314b37b544f27677ab2e1d778fabb4a25f27a6e824db9a69389991fc13
R03342,OTHER,2026-09-06,REGISTERED,8f4445c7d05d0daff4e61eca8bf1eea690869ed1ea5ea21db229ab0c0ee76220
R03343,OTHER,2026-09-04,REGISTERED,a2807b8dd7e40259e0429b7bba4f5e8aef0c41fc81b5af27d5e39216a51d6f1a
R03344,OTHER,2026-09-04,REGISTERED,92f943c45dca5d34ad40c9cf129b1c3c3953a3ea8d2e1ba90a4dbf1e6ac92047
R03345,OTHER,2026-08-31,REGISTERED,dca68bb9cde14061bdc2a1178a0a72ee7b0b47f46e4107734e4c8ca16991e3af
R03346,OTHER,2026-09-07,REGISTERED,7ab0c084518a119db48e422d624245a0db7c32682c885deb241fd2bd6e0aedee
R03347,OTHER,2026-09-04,REGISTERED,cd1ea0a6c1afe134cef5d6225c21ea7ec0f6c9ef8eb9932720231335649a4258
R03348,OTHER,2026-09-06,REGISTERED,84545b6935b41fbed07fbadd2838aaaeeac7cdc3081e29cbe94ce1af729957b2
R03349,OTHER,2026-08-25,REGISTERED,1c45c68f686e8b77b0841c61e539e37e366409f87c5a2900bafb5851e3bbcfa8
R03350,OTHER,2026-09-08,REGISTERED,33781b2689f5109dc8538ba78c90cbffab96910afb898115e9752a14dfe3d9b0
R03351,OTHER,2026-09-04,REGISTERED,59c7f21861410688f529333730cade8fcd49cc378cb6af6a9bc7a102a7f8b727
R03352,OTHER,2026-09-04,REGISTERED,cd1ea0a6c1afe134cef5d6225c21ea7ec0f6c9ef8eb9932720231335649a4258
R03353,OTHER,2026-09-08,REGISTERED,7ccf65e21ba791f979ddd781990bcabaa5a2d0a2ba05ef4e381480ffb12fe375
R03354,OTHER,2026-09-04,REGISTERED,27260f44b814ea911b9cf2885092531cbacd984c712a654ad3101c48fc80d213
R03355,OTHER,2026-09-04,REGISTERED,5032e79b0858322ae864ad5601cdfb5fe880fd27f6909d974f7897cb5cb9b8f5
R03356,OTHER,2026-09-04,REGISTERED,0d3bbb46b485b40b1759abea753bca578872cf900ab476f06ee12395f5171561
R03357,OTHER,2026-09-03,REGISTERED,1f35010aea413f2886d587bbd385797cd6ddd8866da5bdde6d8803663d7ba993
R03358,OTHER,2026-09-06,REGISTERED,92d90843cbd778849a930d04be0bf391f42cf7585948471298287830fb667721
R03359,OTHER,2026-09-05,REGISTERED,9e6ca36bd7cb87ab9a0e75e32f3c4b1513666a7c88d2f8231cf9e4d49e506dc0
R03360,OTHER,2026-08-22,REGISTERED,bc09130ee89ea9edb2c3a247178294a649f6b77fe69f33f414e3d21e9ac94ed0
R03361,OTHER,2026-09-01,REGISTERED,199163033fcd7ff09dc5cc22019fe05d2213ec8c0990b4cebbe23b1277ae8322
R03362,OTHER,2026-09-05,REGISTERED,161436caa03223b9a711375f62eb75d4874aa61393f80c74f31aecbc24e73900
R03363,OTHER,2026-09-01,REGISTERED,b483bbabe12bea14f52b0fc7b44c086b15738fde84df82389f2cb88075a815af
R03364,OTHER,2026-09-01,REGISTERED,2baee2a2934cde3f54e3c24c3e71ed1e38229c733d197dc35ed06459528b2288
R03365,OTHER,2026-09-03,REGISTERED,e9fc379cccb3aed88fa2215f1e5bb211c6d7d64e8defec55fccbe41656199c08
R03366,OTHER,2026-09-04,REGISTERED,a2807b8dd7e40259e0429b7bba4f5e8aef0c41fc81b5af27d5e39216a51d6f1a
R03367,OTHER,2026-09-07,REGISTERED,cebe9188744bb73804e4422af5445d1da591f6e91142d688ba3407e56b431e21
R03368,OTHER,2026-09-04,REGISTERED,4ff7a442bc28d1a3a3afba2d6900c903a4073011aa1b9afaba89b3a1c3b3d924
R03369,OTHER,2026-09-04,REGISTERED,cd1ea0a6c1afe134cef5d6225c21ea7ec0f6c9ef8eb9932720231335649a4258
R03370,OTHER,2026-09-08,REGISTERED,bfd63bb5a8800c1014daaa2b8c0a107d108bcd5d299d5c2cfeb84484afb13622
R03371,OTHER,2026-09-06,REGISTERED,e3e9809cda1e327d88fe684fbf90872935ded6228ed36af13a2c65f600bedecd
R03372,OTHER,2026-09-04,REGISTERED,58d925dba15fbfa3c94ce37eb8f318ff253472f595a703c61a1977bda763a5a0
R03373,OTHER,2026-08-31,REGISTERED,0df90079aba099fd1669a40b6fce1525f874624499e3f97d9d6c6231410cc55f
R03374,OTHER,2026-09-05,REGISTERED,ec045d412b033a076c56c6b47f85fa5fd07972347c1b37d693d30c6c9288706b
R03375,OTHER,2026-09-08,REGISTERED,e02856d2d13fcf3eae051d921346e1e2a1aeed686b323f2835e78179c73c4d36
R03376,OTHER,2026-09-04,REGISTERED,a2807b8dd7e40259e0429b7bba4f5e8aef0c41fc81b5af27d5e39216a51d6f1a
R03377,OTHER,2026-09-03,REGISTERED,560650135e1851095427105860e54b6372c739ce7a285f92419c27e9ff1ad944
R03378,OTHER,2026-09-01,REGISTERED,df65b806db006a8721610e2844dfefee0e55c2040f8ff0ffe0f9a9f67f9de562
R03379,OTHER,2026-09-04,REGISTERED,a2807b8dd7e40259e0429b7bba4f5e8aef0c41fc81b5af27d5e39216a51d6f1a
R03380,OTHER,2026-09-07,REGISTERED,cebe9188744bb73804e4422af5445d1da591f6e91142d688ba3407e56b431e21
R03381,OTHER,2026-08-28,REGISTERED,1e8e9a89f063012a8802b6b6e2aa849e117ccb5b6d87e1babe9dd4772067f43b
R03382,OTHER,2026-09-08,REGISTERED,9378bc93b565c8780c45fd3f201e6da96eafe73cc18a6f069a97d401db479067
R03383,OTHER,2026-09-07,REGISTERED,ceb452aa7e87eef1a7e4b16fae596e62cc6e786ec1b410f55a14e50086f16fcc
R03384,OTHER,2026-08-26,REGISTERED,8fa1733a376657b3b5907bc7b3fe9575a769785faec02e85b3574b8ff26e89fb
R03385,OTHER,2026-09-08,REGISTERED,e5d5dc6dc4d557dc50ffd4a82da5ae2384969942fb11315d1e73b1e1439ffd0d
R03386,OTHER,2026-09-06,REGISTERED,363418af1d8782ed088808ec2e5abc4cd32cf490a34d4eb842f1949a5fee441f
R03387,OTHER,2026-09-01,REGISTERED,e964f2b3e4df782289881472941c64301b3e7a9dce4488a8eeb068f60f6fda04
R03388,OTHER,2026-08-13,REGISTERED,9e93b76debcce8e14baa4f2eacd16c2a11184c67bc2c4fe80118d921d0390d93
R03389,OTHER,2026-08-24,REGISTERED,0a560555e093e3ab5a95817c91013756d58d2813992ca138c475be6ecd278064
R03390,OTHER,2026-08-23,REGISTERED,10fa667ced8635e72f9bef3fc898a7e7c109f8b5bdedc14d6652ccb41c260743
R03391,OTHER,2026-09-07,REGISTERED,ceb452aa7e87eef1a7e4b16fae596e62cc6e786ec1b410f55a14e50086f16fcc
R03392,OTHER,2026-09-06,REGISTERED,79eee4143fe9c88550bd17f29918c8298771af255eb125b6aad67dace488f265
R03393,OTHER,2026-09-06,REGISTERED,8bacddff1ec08093c94cfce0e77edcee32ff99e9d03e980b08eed137594d14d7
R03394,OTHER,2026-09-05,REGISTERED,ec045d412b033a076c56c6b47f85fa5fd07972347c1b37d693d30c6c9288706b
R03395,OTHER,2026-09-04,REGISTERED,d7fd1bac6533382c54e32179466d30abeee8f9b44a2f7b4d156001cf6a9781ba
R03396,OTHER,2026-08-11,REGISTERED,3be87719c920dc171e6e6bf3d7c85ff0de5560049cb18cdb5f9e6511a48e24ac
R03397,OTHER,2026-09-01,REGISTERED,4d1dc6d5c308331193a48e1e65b0b857af69cbac6ec73e0746e7f6359b80ba3d
R03398,OTHER,2026-09-04,REGISTERED,fb3b556d072f998cb5cb745b65e0ab1f485f96dbaebf634d47345722632cde17
R03399,OTHER,2026-09-04,REGISTERED,0afd5c314b37b544f27677ab2e1d778fabb4a25f27a6e824db9a69389991fc13
R03400,OTHER,2026-09-04,REGISTERED,a2807b8dd7e40259e0429b7bba4f5e8aef0c41fc81b5af27d5e39216a51d6f1a
R03401,OTHER,2026-09-07,REGISTERED,cebe9188744bb73804e4422af5445d1da591f6e91142d688ba3407e56b431e21
R03402,OTHER,2026-09-08,REGISTERED,7454242ae7e432995987d7f2ddf56c9c827b0a00553e06b34df3a2fafad55e09
R03403,OTHER,2026-08-26,REGISTERED,8526cb2d974284195ba230f56675f941a45802df6b44903655876294d5da49fe
R03404,OTHER,2026-09-04,REGISTERED,a2807b8dd7e40259e0429b7bba4f5e8aef0c41fc81b5af27d5e39216a51d6f1a
R03405,OTHER,2026-09-03,REGISTERED,d880433b8728b2bed9305d6f4d573f2ce2cc887cab0201795f774cfe40d2bcd0
R03406,OTHER,2026-09-04,REGISTERED,0d3bbb46b485b40b1759abea753bca578872cf900ab476f06ee12395f5171561
R03407,OTHER,2026-08-31,REGISTERED,d4e8c04cdab3c013182a0089e365ea44759bf6d92e62451331ef2d2fa33685ac
R03408,OTHER,2026-09-04,REGISTERED,fa7c2a740822640f9fceeeebccee130597de05a08595cbf708633059cebb2c99
R03409,OTHER,2026-09-04,REGISTERED,a2807b8dd7e40259e0429b7bba4f5e8aef0c41fc81b5af27d5e39216a51d6f1a
R03410,OTHER,2026-09-08,REGISTERED,8e2136ab79d4247014d34cdfb8452d2fe90f7ec0cfe7d31b030a8ceedf4ea266
R03411,OTHER,2026-09-04,REGISTERED,b01cb83a6be2e8106ed0b314168d05deefd83e302593312caf60fb3726863fca
R03412,OTHER,2026-09-07,REGISTERED,ceb452aa7e87eef1a7e4b16fae596e62cc6e786ec1b410f55a14e50086f16fcc
R03413,OTHER,2026-09-04,REGISTERED,fa7c2a740822640f9fceeeebccee130597de05a08595cbf708633059cebb2c99
R03414,OTHER,2026-08-06,REGISTERED,13ca2d455c147e612ddf06e32d67e635c715d9affc0e1a30a4c26485d53373e4
R03415,OTHER,2026-09-08,REGISTERED,020b09c84afd85a1e6b91fbd84450dc733c619910890e276ec3c922a048b1619
R03416,OTHER,2026-08-25,REGISTERED,426f724899fea692ddd7e74cf410e6f06b9c11d33c4079aa4239572c2d981556
R03417,OTHER,2026-08-11,REGISTERED,aa0e896217aaa50d41a314ce351df1d0ade6ff2c5c5e689f3d63905e358e734b
R03418,OTHER,2026-09-01,REGISTERED,ad37ff1f3bf8f019c032ea39b31fc25aeaa1ec2989afbc6056afa71fc6ffcd0f
R03419,OTHER,2026-09-04,REGISTERED,6d83aa43de3f5efc2021845ea9ff6f0b0858fc5b300cf2a1bfd70c32df4edbff
R03420,OTHER,2026-09-04,REGISTERED,b01cb83a6be2e8106ed0b314168d05deefd83e302593312caf60fb3726863fca
R03421,OTHER,2026-09-04,REGISTERED,61577248e1f4556162b5a9e8c26295efb324661d1d57f01dea4cc048cb5648b9
R03422,OTHER,2026-09-04,REGISTERED,0afd5c314b37b544f27677ab2e1d778fabb4a25f27a6e824db9a69389991fc13
R03423,OTHER,2026-09-06,REGISTERED,ef21244bf85633b1e9f4e8797a7555cee035a02535f90dbf2f33ebb39d29afc4
R03424,OTHER,2026-09-04,REGISTERED,a2807b8dd7e40259e0429b7bba4f5e8aef0c41fc81b5af27d5e39216a51d6f1a
R03425,OTHER,2026-09-03,REGISTERED,3d7648ec3fa611e7d751d986eb4a91cb58a13c289f861f3e751f03f3b22431a4
R03426,OTHER,2026-08-31,REGISTERED,b4278f5cac05dfa4314a1f1fcf9a25f126c16bbedfe6eb3fc222d700d6b03b42
R03427,OTHER,2026-08-31,REGISTERED,28da841ad4557f080d9eed3a6037f8ef6cdeaaafdc35aee49150c48c25628fef
R03428,OTHER,2026-09-04,REGISTERED,58d925dba15fbfa3c94ce37eb8f318ff253472f595a703c61a1977bda763a5a0
R03429,OTHER,2026-08-25,REGISTERED,6d2c8a6e1405c541b18810411bcc0ccb32eacd29f3a7a3cfdb80f17ed97b66c2
R03430,OTHER,2026-08-25,REGISTERED,67743ad4c0901c9ea2ac19e3234e362b73e5766e1cbc6fa51a1e19772f39206b
R03431,OTHER,2026-09-04,REGISTERED,a2807b8dd7e40259e0429b7bba4f5e8aef0c41fc81b5af27d5e39216a51d6f1a
R03432,OTHER,2026-08-05,REGISTERED,dcfdb297a4a37b9b0fe2e7c998856371393a06f346d9d606dbdbce31401aab90
R03433,OTHER,2026-08-23,REGISTERED,7ee5c603617e85cfd9dccf5a19a29c9928cc74bc7305125fd26c518befc27f97
R03434,OTHER,2026-09-05,REGISTERED,ec045d412b033a076c56c6b47f85fa5fd07972347c1b37d693d30c6c9288706b
R03435,OTHER,2026-08-20,REGISTERED,a20c5053edd416ab1cb9135d2e392b2cd6e21a61912ab3cf54c3edd9aed3a2af
R03436,OTHER,2026-08-31,REGISTERED,748ddf37257e5f9de4cbdf6c236936149ce66f0743c0c443dfc8edc2d14450fb
R03437,OTHER,2026-09-07,REGISTERED,7828d72379f1ad63e1b65e7faa11e5c98f49aa8d508503aea84bd0cbd657fb21
R03438,OTHER,2026-08-23,REGISTERED,a396634f60fbe9f339cd31a67ac038a3e6b619f36f1cbbc3851a3970d8d84f60
R03439,OTHER,2026-09-04,REGISTERED,a2807b8dd7e40259e0429b7bba4f5e8aef0c41fc81b5af27d5e39216a51d6f1a
R03440,OTHER,2026-09-04,REGISTERED,a2807b8dd7e40259e0429b7bba4f5e8aef0c41fc81b5af27d5e39216a51d6f1a
R03441,OTHER,2026-09-04,REGISTERED,a2807b8dd7e40259e0429b7bba4f5e8aef0c41fc81b5af27d5e39216a51d6f1a
R03442,OTHER,2026-09-04,REGISTERED,0afd5c314b37b544f27677ab2e1d778fabb4a25f27a6e824db9a69389991fc13
R03443,OTHER,2026-09-07,REGISTERED,ceb452aa7e87eef1a7e4b16fae596e62cc6e786ec1b410f55a14e50086f16fcc
R03444,OTHER,2026-09-01,REGISTERED,1044a82082e6c2e334210d9e3887acdc362c0089145b548d859edfe860f93c6c
R03445,OTHER,2026-08-31,REGISTERED,df5f4575bbaa6993cdb2ebb33f0a8230f0a0ad922dae3535bb1dbd6591b71ca4
R03446,OTHER,2026-08-25,REGISTERED,cf85c2ce0abbc1aad87b048235c7adb9ba57e934943d1926c2e52d44bf044b8c
R03447,OTHER,2026-09-07,REGISTERED,ceb452aa7e87eef1a7e4b16fae596e62cc6e786ec1b410f55a14e50086f16fcc
R03448,OTHER,2026-09-01,REGISTERED,b6549cc6670afea63c288c4a39ae425a034e8118dd69c45934fef8f16342a7c1
R03449,OTHER,2026-08-31,REGISTERED,6132739c5f3d92213efa477b5d58ab3c4cb466d3b3da3cdc2d5650edd06cc7a6
R03450,OTHER,2026-09-03,REGISTERED,254342a815770f54faee776aaf0e0b57b7fba169dc9f49f7ac2f5c0695d115e0
R03451,OTHER,2026-09-01,REGISTERED,3f8767d4b018f1ab93767d29449bd7cd72144e6fd121be43084d93734a307d7a
R03452,OTHER,2026-08-31,REGISTERED,997d8bd1d7a168c64910473ba33e81c279b2792e3f4eddfc620127a0156c32fc
R03453,OTHER,2026-09-07,REGISTERED,ceb452aa7e87eef1a7e4b16fae596e62cc6e786ec1b410f55a14e50086f16fcc
R03454,OTHER,2026-09-03,REGISTERED,a768322b88c833c456145b3d52b9843e01b62afd4cb0756255f9b1b16eeb6713
R03455,OTHER,2026-08-26,REGISTERED,ef5b2ed1f9fed68c36af0412e843fed9d98835c815b1e6490070e58d70eb8348
R03456,OTHER,2026-09-07,REGISTERED,ceb452aa7e87eef1a7e4b16fae596e62cc6e786ec1b410f55a14e50086f16fcc
R03457,OTHER,2026-09-07,REGISTERED,9e40424c6a21ca898bdf4aa9d07fe6ac3565ad1ce8b8fabb17eb13c07b653790
R03458,OTHER,2026-08-25,REGISTERED,451a803c5ed07ff6cb88de1aa43c9af92f9c6888f6c8d9b421859a907fd82eba
R03459,OTHER,2026-09-08,REGISTERED,aa8da3d3f3702657e7a066f4efd8f584bd1d14c385ff6a764257ae6926b6177f
R03460,OTHER,2026-09-04,REGISTERED,a2807b8dd7e40259e0429b7bba4f5e8aef0c41fc81b5af27d5e39216a51d6f1a
R03461,OTHER,2026-08-23,REGISTERED,1e455aaf0a5bf70ed865ad8749d1d3e403686bd83844d9c2970927d3ee908940
R03462,OTHER,2026-09-04,REGISTERED,266fbdf77596ac157023e809ecfec148a7a50ff07ad70fb7f4001e48e08e3c86
R03463,OTHER,2026-08-24,REGISTERED,b54b3aa174efd5bf25308f917102bb065acf28fe627ffdd168124d2ddf9c8809
R03464,OTHER,2026-09-04,REGISTERED,a2807b8dd7e40259e0429b7bba4f5e8aef0c41fc81b5af27d5e39216a51d6f1a
R03465,OTHER,2026-09-05,REGISTERED,ec045d412b033a076c56c6b47f85fa5fd07972347c1b37d693d30c6c9288706b
R03466,OTHER,2026-08-06,REGISTERED,3b1e86a044c54574dccb4aea6f7236d5a03813d615cb692daf0923356bdd69a9
R03467,OTHER,2026-09-04,REGISTERED,a2807b8dd7e40259e0429b7bba4f5e8aef0c41fc81b5af27d5e39216a51d6f1a
R03468,OTHER,2026-09-04,REGISTERED,762c7d2816fe6470fd090c0db5beb98889565c5800eed132b5633e1273f9ffc5
R03469,OTHER,2026-09-04,REGISTERED,f89238d60fe172d2090df0cbca392057cd6bbffda35bc1e34a627e437f90253e
R03470,OTHER,2026-09-04,REGISTERED,ae8719ba04ba6785d08af3baae1c6ba2f28e5b3f15f0b2d345a8dda09b75df68
R03471,OTHER,2026-09-04,REGISTERED,1aec3706151fd4c88e8f99cfa5d937f74adfad003ad12135f9c1aae56a6992ce
R03472,OTHER,2026-09-04,REGISTERED,aa2f4e4a79b4841e0b8999bf7056e269534fde5e991022f2c9278d0714f30d58
R03473,OTHER,2026-09-08,REGISTERED,0a978921854fa37df5680fc404f93d416f7c8c21d2e75847ffe27c56e620e952
R03474,OTHER,2026-08-25,REGISTERED,d52636bc22b9e6c40ba0fcd0b3b68935d391a3c34a1a8531818863e22ac056c8
R03475,OTHER,2026-08-31,REGISTERED,34f732e6a71fc89e33ecbd59db1d845e86cf56a4d355712e13110a226bda8d8f
R03476,OTHER,2026-08-06,REGISTERED,39ede1da19554839b9ac0914af739ce74c002ab3b7fa79dc5af864af93f406af
R03477,OTHER,2026-08-07,REGISTERED,2a49ddce1866b2648ca3df9424dd351855a1fe7cde03daaa042bea6f823954de
R03478,OTHER,2026-08-22,REGISTERED,9ad4df2add03930de97cb9290bd16a0787b6140e8f4105aad795151b1ed0c47d
R03479,OTHER,2026-08-24,REGISTERED,fa6011ea94ae89ae78447b62f0bf181904f480b4b16d124537652c566593fe97
R03480,OTHER,2026-09-07,REGISTERED,ceb452aa7e87eef1a7e4b16fae596e62cc6e786ec1b410f55a14e50086f16fcc
R03481,OTHER,2026-08-24,REGISTERED,d213ec75934b1987f2fc47cc3e1372aa70946d572d7b8c1ddfef3a91b9ca1327
R03482,OTHER,2026-08-13,REGISTERED,0339701c9d90163f1aeacc17784c3a062a1b639668fadae59e1a081bcdd4a10f
R03483,OTHER,2026-09-07,REGISTERED,cebe9188744bb73804e4422af5445d1da591f6e91142d688ba3407e56b431e21
R03484,OTHER,2026-08-11,REGISTERED,55dfa480c4c7861f256c947f218aab6eacbd3b702bbf4370b1f90e2d2b4f7fc0
R03485,OTHER,2026-09-04,REGISTERED,762c7d2816fe6470fd090c0db5beb98889565c5800eed132b5633e1273f9ffc5
R03486,OTHER,2026-09-05,REGISTERED,746d1c68dc20c847f58d6618bcafa01ca95eee702f07986db9b5bf0ab010e99f
R03487,OTHER,2026-08-31,REGISTERED,d796082cb39861339c2eb787b552d57da829be6f3c7f49d0542e695c539aff66
R03488,OTHER,2026-09-08,REGISTERED,5a321073d1984c37e7338701ad3274b0bec90032a44b8772ab75e4054249989f
R03489,OTHER,2026-09-04,REGISTERED,762c7d2816fe6470fd090c0db5beb98889565c5800eed132b5633e1273f9ffc5
R03490,OTHER,2026-09-04,REGISTERED,0afd5c314b37b544f27677ab2e1d778fabb4a25f27a6e824db9a69389991fc13
R03491,OTHER,2026-09-04,REGISTERED,58d925dba15fbfa3c94ce37eb8f318ff253472f595a703c61a1977bda763a5a0
R03492,OTHER,2026-09-04,REGISTERED,58d925dba15fbfa3c94ce37eb8f318ff253472f595a703c61a1977bda763a5a0
R03493,OTHER,2026-08-25,REGISTERED,4b2e8cf9abe0d57db66a725148f81d5225abbd416a4d8643ebf59060080a32c5
R03494,OTHER,2026-09-04,REGISTERED,92f943c45dca5d34ad40c9cf129b1c3c3953a3ea8d2e1ba90a4dbf1e6ac92047
R03495,OTHER,2026-09-04,REGISTERED,9f2d8c6e665524d823266c5bb1a4ccb16758922faedaf006711f82affb3d2d97
R03496,OTHER,2026-09-04,REGISTERED,92f943c45dca5d34ad40c9cf129b1c3c3953a3ea8d2e1ba90a4dbf1e6ac92047
R03497,OTHER,2026-08-06,REGISTERED,aa90424cad125ad151c10bcff13a5adc19e252ef718b9f25e6b0cc4f9b815881
R03498,OTHER,2026-09-07,REGISTERED,9e40424c6a21ca898bdf4aa9d07fe6ac3565ad1ce8b8fabb17eb13c07b653790
R03499,OTHER,2026-09-04,REGISTERED,a2807b8dd7e40259e0429b7bba4f5e8aef0c41fc81b5af27d5e39216a51d6f1a
R03500,OTHER,2026-08-31,REGISTERED,807c97f45fb50fa70cec1f5ac1c1c6dc3ead740c1ff0d196468e356e6fa2855a
R03501,OTHER,2026-09-06,REGISTERED,d6af75549bc8b64ec148c6928753b67c895ab4a45aef3b6c558225b7634bfee5
R03502,OTHER,2026-09-04,REGISTERED,cd1ea0a6c1afe134cef5d6225c21ea7ec0f6c9ef8eb9932720231335649a4258
R03503,OTHER,2026-09-04,REGISTERED,a2807b8dd7e40259e0429b7bba4f5e8aef0c41fc81b5af27d5e39216a51d6f1a
R03504,OTHER,2026-09-04,REGISTERED,fa7c2a740822640f9fceeeebccee130597de05a08595cbf708633059cebb2c99
R03505,OTHER,2026-09-04,REGISTERED,e041c64a53912825e3aa013380b113c8c5c76aff81c2f422fb774752ddc2c6df
R03506,OTHER,2026-08-25,REGISTERED,f71bc916ed4940b723dc3e8461ca7fe08a413294ddc1e1a9a732e158ff7f8b06
R03507,OTHER,2026-09-04,REGISTERED,f54fba00380e9ac4d2a0b7a2be3566221ffb7c640c7170690929ca204b82286a
R03508,OTHER,2026-09-07,REGISTERED,adcf4a4e3dc72409bc702f73cbd290a353be21d7afce1d839158be0e4cd70231
R03509,OTHER,2026-09-04,REGISTERED,0afd5c314b37b544f27677ab2e1d778fabb4a25f27a6e824db9a69389991fc13
R03510,OTHER,2026-09-04,REGISTERED,fa7c2a740822640f9fceeeebccee130597de05a08595cbf708633059cebb2c99
R03511,OTHER,2026-09-03,REGISTERED,870e968473dfc690e6d136785e3b391fab9f0a0a0e3a9a0d7f0dc525bb9d416a
R03512,OTHER,2026-09-07,REGISTERED,cebe9188744bb73804e4422af5445d1da591f6e91142d688ba3407e56b431e21
R03513,OTHER,2026-08-26,REGISTERED,fecb52ebacad9a87b9e5017c137e02aed1bb4524e3792b2115d4373cbe180ad3
R03514,OTHER,2026-08-09,REGISTERED,cde4c0c7500c4b2e91704fdabaebecee3db47589425b1a614fffa4150305838b
R03515,OTHER,2026-09-04,REGISTERED,a2807b8dd7e40259e0429b7bba4f5e8aef0c41fc81b5af27d5e39216a51d6f1a
R03516,OTHER,2026-08-31,REGISTERED,7b8e886f72f37be5a43177de53380db17d3103bcdc9fec9b712dc82ae17cf715
R03517,OTHER,2026-09-06,REGISTERED,2bb28d2f319ab56451839dca1a782d2309cd0bcd430c08c35acd91492c2deb4b
R03518,OTHER,2026-08-31,REGISTERED,18d8feb83aa976483c069f75ab46b85c050bc1e36f06084e937c5dd9693c5825
R03519,OTHER,2026-09-04,REGISTERED,92f943c45dca5d34ad40c9cf129b1c3c3953a3ea8d2e1ba90a4dbf1e6ac92047
R03520,OTHER,2026-09-04,REGISTERED,0afd5c314b37b544f27677ab2e1d778fabb4a25f27a6e824db9a69389991fc13
R03521,OTHER,2026-09-04,REGISTERED,a2807b8dd7e40259e0429b7bba4f5e8aef0c41fc81b5af27d5e39216a51d6f1a
R03522,OTHER,2026-09-01,REGISTERED,69798c79dd12d833f0e577d117a1bbf51e1a499853a6411cbffe9856135038a9
R03523,OTHER,2026-08-28,REGISTERED,b6af9696028fe83559b01e4739c9bb5e5c60b421b57f1d601fd51395621bdf94
R03524,OTHER,2026-09-04,REGISTERED,0afd5c314b37b544f27677ab2e1d778fabb4a25f27a6e824db9a69389991fc13
R03525,OTHER,2026-09-06,REGISTERED,7b610d895d209e76edea7b261fb8c77e228090c6a9b46ae63ebfacd5ff9a0936
R03526,OTHER,2026-09-08,REGISTERED,b7c4aac35fb8af6e4d8ccf750b238dff4c6b8deb0bfc7c9ae01c5815c4c72161
R03527,OTHER,2026-09-05,REGISTERED,8eb9162b5eda58530a0ce559183da29f02eaf438c650c73f6a4c91e531df148d
R03528,OTHER,2026-09-05,REGISTERED,bf66ab2dbc519cdef0f5150835a711e2c4b7b6b93d12086ad49b88b0837ecdb2
R03529,OTHER,2026-09-08,REGISTERED,ed3a3f0bf6f15f8c5bfa1164bf6f10abdea630e47dede0e57b08a47f125128ed
R03530,OTHER,2026-08-23,REGISTERED,af1ddce43b1ba1f4b6b22cd11e825d1d101d5596c3d72029c45adf5f01a40a4f
R03531,OTHER,2026-08-06,REGISTERED,0da27b24a2de8f77be75db04dab7256865a6678d56e6ed124206f2f4783f06cb
R03532,OTHER,2026-08-07,REGISTERED,702fd95801aaf6428d22da7f5f21749e16b9390889ea30deaa088baad5f8680a
R03533,OTHER,2026-08-07,REGISTERED,727cfba8272fc43ed16d1a29f0d8cbf44c2bff4b7f59209348ed29c1bc5b726f
R03534,OTHER,2026-08-07,REGISTERED,dbec2ebad6878f90f54679883ee999ac3e831f9b4c8b0742f1311a678bee9778
R03535,OTHER,2026-08-07,REGISTERED,512790491e9db9a56a80826932d8ae156e79a891d80b4fd53e6395eb182e1362
R03536,OTHER,2026-08-09,REGISTERED,1e24693386a486ed1c3a3720b254e2598be9a8099db80daffd0bbc4c87af17bb
R03537,OTHER,2026-08-09,REGISTERED,1e24693386a486ed1c3a3720b254e2598be9a8099db80daffd0bbc4c87af17bb
R03538,OTHER,2026-08-09,REGISTERED,1e24693386a486ed1c3a3720b254e2598be9a8099db80daffd0bbc4c87af17bb
R03539,OTHER,2026-08-20,REGISTERED,938596709cc986efebb6a8445b6bf6a5421d3234481f86e208511499bc0fefad
R03540,OTHER,2026-08-23,REGISTERED,ba80f239d5252abf7d4277cf9e2ab29c77f1dd5ddd37290e7945eb7df88f598d
R03541,OTHER,2026-08-23,REGISTERED,a7e3b4dbb003ad2469a3fbce5e4f981f8d1e64b06b58f1ea60a41abacd915ecb
R03542,OTHER,2026-08-23,REGISTERED,27a28e4c0ab57d65ed286e01e581b43d8fa87dfe69a77750c75afce62467ceca
R03543,OTHER,2026-08-24,REGISTERED,a2d14faef6eccea3b24ddd1ca8267472d904b86d40077d118ca62d1ac19dc70a
R03544,OTHER,2026-08-24,REGISTERED,14966990431e5ca34524f00e3c4527e9f3e6ddc2f1f6c7708033c47132e277cb
R03545,OTHER,2026-08-24,REGISTERED,f8794cf07459d5d611d04f5659225f945e0a642f8b16ecdbfc8bf3bd2a199c28
R03546,OTHER,2026-08-25,REGISTERED,bd3edcde45766da4595d46cb262860a5a2b129a99b2a93a74d612b6345dfc865
R03547,OTHER,2026-08-25,REGISTERED,4892b95349685629ed944b8de500f5e368dc7b02b1cd736538d0d6084e5e8650
R03548,OTHER,2026-08-25,REGISTERED,a4c225b05357710f9c0cdb88b0b052cfb08c51e1e8874edb2c8b43e04986dc79
R03549,OTHER,2026-08-25,REGISTERED,fcf4dd4e1ad85c7cd5ff060cf3aa1fe7b3e6695775f5db9237115a54daaa83ea
R03550,OTHER,2026-08-25,REGISTERED,5f3346f501c3abfd729b7d7fb08d0f58cc44db984199bc0de43d7e18cd1e9f5c
R03551,OTHER,2026-08-25,REGISTERED,080dceb59f18f794778841d9a6b28fc5fafc24de53610e41d8dfa558d4e3ad46
R03552,OTHER,2026-09-08,REGISTERED,4f53cda18c2baa0c0354bb5f9a3ecbe5ed12ab4d8e11ba873c2f11161202b945
R03553,OTHER,2026-09-08,REGISTERED,6d9e738088d2effbb0876e83bd86dcb5d27b7261f752509918ddc47a4bdfe4c7
R03554,OTHER,2026-09-08,REGISTERED,caa26c92574867128af3d5b30163b1bdb0be1f89e1eace6ce482cbd5c1ae0b9d
R03555,OTHER,2026-09-08,REGISTERED,aa0e5a48fa79c8cc97eb927c2681b8b36854596fb53891aa819668e2f2172d4e
R03556,OTHER,2026-09-08,REGISTERED,c07d85f667d33ad918796c56184de7d3d6c74aba4ed6cdff8fa2013345a36879
R03557,OTHER,2026-08-28,REGISTERED,b1253039793bdecd5436a4ff265d97b54450a3d0683288751a1ec317b65285e7
R03558,OTHER,2026-09-05,REGISTERED,875d8aead7279381600d487aa73656aebc0bfcd3d96212d447b6165fb63f4a4f
R03559,OTHER,2026-09-05,REGISTERED,b8e9d843498f57c15feda0dafdb91657b2cca236d954b3bee71f8ff0d404665c
R03560,OTHER,2026-09-04,REGISTERED,6ac8c308df9078f2a2835a41e001f9352dab3f5629d725e35cbd89b27cd623b9
R03561,OTHER,2026-09-06,REGISTERED,2fe3754bcbb7f81b700c92eeca3ceb777a4f59e5d91b1083267dba5004bf6cca
R03562,OTHER,2026-09-08,REGISTERED,381f18e1e0222e5b8f2947033a5baba01bc3d325cdd37b53fa2a311e31fef6de
R03563,OTHER,2026-09-05,REGISTERED,729b58020c90c621e9275f879de451969734114ae385994f7163a9a7bebb8fd1
R03564,OTHER,2026-09-08,REGISTERED,4abbcd35d8883cb04fb9011abb7728de7407c37cd3282868d83756c2a1f738eb
R03565,OTHER,2026-08-28,REGISTERED,01ef3e88b15966a356d194ca108f2a7cf69236ab131e1dc526947ec119847a42
R03566,OTHER,2026-08-28,REGISTERED,01ef3e88b15966a356d194ca108f2a7cf69236ab131e1dc526947ec119847a42
R03567,OTHER,2026-08-31,REGISTERED,339c7a65e61f7a82538d62f3a3c402d89a05a4f63e0097abdd2ceff8bf6a9647
R03568,OTHER,2026-08-31,REGISTERED,079d6c4fa159da04889ce7550a8f23b18340544565f91499fc6e78530b1c308b
R03569,OTHER,2026-09-01,REGISTERED,9e89bee37963f86998deee8957372e64747339f65a3725101544e4b72315ca95
R03570,OTHER,2026-09-04,REGISTERED,42aaa9ce6d1890209aeeec620d240b4d7bcb6b3533e0c60749be2f43569d7b4c
R03571,OTHER,2026-09-04,REGISTERED,2f7bd3962b131cfe3613de2e7832283be7443ffc66457be1d90a98e574a5ed06
R03572,OTHER,2026-09-04,REGISTERED,903dfd6094e33af15bd0f6ec32cee9daf096524fcfc65e4f92b216269725b9c5
R03573,OTHER,2026-09-04,REGISTERED,97081e44300b9e96ebd47f70187c29a46afe85f85aa7f7a9cf284d4f64b2d8fa
R03574,OTHER,2026-09-04,REGISTERED,be1958b41d5668b217cc0ae02332dcdf49b30c8bdd3d7b703e47756f4607d612
R03575,OTHER,2026-09-04,REGISTERED,ffd822a2e68b0292c967c78618fe466d13b7c90a1093c1fbc8496044d27bd75b
R03576,OTHER,2026-09-04,REGISTERED,05c4af6653eec4685fd302e66b979d109bbb340a69c2e2c25b0aa3e144b6ee27
R03577,OTHER,2026-09-04,REGISTERED,f61bef5583278ffe38765ba45c36edfb92b776418d683e5a10b734ede81100d7
R03578,OTHER,2026-09-04,REGISTERED,3952054e034ea34200a643a48bdbfc3b49715d66ad73dd3c78a198baed665050
R03579,OTHER,2026-09-04,REGISTERED,db678d2971c019cd84c7201aef404ba37fefc4dfc7dee38ca8dd17e8c663bd1b
R03580,OTHER,2026-09-04,REGISTERED,7d712a2b65ab0165b375b10cb1d3f9a366787ebfbf494edb067c4fa220c98b01
R03581,OTHER,2026-09-04,REGISTERED,aab5ac3d6d8b54ac904ebfb6ee942fc99eeb8ea43e5cc263517cebadf041fe12
R03582,OTHER,2026-09-04,REGISTERED,76ec6497d25f5ed223692c4b9db9825d346ed5ca20c91ac06518f101137c3df6
R03583,OTHER,2026-09-04,REGISTERED,5642807ea565ea3b8e89047e70cb7cc816dc213eb8fc7169b97a620ccfee9a98
R03584,OTHER,2026-09-04,REGISTERED,5f202b13d654928dc23d3ac7adf475fadd22ceeafb912147bc2898aac391ee2f
R03585,OTHER,2026-09-04,REGISTERED,8b094ee9efbcdf2467114900b448370a9a76873a7993b997062fcc22738ae2ef
R03586,OTHER,2026-09-05,REGISTERED,18f6cdd91326aaf63e3b8531cbca543d833f67c38a844acc5497f31892c406e3
R03587,OTHER,2026-09-05,REGISTERED,d14d87a09837967e0431c62018dae0fc64d5ad62981f1e49607d6cc9d0f14317
R03588,OTHER,2026-09-05,REGISTERED,36174e8a8c0cbba766a03a73b28c36acd3cfaf07f709697588d6817f0e43b885
R03589,OTHER,2026-09-05,REGISTERED,c4989fdbe153fffcde29a9a0d89a31f20d83831cbd769725dc138e3ca84452fc
R03590,OTHER,2026-09-05,REGISTERED,ee364c66971d1fdbd0f8d8e8cd50f5a5fba0dd42b525d6f1b802970d37e6ce30
R03591,OTHER,2026-09-05,REGISTERED,aef452c0c2ccbeb4cdd55097976f55b639053e6c37b4ba787ec5ec1069535ac2
R03592,OTHER,2026-09-05,REGISTERED,8e3a54e9a4d4017a973ce3a4f90054f0d8773f54457b951e8cdb6e74c3adcbec
R03593,OTHER,2026-09-05,REGISTERED,191c7e24cc715c2e7a4abde514c2bf99a69328242d4b033d698b3fd79b0d151e
R03594,OTHER,2026-09-05,REGISTERED,bfcb050dbd7ecaa7b458e65849505b307232d519d1421790357ca2f31e2fae2f
R03595,OTHER,2026-09-05,REGISTERED,bfcb050dbd7ecaa7b458e65849505b307232d519d1421790357ca2f31e2fae2f
R03596,OTHER,2026-09-05,REGISTERED,bfcb050dbd7ecaa7b458e65849505b307232d519d1421790357ca2f31e2fae2f
R03597,OTHER,2026-09-05,REGISTERED,bfcb050dbd7ecaa7b458e65849505b307232d519d1421790357ca2f31e2fae2f
R03598,OTHER,2026-09-05,REGISTERED,bfcb050dbd7ecaa7b458e65849505b307232d519d1421790357ca2f31e2fae2f
R03599,OTHER,2026-09-05,REGISTERED,bfcb050dbd7ecaa7b458e65849505b307232d519d1421790357ca2f31e2fae2f
R03600,OTHER,2026-09-05,REGISTERED,bfcb050dbd7ecaa7b458e65849505b307232d519d1421790357ca2f31e2fae2f
R03601,OTHER,2026-09-05,REGISTERED,bfcb050dbd7ecaa7b458e65849505b307232d519d1421790357ca2f31e2fae2f
R03602,OTHER,2026-09-05,REGISTERED,bfcb050dbd7ecaa7b458e65849505b307232d519d1421790357ca2f31e2fae2f
R03603,OTHER,2026-09-05,REGISTERED,bfcb050dbd7ecaa7b458e65849505b307232d519d1421790357ca2f31e2fae2f
R03604,OTHER,2026-09-05,REGISTERED,bfcb050dbd7ecaa7b458e65849505b307232d519d1421790357ca2f31e2fae2f
R03605,OTHER,2026-09-05,REGISTERED,bfcb050dbd7ecaa7b458e65849505b307232d519d1421790357ca2f31e2fae2f
R03606,OTHER,2026-09-05,REGISTERED,bfcb050dbd7ecaa7b458e65849505b307232d519d1421790357ca2f31e2fae2f
R03607,OTHER,2026-09-05,REGISTERED,bfcb050dbd7ecaa7b458e65849505b307232d519d1421790357ca2f31e2fae2f
R03608,OTHER,2026-09-05,REGISTERED,bfcb050dbd7ecaa7b458e65849505b307232d519d1421790357ca2f31e2fae2f
R03609,OTHER,2026-09-05,REGISTERED,bfcb050dbd7ecaa7b458e65849505b307232d519d1421790357ca2f31e2fae2f
R03610,OTHER,2026-09-05,REGISTERED,bfcb050dbd7ecaa7b458e65849505b307232d519d1421790357ca2f31e2fae2f
R03611,OTHER,2026-09-05,REGISTERED,bfcb050dbd7ecaa7b458e65849505b307232d519d1421790357ca2f31e2fae2f
R03612,OTHER,2026-09-05,REGISTERED,661fa08482a709a581d3064682f1e19a702a404d6a4ac71f6e62127d05c75c85
R03613,OTHER,2026-09-05,REGISTERED,661fa08482a709a581d3064682f1e19a702a404d6a4ac71f6e62127d05c75c85
R03614,OTHER,2026-09-05,REGISTERED,661fa08482a709a581d3064682f1e19a702a404d6a4ac71f6e62127d05c75c85
R03615,OTHER,2026-09-05,REGISTERED,661fa08482a709a581d3064682f1e19a702a404d6a4ac71f6e62127d05c75c85
R03616,OTHER,2026-09-05,REGISTERED,661fa08482a709a581d3064682f1e19a702a404d6a4ac71f6e62127d05c75c85
R03617,OTHER,2026-09-05,REGISTERED,661fa08482a709a581d3064682f1e19a702a404d6a4ac71f6e62127d05c75c85
R03618,OTHER,2026-09-05,REGISTERED,661fa08482a709a581d3064682f1e19a702a404d6a4ac71f6e62127d05c75c85
R03619,OTHER,2026-09-05,REGISTERED,661fa08482a709a581d3064682f1e19a702a404d6a4ac71f6e62127d05c75c85
R03620,OTHER,2026-09-05,REGISTERED,7fb545d44d91369dbf46518db77c2cb37929074c9f3be48f0d2fb46c96228c0e
R03621,OTHER,2026-09-05,REGISTERED,7fb545d44d91369dbf46518db77c2cb37929074c9f3be48f0d2fb46c96228c0e
R03622,OTHER,2026-09-07,REGISTERED,66820185c7e21981f5e9e06db1cdd5dcb47ee4393138b2436b7aa24ecfb069ad
R03623,OTHER,2026-09-07,REGISTERED,0e6e7f434e992c06935567d5d104611e4f3819fb15097e69f3480fdf2fc1e529
R03624,OTHER,2026-09-07,REGISTERED,0e6e7f434e992c06935567d5d104611e4f3819fb15097e69f3480fdf2fc1e529
R03625,OTHER,2026-09-07,REGISTERED,0e6e7f434e992c06935567d5d104611e4f3819fb15097e69f3480fdf2fc1e529
R03626,OTHER,2026-09-07,REGISTERED,0e6e7f434e992c06935567d5d104611e4f3819fb15097e69f3480fdf2fc1e529
R03627,OTHER,2026-09-07,REGISTERED,0e6e7f434e992c06935567d5d104611e4f3819fb15097e69f3480fdf2fc1e529
R03628,OTHER,2026-09-07,REGISTERED,0e6e7f434e992c06935567d5d104611e4f3819fb15097e69f3480fdf2fc1e529
R03629,OTHER,2026-09-07,REGISTERED,0e6e7f434e992c06935567d5d104611e4f3819fb15097e69f3480fdf2fc1e529
R03630,OTHER,2026-09-07,REGISTERED,0e6e7f434e992c06935567d5d104611e4f3819fb15097e69f3480fdf2fc1e529
R03631,OTHER,2026-09-07,REGISTERED,0e6e7f434e992c06935567d5d104611e4f3819fb15097e69f3480fdf2fc1e529
R03632,OTHER,2026-09-07,REGISTERED,0e6e7f434e992c06935567d5d104611e4f3819fb15097e69f3480fdf2fc1e529
R03633,OTHER,2026-09-07,REGISTERED,0e6e7f434e992c06935567d5d104611e4f3819fb15097e69f3480fdf2fc1e529
R03634,OTHER,2026-09-07,REGISTERED,0e6e7f434e992c06935567d5d104611e4f3819fb15097e69f3480fdf2fc1e529
R03635,OTHER,2026-09-07,REGISTERED,0e6e7f434e992c06935567d5d104611e4f3819fb15097e69f3480fdf2fc1e529
R03636,OTHER,2026-09-07,REGISTERED,0e6e7f434e992c06935567d5d104611e4f3819fb15097e69f3480fdf2fc1e529
R03637,OTHER,2026-09-07,REGISTERED,0e6e7f434e992c06935567d5d104611e4f3819fb15097e69f3480fdf2fc1e529
R03638,OTHER,2026-09-07,REGISTERED,0e6e7f434e992c06935567d5d104611e4f3819fb15097e69f3480fdf2fc1e529
R03639,OTHER,2026-09-07,REGISTERED,0e6e7f434e992c06935567d5d104611e4f3819fb15097e69f3480fdf2fc1e529
R03640,OTHER,2026-09-07,REGISTERED,0e6e7f434e992c06935567d5d104611e4f3819fb15097e69f3480fdf2fc1e529
R03641,OTHER,2026-09-07,REGISTERED,0e6e7f434e992c06935567d5d104611e4f3819fb15097e69f3480fdf2fc1e529
R03642,OTHER,2026-09-07,REGISTERED,0e6e7f434e992c06935567d5d104611e4f3819fb15097e69f3480fdf2fc1e529
R03643,OTHER,2026-09-07,REGISTERED,0e6e7f434e992c06935567d5d104611e4f3819fb15097e69f3480fdf2fc1e529
R03644,OTHER,2026-09-07,REGISTERED,0e6e7f434e992c06935567d5d104611e4f3819fb15097e69f3480fdf2fc1e529
R03645,OTHER,2026-09-08,REGISTERED,caa26c92574867128af3d5b30163b1bdb0be1f89e1eace6ce482cbd5c1ae0b9d
R03646,OTHER,2026-09-01,REGISTERED,f6baec654f9ab849aee4c07c5ba376f85b7dc0cbfcf522478d3ed3e84b1ca6b9
R03647,OTHER,2026-09-05,REGISTERED,0e7bedc19dbc39c87fd07133661e4416270d1bd0ff92007e0671259e547e9d00
R03648,OTHER,2026-08-31,REGISTERED,96411ec3f3074e8c8954e8f27f1281cee901624fd082e717b38094e81d0a7c62
R03649,OTHER,2026-09-01,REGISTERED,0bfc6466795449f8071d20044170de3b31671d16199f96d1eb925e7bc5d335ad
R03650,OTHER,2026-08-31,REGISTERED,82d80cd9de59fe5a51a1d52444a3a886771bca570f1a4a0054235937a85a5401
R03651,OTHER,2026-08-31,REGISTERED,9e74ef261c759acee2b551e67139e4cb08447b3ee2ddd21a9a70d4a8a43a6e4b
R03652,OTHER,2026-08-31,REGISTERED,355fb60c0750b0349ab42235708cb506c8010dfee819c5030d6672428d5b98b7
R03653,OTHER,2026-08-31,REGISTERED,e276a8637f48d023c9c037bca2253dfdaa68b13ba59d13269d9ddb9529c5be34
R03654,OTHER,2026-09-01,REGISTERED,0c8c02122fce38bce85eabc9151c88f529e22fdb09604d67379fd946cb371e68
R03655,OTHER,2026-09-01,REGISTERED,cf8b0f8f684d222dadf8e1cb74f5dd89eb519b93b8fbb0b7ff92e5ff6be76954
R03656,OTHER,2026-09-01,REGISTERED,b5db992bc61d70b900276e6e356155f1dd28199e64d47ac1c7083569e21c1720
R03657,OTHER,2026-09-01,REGISTERED,0fb5e8bdb56a72f4f9dd2a7a2d60b6f0a48858f7956b7cbfd9d06141306e5a91
R03658,OTHER,2026-08-31,REGISTERED,86a7974aa883e6017837cd3f1fd5c74cf51408c7765d9000492936bb05662ebd
R03659,OTHER,2026-08-31,REGISTERED,3a7a4d01385f3ea4162b3a99bf0a802102b872375c84fd88963b55bdc2e0e1a2
R03660,OTHER,2026-09-01,REGISTERED,be937007d3b25f69313be224c0f5878aa0e454c452d7c55b4b2b58f47174089c
R03661,OTHER,2026-08-31,REGISTERED,18666dfad4adf6c1dfda03df554529073f254af7ffb91cf993e6815d5394810b
R03662,OTHER,2026-08-31,REGISTERED,b82a2e48144c2db0c9c55087880ecb332ebeb6e06fe356f6e389bd809a32f43d
R03663,OTHER,2026-08-31,REGISTERED,9aeec08eb1ecb8cb5ef5f5b9315fb25b26ee59641517e6c374a2c98062c06635
R03664,OTHER,2026-08-31,REGISTERED,3987fe62f293a92c50f11d9f12276851b1124d6cf32cdac4c82629702a9b3556
R03665,OTHER,2026-08-31,REGISTERED,ac9af775d313dd1bd090af661dcd475708b4157dbc4d13b9f48b3817916a855f
R03666,OTHER,2026-08-31,REGISTERED,504face6598229be22fbca5e94b2b980da93dfe99430bd4cbd6eb73f9a1e108b
R03667,OTHER,2026-09-01,REGISTERED,0fe9dffcfaeeffcdd0444cf8074db31c88beb9f55a80fc788352df07edceb62f
R03668,OTHER,2026-09-01,REGISTERED,8ad56638e40420ff3d7e61e440a669d915352926d0b9931a662c97b18541f852
R03669,OTHER,2026-09-01,REGISTERED,f6934a21a26f324ac0cb3f06a08d4a13377ca3f11d8d6a8c9832dc5607f3e23e
R03670,OTHER,2026-09-01,REGISTERED,68b2a757cab7a9ade4209e5ffd0ee3336f5d4808ac37e62bd2d4942b5729d6d8
R03671,OTHER,2026-09-01,REGISTERED,2f300b48e1c804ab32b0a2cc38ce579cbd2e385dd16169e8f8688e53f60cb774
R03672,OTHER,2026-08-31,REGISTERED,aff6446a8b29f9da2d7eb953476545d3c5b729f5af72a12234ae5dc500dc2aaf
R03673,OTHER,2026-09-01,REGISTERED,de3cd46e6a553fd46d28fc7b3aac2027281e8f77f642b26b92c25f3c4763a783
R03674,OTHER,2026-09-01,REGISTERED,48a28a0b9f117b3f0679bea9968c22f092bd1461d209eed886a9522413731e5c
R03675,OTHER,2026-08-31,REGISTERED,acb8a4e8245393983ec1f6a799d9b6f436f0898beef489b8f48e293070c90d87
R03676,OTHER,2026-08-31,REGISTERED,9ad7dc56e03eb2b083f32a337fe4833e8319c854db0f4aa0f53f723642bd1fe3
R03677,OTHER,2026-08-31,REGISTERED,58f76ff42545648da8a5fdc4ae350a0481b5ed2af5f4c2d525c4e71fc05f0522
R03678,OTHER,2026-08-31,REGISTERED,d30fe135278c71e7ed0cfff551fdd768dfd5980fd0bac21887ab328b01b01225
R03679,OTHER,2026-08-31,REGISTERED,faf04f34621ccfcb5e1d1e397d00682525338a8ac0bf5758acf8feb14af9986a
R03680,OTHER,2026-09-01,REGISTERED,a09cb97fe95449a4dbc639b601800907174428c421bef468bc2f39dd3563754d
R03681,OTHER,2026-08-31,REGISTERED,65de645859942254e37d51d628edae1d128f600b02538943ec66eabaaa0e84d5
R03682,OTHER,2026-09-01,REGISTERED,07d0042b443270111de9bb7af30427cfe72586cece0601ca97e6e7c27ca61ba4
R03683,OTHER,2026-09-01,REGISTERED,9a34505d8596b94c859d38920ba253d29c569f02ebfafd52048cbd8c4c52cb63
R03684,OTHER,2026-08-31,REGISTERED,19e68525563b144a64df0526a65a79ae0acd852568fe987baa7d1d95de12144c
R03685,OTHER,2026-08-31,REGISTERED,458c1769b8f7bebea8db11e3296853dc28ef470d93a53fa27b8a93fd1b72dcdc
R03686,OTHER,2026-08-31,REGISTERED,9b3ebbd3c6bf14e0872b74261565747f3119c9a50cd59fcb70e1b1b189305e2b
R03687,OTHER,2026-08-31,REGISTERED,dbbeaa7378201c15493a67a45e9c26d7d6e37d20695b5291ef452ee7253fa700
R03688,OTHER,2026-08-31,REGISTERED,59dcb6266f94a28ea8d62f5f7dfa42fa9337ff65c6ebd4b16897feb100f2cb4f
R03689,OTHER,2026-08-31,REGISTERED,820bff02408161ae18471f7649ac7352847a1314dcb6d0fe10abc52f8db96360
R03690,OTHER,2026-08-31,REGISTERED,7a991a81fc979013754d15caf889aa0747884a324a431d65b4da26a57a905a60
R03691,OTHER,2026-08-31,REGISTERED,6aff5b52f5055c4521ca2ae3f194a7e4fbbc2294f18615a7f34daa045c75cc90
R03692,OTHER,2026-09-01,REGISTERED,0f80534bd3e33f61e9a2179d1b0a5a2dbecea468bba6b46ff48f00cfa86a86e4
R03693,OTHER,2026-09-01,REGISTERED,ab9134c4e12307a8a827beee58694656b84414a3d22874e9afb03e57d21e0219
R03694,OTHER,2026-08-31,REGISTERED,c31f9f43fc423fc444858daf6273b627ed2db9a07c54ddbda46f42bf713f3c56
R03695,OTHER,2026-08-31,REGISTERED,b2816ac25aeec7f892a94159491cac1b31d5d7b96712c4e275b64e835ac87f20
R03696,OTHER,2026-08-31,REGISTERED,dae71c8e55cc54caba14b493c5ffbdcea0988c75db9dd9e83e4ae8f5cc46f6e0
R03697,OTHER,2026-09-01,REGISTERED,cda1557e3f10f23d01170725a50b38a2e53f68e364d3c945d2dad7b51a6fc272
R03698,OTHER,2026-09-01,REGISTERED,4889afded590a230344343a6725e7faff4abe23d0bbbc77685d9589e5adfa7fc
R03699,OTHER,2026-08-31,REGISTERED,fe8b8e28c1b64b509b81b763abe3e23d016a90f471fa61e5215ce8a9290b225e
R03700,OTHER,2026-08-31,REGISTERED,f1f2a84b94f68e48b1b54c98d7f56e77e0755428cf2c8fb005f9b69419c43ec7
R03701,OTHER,2026-09-01,REGISTERED,15fd50800432a2d94a3fef355f0a8a6e90ad3b17de369bd39852a21967fef620
R03702,OTHER,2026-09-01,REGISTERED,df3f76ec2a5dbe2dc71044cf5899a8eabf8ad8c90bb2560f6f0c6324d50d710a
R03703,OTHER,2026-09-01,REGISTERED,14d5cfe68d40a91201bf63f0e5bfa4250064581c592e76b61d144a0313c3b022
R03704,OTHER,2026-08-31,REGISTERED,aae85c1a22889cade65a1c4f26bc53456b740cdda2a6c58c6f66d21a8da815a3
R03705,OTHER,2026-08-31,REGISTERED,a60968111ccadaa5a0485e3641cfeea8869d7444b99ca251612f9fc386b27059
R03706,OTHER,2026-08-31,REGISTERED,3f73e42bf7aa72d858cd947837c035baec54706233f24fb3fd5b43351042e991
R03707,OTHER,2026-08-31,REGISTERED,44c6132b2d35b50459472f7f41e0cd83144656f2cbb1e91707e40f0dd6a1d815
R03708,OTHER,2026-09-01,REGISTERED,c3055e7cb230fb2b40a320c352c8d5ee7bc5442dc08fe75c08dcc1224e61312e
R03709,OTHER,2026-09-01,REGISTERED,8300768813a878221e76f071c5eb0931359f52649f364c8d75f6ca78ebc14c11
R03710,OTHER,2026-08-31,REGISTERED,352dfd1d95570716b1b4bfcc6087bb00dc9f3cc6d431372db717ff6ad8902b27
R03711,OTHER,2026-08-31,REGISTERED,5b8f3446a0e60908002e05ce66fa6daf7b3afb968a7596205999f1a738be3063
R03712,OTHER,2026-09-01,REGISTERED,57b6f4570951b03c9655565709f8b8e6d6924ac52554d33aa3d94e326f3196cd
R03713,OTHER,2026-09-01,REGISTERED,58eb93bc6fddc13c1abc58ce457970baabed5bc163f3924df9ea19e41ba8559e
R03714,OTHER,2026-09-01,REGISTERED,8e99b0f793ad590df27a03e4ebd42af718aca29cc3271caa8caff06456548376
R03715,TEST,2026-09-08,REGISTERED,93e7a17195a54d207091636344e9f88d5a8f88a7ba5280567957180de9202b16
R03716,OTHER,2026-09-08,REGISTERED,56ac1e3316c0a82bf8aa79323e8ea997eaf31bf8d08e4632e212435bdb308cb1
R03717,OTHER,2026-09-05,REGISTERED,820d3bccaa52c55b312bc19a542fa94303b54fb2bd6bfb59756a05f4ccaf53da
R03718,OTHER,2026-09-08,REGISTERED,975510825802d1a1f1c2fe1edc34b40b6505eafcc8bd17beac4f48ba4b945032
R03719,OTHER,2026-08-31,REGISTERED,73091f7408aee654f95d0801f0352717e6c3e40d8e6584cab1d5d13ec0363572
R03720,OTHER,2026-08-31,REGISTERED,24b954a23542d61b1899ae828e02ab628c5a8bb294069c1f6783097d2dd968f8
R03721,QA,2026-08-31,REGISTERED,4cf7b07df1b62b7dea05ddeb49f142a6c289242a49e86fd608a15aefa3838d61
R03722,OTHER,2026-08-31,REGISTERED,0fc434dca6125e78d3fd4d5e688c0780708aa44b323a17c3c520fd07442f7960
R03723,OTHER,2026-09-08,REGISTERED,f805ef70124ecce924ba8877a8fbcdc29425bc476348f1e7e26f0b91624ced45
R03724,OTHER,2026-08-19,REGISTERED,c369bf930ecb3ca6c119720d7e2bb30936378d9421db80855ade8c56e2360cc3
R03725,OTHER,2026-09-08,REGISTERED,35fc71404786274ffcb92959cf9bf7c09dc192860c44f1cfdddc47be313555e7
R03726,OTHER,2026-09-08,REGISTERED,76c8d5b85d48716ce989e72e4fe25959ba07da4ed6714716abc75680a8e29f04
R03727,OTHER,2026-09-08,REGISTERED,005a11a05c3b96a234d645d253160c7d9a5286bf8477672ceeaf482a6712c74a
R03728,OTHER,2026-09-08,REGISTERED,76e54e9e82949b4979cc3a253b16e4a1c89c082f74ab4415fca675f4014c2d36
R03729,OTHER,2026-09-08,REGISTERED,eaa5d8c2741db05e9f94063cca8305eaf08656c713d2726e5601c16b2eefe148
R03730,OTHER,2026-09-02,REGISTERED,531dd7769b0862cc23e82b50254f166d5a52151399a86ddd98f2172b7078e666
R03731,OTHER,2026-09-02,REGISTERED,75cc15528b3e327f87e412d8e565f79261b691a7560d47d3ab3ec9ecab1184e9
R03732,OTHER,2026-09-02,REGISTERED,373c586efeca3dff4830aec3bcffd4e7116f4fd17be5238a48df1fca09a64ed6
R03733,OTHER,2026-09-02,REGISTERED,6996795fa706017e905ca2beba605f53edabb5951d2007f54403cb7193a748db
R03734,OTHER,2026-09-02,REGISTERED,58517973297fff6aa6591f3e9708c2b33bb354def1bcc828216ead806688d00a
R03735,OTHER,2026-09-02,REGISTERED,b0dacf2b074daab99f8e2403dc5301230bece48fdde2929a7297bf724adfd9bf
R03736,OTHER,2026-09-06,REGISTERED,8fc254d57e6639b3fa2e1c9e607ca184af0c4aa26441a878081373a291a69ffd
R03737,OTHER,2026-09-02,REGISTERED,4f4460410266b554ae987b24a2cc3bd4bb973f0799564f852ad2085aa4657570
R03738,OTHER,2026-09-02,REGISTERED,f5b18dfecffcaea110080c18d51891d7fc07dbb49e91dbf85402e902693e8e7d
R03739,OTHER,2026-09-02,REGISTERED,42bbd0033bbc1b6e7afa37b810b47ac3d8cbe068b9348fffaa56f80ffd2ab5f1
R03740,OTHER,2026-09-02,REGISTERED,b08eb5ff10b7c3dced622ef1ac5e8e8ba820b1219a7d8695f285f1cb438b423a
R03741,OTHER,2026-09-02,REGISTERED,6fb90917f6eda285475a7df9b9a0eea6d752f02c1beb2512a76d403e42e4b129
R03742,OTHER,2026-09-02,REGISTERED,e98b3aa63e00f3a6b65a0fc91dff1884facda4c35d5ad81250ba4507f6311e6d
R03743,OTHER,2026-09-02,REGISTERED,94931f4bd0f51a1e3dc34e6e2bc350560b90bb51d94d202ac018c4ff664a15b7
R03744,OTHER,2026-09-02,REGISTERED,01a2556cb3914987d8517d5bd77bb9cc7ba513ddf60610b334c25a5ffdbff5cd
R03745,OTHER,2026-09-02,REGISTERED,e8a7ae2dffad738d1efcd50a55e82c02b90496d2e1947e081233f89e5bbf5c97
R03746,OTHER,2026-09-02,REGISTERED,3e291a6393db7d06d4b3f27376b963511abe1bcfad565303c58c8bb39febd53f
R03747,OTHER,2026-09-03,REGISTERED,f40718240879c3c0fd047017938d3401cb675d77aed03d6d6b15979e03437d32
R03748,OTHER,2026-09-03,REGISTERED,7fa23299c5d4204a9a08ac2b5f0f39307bc8785c93f4644b3fd38fe0c9fee8de
R03749,OTHER,2026-09-03,REGISTERED,b27f1dfdb6b02c81802039f9f5b999aea73451e7f9b959ae6284a87d6b12590d
R03750,OTHER,2026-09-03,REGISTERED,681dfbb9857b9f2e147679c512ec094954c7aff8f5b1436c3ec04fb4274aceaf
R03751,OTHER,2026-09-03,REGISTERED,eb9712ddca636a365e90ec4ef84e64edf298acd3fb172356a9daaa4300102dcc
R03752,OTHER,2026-09-03,REGISTERED,6c5ad1fa9c43994cab1ba54f609a931775076001e93a4c376924e6350fa3044b
R03753,OTHER,2026-09-03,REGISTERED,21b6a92bb9b3a4833657b2fdb40cba2471b6e2afd7859f68991f8c292c5f3e3a
R03754,OTHER,2026-09-03,REGISTERED,9af5b8bec8b36f29645691aa66829cec4e247a3f412a5020fcb40358fca6cedb
R03755,OTHER,2026-09-03,REGISTERED,369bebadffff763d83bd5decbdd8a19d36c41ac12ba5025e735202847c3f8d7e
R03756,OTHER,2026-09-03,REGISTERED,6ea694fc46ed4b6a73b190a27e57643da0ea66eb4676950b4fbe854bed7159d8
R03757,OTHER,2026-09-03,REGISTERED,a5f8ceabe5ee15da64daa512854efd977bf9aab521ec2667358b122a6d0877a9
R03758,OTHER,2026-09-03,REGISTERED,99f3aa913d5a1437e1380b18ae02ea1c1d4567cf8bb5464104ab3385333b095b
R03759,OTHER,2026-09-03,REGISTERED,4bf2c5144244c6202b6038907bad51b26c850b904fb4f41df1df7ee874237c64
R03760,OTHER,2026-09-03,REGISTERED,127a4b9a10bd5c1c6d17897e585197aa9248ad07026bfcafcfee651b54950e2a
R03761,OTHER,2026-09-03,REGISTERED,c130b7e859b2c4b31520d1a3b66ad0f120f95d7aa024e316e54caff0cce1d4b6
R03762,OTHER,2026-09-03,REGISTERED,43eb0b5c3c34cd1239962fca4eb5736855d2370523154fe6ce5c6c30d40b2b79
R03763,OTHER,2026-09-03,REGISTERED,3350318062a9ef41de60d8410a792dd9a49cf9351f505eaa8f946650fa1162b1
R03764,OTHER,2026-09-03,REGISTERED,7f1f548257844a4875fe3ba3c1ef4674590bcaaadcf33be6dab768156d061e29
R03765,OTHER,2026-09-03,REGISTERED,ecb279c631d65de96c793201767d8934e4e08c762c52770383a17c0ee61ec5b8
R03766,OTHER,2026-09-03,REGISTERED,22045f94a45feeedf46e5e7943b7e55b9b9be685aa033ff7d7845b5c454cea8f
R03767,OTHER,2026-09-03,REGISTERED,0620c7edf56ed4a68508fda863a5ef999fb536645f1a971c7e9b61d5594314f7
R03768,OTHER,2026-09-03,REGISTERED,53366b1230ac84993147e172208adb80a002ca73f9653c2ea54a5e5ab8693afb
R03769,OTHER,2026-09-03,REGISTERED,ea95ee810ada6993db3f0c0f9661831850007f36deb7ab85884e1bb2f2ac8437
R03770,OTHER,2026-09-03,REGISTERED,fdc733f5679b845c1626744aec46ae93bfd0024990ca9e081beed16d81fcacc0
R03771,OTHER,2026-09-03,REGISTERED,01c3f4d43cfc9d1dc61090cd2fa588b4348a6476a3d394d72b5e6238fbd72af0
R03772,OTHER,2026-09-03,REGISTERED,4e5c941db983e0a6be433f5986f3f4b5efc6dec27b347aefd8e0b86f7875cd24
R03773,OTHER,2026-09-03,REGISTERED,324248afe6b2256962e9eb2ef8b1d3efb3c46d70596f75fedd5d35069eae5927
R03774,OTHER,2026-09-04,REGISTERED,bd3e524c13cdc9821ec3a1e25868705d5eff508ea32b3a011a25614b854471c9
R03775,OTHER,2026-09-04,REGISTERED,c09a90e205ba464936c7c67937633c25745828e950d7f27cd1e02f3977027584
R03776,OTHER,2026-09-04,REGISTERED,4ad4f570922941fafa6e7cb566f7d7b1d6fc94913b13df7f29a2e613adeb3175
R03777,OTHER,2026-09-04,REGISTERED,119a434d57d74b2cec678f18a3a92beb3194571fed07710d3ea67502b4f66f38
R03778,OTHER,2026-09-04,REGISTERED,b8c501f2c573d066fbe2d65fcdfdbc8d12433fa725fa9cef8ccdfefe561daa6c
R03779,OTHER,2026-09-04,REGISTERED,8bba15b62cb9d7d11d6fcda368e41819bbd04ffe4573253d305c62bd1bc574a5
R03780,OTHER,2026-09-04,REGISTERED,fd72579dcdda694856ccc3c3814dca73f1de93660212d10be1bf52a61d9eed8e
R03781,OTHER,2026-09-04,REGISTERED,1721962d9c33c3dd630bb330b9489e06036dcc917e69c72eb7a56d8fc49fb0f7
R03782,OTHER,2026-09-05,REGISTERED,eb0f2e1ccf2c1d828570ea89dc5b05ccdc6dc99bb3f5190645608f15c0f43222
R03783,OTHER,2026-09-07,REGISTERED,4fcb86adef3edf72b2f625477721572985dccfacf4daa52a0cdcf6ed4b16b0bd
R03784,OTHER,2026-09-07,REGISTERED,39f0b8703ea0b53336344d4127f854487d57211cf4d01566de6ebd687533c3d7
R03785,OTHER,2026-09-07,REGISTERED,9d5f861fbe4846e74f6fa66ca7b06dbf60f547a5a0e077821e1ee28274eaa544
R03786,OTHER,2026-09-07,REGISTERED,a85c8b6acc15b8dbea3d16446513e68730d00edab9955b8c8d5b9d4b6fa50f62
R03787,OTHER,2026-09-07,REGISTERED,6fb1a4e94211d36159884c262cf9996092147daf57d55651e4da938de5d80708
R03788,OTHER,2026-09-08,REGISTERED,87efe0d6d9fbddd21599c0bdc1e8f74987ff2e7a77809a58e7777182ed3f83cc
R03789,OTHER,2026-09-08,REGISTERED,d3df6a747335b70fbbc7cacc37d23f7dda52f17fe065e72e4d6324117db155aa
R03790,OTHER,2026-09-08,REGISTERED,ec676bec34023d18b0ee6fbd8d01cd9e6c9ac3be8492b4746061246d9b620681
R03791,OTHER,2026-09-08,REGISTERED,e06764bf072a79b11e59d8e62cbd7ab02a83178629eeabf6cd35c479a13dec73
R03792,OTHER,2026-09-02,REGISTERED,fc2ec2fc7b38fc78acadb6bdcbfcf55088e1b71989822cf213c25471a4e78007
R03793,OTHER,2026-09-02,REGISTERED,576f35d30bba5e77254a21e4206563c9dcde369b628de9d031b15a2bb7e70ae3
R03794,OTHER,2026-09-02,REGISTERED,d90290628b5746dd14d8b438d5557e1e623853e0a95cfc5c8018838d7fbb8fba
R03795,OTHER,2026-09-02,REGISTERED,8ba2ea6e0a7edef3fe7448777fff4cd76add1c1859b417a6994d9b1ec15c3536
R03796,OTHER,2026-09-02,REGISTERED,2377a57602e0533a89ce4917585bc7a1bdfcbbe2b89a42ce4a4617bf14d4be7f
R03797,OTHER,2026-09-02,REGISTERED,6a63fe92bc2cc82ef40e8ab93f53e3c2758f1f6df8f0a2151ca3ecfcf8d0150e
R03798,OTHER,2026-09-02,REGISTERED,62d7dcefa7878ccfaf58d9569d79e7b7b54c3922f0213cc9c22ec316f34913ce
R03799,OTHER,2026-09-02,REGISTERED,ab3e918d840bfa8bdd0b2569386e1f7b9ffc074f72aec5b494ca57ab0aa8c6a2
R03800,OTHER,2026-09-02,REGISTERED,05ec1ddf2ddd37b28e6e66af8020c8ef531b5a82af815463b9e5142ae0aaf56d
R03801,OTHER,2026-09-03,REGISTERED,cbab3dcebeb9020cd7e926de3e6b83f19cffee057b71d24c4c476735a46673d3
R03802,OTHER,2026-09-03,REGISTERED,4a32586ceded5c048d1b8de2213be282b7ed82be3e1f01d9f75d50756b2f2fd0
R03803,OTHER,2026-09-03,REGISTERED,ffbc98b5a11ea2b5dc5fae542b78d4bb1080c67cab33f9bd0b6248290cf64d49
R03804,OTHER,2026-09-03,REGISTERED,0d6b67a5906b451f3641792742cbd6b36584c6e5be7a52965114bc712b7bf134
R03805,OTHER,2026-09-03,REGISTERED,289cadd413f43a17451ba50faabe4bbdae65a5622969a29dd7bc8395b63bba3e
R03806,OTHER,2026-09-03,REGISTERED,7fd01c9961b236524da0f05fb046f045f872263dbb0d19bdd45a79d13015cbec
R03807,OTHER,2026-09-03,REGISTERED,089bd6f154b45637389fe1fed62944c57caaacc224898ef043b77fd3399290d1
R03808,OTHER,2026-09-03,REGISTERED,b70eb16bb2db5a56b96de9c58af2ff7d4bd4be3a775f13396533c8000b73c920
R03809,OTHER,2026-09-03,REGISTERED,b72ca3d55860d6f18da764b4d5542c0704ac8c10d8fe337d8f287e179ffe77c0
R03810,OTHER,2026-09-03,REGISTERED,ca05d135f63516897c5d31ec71e5a93994955528c9596bc4c81193fd796e6e0b
R03811,OTHER,2026-09-03,REGISTERED,3b3d3fe890e2d8135c2c9f4bcf307535cc13289752b1c3809bc82059d5ce01cc
R03812,OTHER,2026-09-03,REGISTERED,3cd14ea544c741640a5158be7fff589771ce07e6f0776f1b6957922da031809e
R03813,OTHER,2026-09-03,REGISTERED,6f0a345b3fcc21e3b73d9d544cc19b4af65b38792463f8bbcf8f80f4d2425156
R03814,OTHER,2026-09-03,REGISTERED,12b68a267f78b3918ce16a736f650da6c9c38acb85b063379a3b55ff875eda8e
R03815,OTHER,2026-09-03,REGISTERED,a0b3cd7dfc6635b9e3cda8335748aa37fbbc23ba53fb952080388553199d98f9
R03816,OTHER,2026-09-03,REGISTERED,7a84a89b5c4c8fd968cd7544e22a2cafcde8260d6db018c789fdfc27d6d798d3
R03817,OTHER,2026-09-03,REGISTERED,56eaff15dabd9e22a9c9d4ce1cc0336d069ec04c08c1dc27831ccd099988ce15
R03818,OTHER,2026-09-03,REGISTERED,94ed88135f104bd6dd26b43d11dc12a8655e20e490e7fc7b0db9b26fddea6072
R03819,OTHER,2026-09-03,REGISTERED,3cab2dd8f7d668b42776a8f06d4f0aedf2331d04ae3b59f964d1b0141f3bd9b1
R03820,OTHER,2026-09-03,REGISTERED,90db1a4c5b8766dab67a694648ccb397ad7340fcd0e1375fdf9bb5e059f4db9b
R03821,OTHER,2026-09-03,REGISTERED,9e76452a66a8658cf0e12fb217a2876bc4fde08a67c4dea3253728d50f5105ba
R03822,OTHER,2026-09-03,REGISTERED,765b7c9d6ec67c422d3354fd29a7548d77311f219d4a62ce7620fe9176bee524
R03823,OTHER,2026-09-03,REGISTERED,7c34e8b39d17fe09f46e9f89f86b4af58334c0219856b4d2dabfbdb8d11c8963
R03824,OTHER,2026-09-03,REGISTERED,79d3c5b2f0197aa4f18d23de9a76754eb1f5ae4cdc1f25c6dfeaa8bafb3a422e
R03825,OTHER,2026-09-03,REGISTERED,ed89b136a1c6d9899132146d4230908b6b32beee5a4d088b8d93ff1bb59b790f
R03826,OTHER,2026-09-03,REGISTERED,edc0c3540bbfdb41012a46d37ddaf46b3edff39a1e098ab0191c694b90981667
R03827,OTHER,2026-09-03,REGISTERED,385fc76c79d275d1e97093b6a9741ab184815b443f131b0f95af169b7ada405d
R03828,OTHER,2026-09-03,REGISTERED,549f5542b1fc3b28ca90ced2fe181485d70f704cacd7af0c43d1fd2e9b2345c6
R03829,OTHER,2026-09-03,REGISTERED,8e354c058fc2d9b94199a5ecc56b293ad75d18c0972f4289489a0da96c33c994
R03830,OTHER,2026-09-03,REGISTERED,671514f75a470fd1a8d58dc7c79622031f286b469ae0cabf0e7b53bb7ed0c0b4
R03831,OTHER,2026-09-03,REGISTERED,ac59eb72030639940d0c5fd70e39464345b346b3f2000f297f2aa4ac9f6a1e3f
R03832,OTHER,2026-09-03,REGISTERED,71d072bf174093e76c2b8293f99d91733e1add28d885fbd0c1b740b4e35c0482
R03833,OTHER,2026-09-03,REGISTERED,54b68caa13a6134d8d175725f678fea0e901ea89111d89cb1af9c05b96d2db99
R03834,OTHER,2026-09-03,REGISTERED,d7b250b12afa009733c9c91e14d330aa489a8ae6b19fdf34ac29d2c040e895da
R03835,OTHER,2026-09-03,REGISTERED,af794ceaee024e99d3536370ce2b39584b770a3f4d0dd4d3533e4d2ee7d2c521
R03836,OTHER,2026-09-03,REGISTERED,432e3f44a1ee5534b4622f85c0f16e9e59c1afff6473a0c9e383348cc983859b
R03837,OTHER,2026-09-03,REGISTERED,5f5a3fd7d57e492a7397168591e521eda6373419f43b43a1beb3cb2adde3fb2a
R03838,OTHER,2026-09-03,REGISTERED,85807462636104fc4fa22014f9189ef7bd9ff8bcb7fc423ab88f6a1156575151
R03839,OTHER,2026-09-03,REGISTERED,40b3a0d8c36648dac3345f3611bd62ac43cdb04ba31837d06cef9851c3b518d3
R03840,OTHER,2026-09-03,REGISTERED,7a0750beda405350c53cc976a7e46c07bfd89cd43b256ad5e69dde48cde6db0e
R03841,OTHER,2026-09-03,REGISTERED,dab7eaf92b5ebf724eaab27b870775ea4d77df61cdeae0d34f820bcb22c1ea3d
R03842,OTHER,2026-09-03,REGISTERED,e072358f13488329291913e1d69986eaa93c47876bda4f9a38d0c6f6f00de799
R03843,OTHER,2026-09-03,REGISTERED,a084407b09a9825f68f71c630faed584850a162f28422474fbc8c3246ff26c83
R03844,OTHER,2026-09-03,REGISTERED,c384fd8150978998995025a2f7a19a605fe7b4cfca0380ee17f9b53444fd9dc6
R03845,OTHER,2026-09-03,REGISTERED,c8d37a96bf5688281ebf936c2203b97d9df6e3e0324ad4fb8b7903bd2c7bd68b
R03846,OTHER,2026-09-03,REGISTERED,218acbba11bbe7cb7fa3f068d5b824f7b27af7f4646e0558d9c83afdafc24552
R03847,OTHER,2026-09-03,REGISTERED,065dfa6634d18e7bb57409efbe03cf44b59c9fef79f5f967be175d1a8110e926
R03848,OTHER,2026-09-03,REGISTERED,9874f0a1a2200802aea8abb760ce98526a1d942d7dabc10adea38ff0338e03c4
R03849,OTHER,2026-09-03,REGISTERED,b813941f531f5e7f0a6c2229529f27f0c44b9ab3ee5236f1dcaae24f1d564e63
R03850,OTHER,2026-09-03,REGISTERED,1c6d5964b8f9ce154f7660e34e9d9add6a1354df0aed31a5d42598b510d0d6e6
R03851,OTHER,2026-09-03,REGISTERED,0be594903000bbae2a1ab2db4dfafb0e0bac748e766309fec5f51664b950d589
R03852,OTHER,2026-09-03,REGISTERED,45ea414ae886b4b8525baf26ead6d758c8ab81aabe9b60aa966352c8b961d61f
R03853,OTHER,2026-09-03,REGISTERED,3642d7f4df568c994d768351981e4ecef9d9dad26b4ee35327a2b1ff41b87ad0
R03854,OTHER,2026-09-03,REGISTERED,7a077a219882a553f1e01e3377295657e1e6bb8e888e4c86bb99fb0721698216
R03855,OTHER,2026-09-03,REGISTERED,83af434506c9270e2c9995cbc144599eb59296e04fa50e596387d29d8c3ef66f
R03856,OTHER,2026-09-03,REGISTERED,048c2ae337dcaa49fb23302ba0d20eecb1cdfe3862fe4d54ae144daa72648d0e
R03857,OTHER,2026-09-03,REGISTERED,4eeca6bc90e925dc71c4c76584caf11bbf3b076cb304092ff1e2c90e096ecb9e
R03858,OTHER,2026-09-03,REGISTERED,fbbdf74014e82e1a674963080c7feae37afbf2f522d3023edfc00774a9f77fc8
R03859,OTHER,2026-09-03,REGISTERED,02873a42fee0ee7ace1a5a118bef8d3e7a07f4b8b4e300067d224fe1afef32dd
R03860,OTHER,2026-09-03,REGISTERED,887934901493dfb988e17fb43d9548c9ae13c7acc38f66d09924f350f989f945
R03861,OTHER,2026-09-03,REGISTERED,cb9e9d1a7e8e99574ce30fb5af3ff23a8114b20f283b49ac8766beba5c4b0c8a
R03862,OTHER,2026-09-03,REGISTERED,953b45b1eac34f6ca70c3bbe2e45ce56b63b040d56015fa4272515a74d6968a2
R03863,OTHER,2026-09-03,REGISTERED,57ccef9014a258ca946c05bd17bfb1b865511cd8fe0b751cf8befd8b58c68f0c
R03864,OTHER,2026-09-03,REGISTERED,251f85206a02e26fb03c04532e72f353b3c64fa2f549edec89e97e9afb86b033
R03865,OTHER,2026-09-03,REGISTERED,a3b2f4e6abd2bc045e35d06f6cd8471cad185d439fbea8b3171d5b2b4d06755b
R03866,OTHER,2026-09-03,REGISTERED,81169528c28070b08b77ec16bcf6ebbc5aa76aa913a8eb2f4ea1a151941aa965
R03867,OTHER,2026-09-03,REGISTERED,21dfd1d331888c6855e68fdab7a6e9934a6c55dfb0db97ce1b50d6539dd14c6e
R03868,OTHER,2026-09-03,REGISTERED,05217e06ab13c2213fe48d25632d2747b232e7d279a9f1ec4c9dfe3b07dab43c
R03869,OTHER,2026-09-03,REGISTERED,bb721564102ce4eb59856518b7de32851d73b806b40e1360da41edd5de1c8f29
R03870,OTHER,2026-09-03,REGISTERED,e985558a68d8992233b498cae3818180c2d382d41daac6276d43e7436a45aa5b
R03871,OTHER,2026-09-03,REGISTERED,75043598855ec7e206415f433fe3b3ebc707d5119b9dbf13bf977cca02bf9d17
R03872,OTHER,2026-09-03,REGISTERED,bf00f72e8f06a0e63eeffab59410478a098875b4bde50452e34fd63a5e37f659
R03873,OTHER,2026-09-03,REGISTERED,a0e75a2cd65dfa52bdee2dd85a855bcc1944f3b85673a3974d5035d38edebb4a
R03874,OTHER,2026-09-03,REGISTERED,6c2ca88debafa2def231e9b8bc31b760c67121674e69cd368afac40678226365
R03875,OTHER,2026-09-03,REGISTERED,32b84d2cc08d4cebc6a296bb0f8c8138d5313b237da7083a4b62fc2c94f2d53b
R03876,OTHER,2026-09-03,REGISTERED,ba0abcfcafc3b8bba84c8b9c5b2366e9df1e62bf0042e469ef9505d56aea8d2d
R03877,OTHER,2026-09-03,REGISTERED,12b7330bc67136283532d85b0f02cfd5d0213763a646f50a7c1725a0bc0670f7
R03878,OTHER,2026-09-03,REGISTERED,5aa93fad153290716e2c0acb9721da0e6e9416ea952be4d304bfd81a89b97fd3
R03879,OTHER,2026-09-03,REGISTERED,68b46acfa62ca0bd542578167e27ddb66592ab6c86089c5a698f87333ad99503
R03880,OTHER,2026-09-03,REGISTERED,48afc81995830217ef7ecaeb689c08c6ed5d2643244366bc764aa6bdbc2f4d80
R03881,OTHER,2026-09-03,REGISTERED,221ea1bb9c16e8df744ea5d829b3cfe02d0220c10bd63a05248a3c9beee90934
R03882,OTHER,2026-09-03,REGISTERED,c8827a30feed640363c4422373367cd2ea17f8ab685546a0490e61fc15e3a3ab
R03883,OTHER,2026-09-03,REGISTERED,de9ab7c4dc8de2b0dc0de1dd65b635a4f7702ab913aa5611db4354af2836d7aa
R03884,OTHER,2026-09-03,REGISTERED,3b3e8420ab893b5c0e0b34ed0782eda99982fb4533c4e525c2a7f2520b6a2834
R03885,OTHER,2026-09-03,REGISTERED,95515a8c34bedd164fb187f82fab8a4bcce8128cd81d66434060667963d7cba6
R03886,OTHER,2026-09-03,REGISTERED,554651805789965782cea06c832c62983385670ff93c949f6cc907b73b7795f4
R03887,OTHER,2026-09-04,REGISTERED,d5d794508b87969a7528159fa52fd5fbc73ee2f1d2976134228bb0b834a32671
R03888,OTHER,2026-09-04,REGISTERED,66532e93bd2d017fc5a4352d61963cf355d1e532451007b872929c533135468f
R03889,OTHER,2026-09-04,REGISTERED,634941fd42c694945f5899584fe5e03c5ba9e49eb90873d68be864d9aed02473
R03890,OTHER,2026-09-04,REGISTERED,b796ed869b68a4f554876e8aa8cd5b2d0686e418eaa54655dce2ed92835a484c
R03891,OTHER,2026-09-04,REGISTERED,c2139bcc753b65ed086b2d32fbcb12d4a5e4a469fd0163ccaa1687e565894273
R03892,OTHER,2026-09-04,REGISTERED,02aafb963834a3597d27f7dc585caad244b351ed5aafb29f5fa90ef46342e1ac
R03893,OTHER,2026-09-04,REGISTERED,9e826d3a3d8b3052251b705d69fc273d71fd7c6cf3f452d07944d41fde7c7b30
R03894,OTHER,2026-09-04,REGISTERED,6e203176e7853cdf244e847bc1ae5112b17a7a9ffb8cd44c302923ed5598d370
R03895,OTHER,2026-09-05,REGISTERED,2b0b846c9b6bc10a6333d5d6e7331f07d54faaeb1efba8540dd3f6aafc39566f
R03896,OTHER,2026-09-07,REGISTERED,d4e37cafb4c737c1af24dbc280074bb14329582a6f211c71236cf5ce4222db86
R03897,OTHER,2026-09-02,REGISTERED,67870081af0591cd7c41fbb46d12f56b0a1579921076cf8b32a6f8ae37dd8efa
R03898,OTHER,2026-09-06,REGISTERED,f6c192cbf5ad2edfe6509bff9ef57b3239c8b01103a667eac75d6110833d5bf0
R03899,OTHER,2026-08-30,REGISTERED,dd2e90207d3b98b27b8a5769b6a76522bf83198f77ab6d02a213ea0865a3a35b
R03900,OTHER,2026-08-19,REGISTERED,fa2b52b1555204bd0e7ca67dce9eb68eafd0bf6b776349c01225c3de3f0cdd8a
R03901,QA,2026-08-23,REGISTERED,ccd44b1f7ac2f141ead54f5b9032f5e3456751a0c93538cc118fef700565598c
R03902,QA,2026-08-14,REGISTERED,166a87be734187610451a2e6f964bbc1e32e810dcd245822d520406c0b2786e5
R03903,OTHER,2026-08-22,REGISTERED,738fd08a0054aec55f90d96b8a2c52d8dff3f967e024e938a77a783f6ff04658
R03904,OTHER,2026-08-23,REGISTERED,f5f73e488b8392bb6c11c807e2928bdfbaf998245aeef5d051007f19ed38630d
R03905,QA,2026-08-26,REGISTERED,6a55809489503e7e8dfd650049343dbac1263c6cd13883faa3c16236e03ed79c
R03906,QA,2026-08-23,REGISTERED,61bc1f2f5ea090c24fca324e2fd85896d6c432cfc20cb8e02aee667a66e224eb
R03907,QA,2026-08-23,REGISTERED,f358f17e118d4a7d9f9f0f1e237bd39157532dc61e7cebaa6729def92962bb22
R03908,OTHER,2026-08-28,REGISTERED,f564069a6ae393d918ccf8210e9f9b15d71dfc731eaa50ec6449b5ae46e42d84
R03909,OTHER,2026-08-28,REGISTERED,e2781158b2b247b54958e6cf569b142f493a5bb90c5bd1501efc0584bb694547
R03910,OTHER,2026-08-21,REGISTERED,394cc4b3b6940829e7ddec346f3f2cd30851b3b26e41ff30248c6afc57ca34aa
R03911,TEST,2026-08-28,REGISTERED,44608d11f016d17bbe077d679b373f954b4205417df48699984ae715c43e6a89
R03912,OTHER,2026-08-28,REGISTERED,fc817e0c1dbad765ed47fcc87dd37da27eee33d50b137edef120436bdb31b865
R03913,OTHER,2026-08-28,REGISTERED,4c53c1ab784d344fecc29d984eabe3b2c2414f56ba65927717d6b8429ef73961
R03914,OTHER,2026-08-28,REGISTERED,4f2ddf5f5e3162a0f80c8c3e3425f39992e7acb21cf6fa8ce6d7971258d5c190
R03915,OTHER,2026-08-27,REGISTERED,b972ea845ad82fb27f4202d58f9b7d0da1e51f53e7fa9e63d114e7844bb58009
R03916,OTHER,2026-08-27,REGISTERED,b06054c8b833af0d52e3f4e64d4b66bd09f407a0e7edce45f41346c5eb91bb0c
R03917,OTHER,2026-08-27,REGISTERED,461be951ab4691ba6d08170f3d84380ae3ad2b3ff874e76ec412e538496ab9d0
R03918,OTHER,2026-08-28,REGISTERED,76c67e3cc1989cbfdd9ba025c387225a1aadc3b735eefb37ccec36d758d6fe5b
R03919,OTHER,2026-08-29,REGISTERED,59d0d4be541a98ea175619e7fd583fbeae99852c3856846dfbf7369e2def1aec
R03920,OTHER,2026-08-29,REGISTERED,9bb48c5e0e1d212e90f6afe50fa62fa1e9045f79a3cba03c2f139110e7c73a10
R03921,OTHER,2026-08-27,REGISTERED,cc7d82df15ca501ac35b8545c554ac69d14facc0122b4d803ba8015c221fada1
R03922,OTHER,2026-08-27,REGISTERED,38bf8c85a645a11d72858725e57deedb0afd7e823fc87f8b19dc80f93c0cb663
R03923,OTHER,2026-08-27,REGISTERED,bd6bc43e44059914e9c1b88f2ec465353657282ca6f4740f235c37cb1e64bf4d
R03924,OTHER,2026-08-27,REGISTERED,e4971493d5bf8b0f7f434da781ebf99cf8cc5f6d7fd8b3372253aba9ac7d3030
R03925,OTHER,2026-08-27,REGISTERED,f0d0d88c75a84aecdad53698c4d42dcb7e3c58512ddd41b687b67cb7e174cf51
R03926,OTHER,2026-08-27,REGISTERED,2488d00cda69754eda7cecda6bd3bf715a774409c6f15d7bacd7657bbb8694bd
R03927,OTHER,2026-08-27,REGISTERED,a657720cc9bcf54a9e3b3f4f87843d477ad5d65dbda5b47f1bbc3a4724a2f947
R03928,OTHER,2026-08-27,REGISTERED,6e840e651a7eff1f46ff123e78d3355820783cd0fc1ee281fbbf247d5b260238
R03929,OTHER,2026-08-27,REGISTERED,0f1c20b00e136a215d1d369bb3f4c1e1352077f9ff8b633926747debfb7c8d00
R03930,OTHER,2026-08-27,REGISTERED,4f5966496c524763fc9af6a4aecb9d0d7f4e8f238b41c621146c463cf853ca1d
R03931,OTHER,2026-08-27,REGISTERED,8b4d33b63e4c8b7503f89e826785079dffae1ebe9ca4552d184c63cac65e77f3
R03932,OTHER,2026-08-27,REGISTERED,157b43dd6d19ca434698546c6c0052305babc83bf3c4d52446bbc9d7e2855bb8
R03933,OTHER,2026-08-28,REGISTERED,63c4dfdda381f3afd0471da9ab58bae6b76d129b28edd3c321b3ee2ad1f2e055
R03934,TEST,2026-08-29,REGISTERED,deb6cd9ec73bfc3dd3c5bd26a977b312bcf4ebda65974e9292f3fafeac1d50d6
R03935,TEST,2026-08-29,REGISTERED,7a4287b1e9d12a2e28626562b9e6ac6102316d73954cf6b377893d9042947cc8
R03936,TEST,2026-08-29,REGISTERED,09b9743654e8dbb09b8e383daac43b95ec0888416c18edc678d83ec17165d26b
R03937,TEST,2026-08-29,REGISTERED,0e959053086c02831376ce45c0543c3a8b71b39aa6f91d6ae33b63a84d098e80
R03938,TEST,2026-08-29,REGISTERED,97d40943549068c6e0fe357296c12357016611e41987a66a5b98e5fff6ac905b
R03939,TEST,2026-08-29,REGISTERED,f7b3c33251f014529893af53aed6d7918628b5b6f4d425bbadd96e9ec2b08e05
R03940,TEST,2026-08-29,REGISTERED,5fd51151de014d6429e58500a641964602a6241f9a9767245a2b310d9b155908
R03941,TEST,2026-08-29,REGISTERED,b47e3bd4052ecc70cbde748b916ceafd20468335a55eb377d00515fba40a26d3
R03942,TEST,2026-08-29,REGISTERED,17d714a0d7ea6dd161618cb3ac1ea23d1aab178631874b03c6347df2e9d921c5
R03943,TEST,2026-08-29,REGISTERED,3123dbd979f8a761f904a9b95818add0fd412803de50754687776ede27a3178c
R03944,TEST,2026-08-30,REGISTERED,ff385dc14783cf8b25aa049484c8a557fb316efad64da773d8785cbc089c4a2a
R03945,TEST,2026-08-31,REGISTERED,eeac680065bb7ba8558cb591efe613b8e32f4593a4b2aaf2d4dd96b50423ced4
R03946,TEST,2026-09-01,REGISTERED,c644fedd632c52f6d1dd279071f36261824a4982d94fe95a0ea209cc0b8c6405
R03947,TEST,2026-08-31,REGISTERED,eca8ada3f9dd9056c1cb4ab072180a24439d6566e73af88b53c7045c2620f6c8
R03948,TEST,2026-08-30,REGISTERED,857aa2114ec5ba7cb8e9446c77636d0bc6adad34fd19b8f225347dc41ce7a269
R03949,TEST,2026-08-31,REGISTERED,a810adcc0cb57f8b066d314dbae02afa775226263389f26baad4540de8778b2a
R03950,TEST,2026-08-31,REGISTERED,413c9eb4370b87905ce214e6abb2f6f7867b90d27cd8b9149de858e45ad5fec9
R03951,TEST,2026-08-29,REGISTERED,26f64310fa7cd06a537f335979c9854d2bb5f19702a6ff7dbbe6212d2597269a
R03952,TEST,2026-08-29,REGISTERED,10b644d9ef7099f3c841049f9a9f9e96878bb4a71f0c8ecb1fa6d3530b36a6c2
R03953,TEST,2026-08-29,REGISTERED,b90590b31c2c5792100e3bdfde2b05bc2b2e28774c6a0e8b0e10beb1af0052aa
R03954,TEST,2026-08-31,REGISTERED,b8999a8fba639b43a96b77aa34da2986942f3f049976dd17df71306589bee2fb
R03955,TEST,2026-08-31,REGISTERED,854162a239e91681d2bf8b87ffce8d5f0a5b700b942289db633ed02f2e6f56b2
R03956,TEST,2026-08-31,REGISTERED,52037b0f91d8c2d2ceb9e2f467f7ee9d58425b99155a78debca5af1473bfbe0a
R03957,TEST,2026-08-31,REGISTERED,c6bd7af4100fb39da61665135352bd40146fa128a335ef7c8cb2942b3a2b68e9
R03958,TEST,2026-08-29,REGISTERED,9faab51295a02ac21f0126fd3a09abf027f8b7127857d82c437ab7ba10e3b8b8
R03959,TEST,2026-08-29,REGISTERED,0232bf17b2856ec689c7aa11960cf69e9606c930e592e81dc3bffc318a7c9d12
R03960,TEST,2026-08-29,REGISTERED,2cf9391b7872bdb6ed96f0fef0ef19fac132f57a11d931fc32a590a92147a5a3
R03961,TEST,2026-08-29,REGISTERED,0e4066b935198cb754dea094894b0fe5d11c2420c5a38a7035c395515a360911
R03962,TEST,2026-08-31,REGISTERED,786c323ffd64316d6cb63500db95a807b8f4977878c5914e0e1dbfaa6178c8bb
R03963,TEST,2026-08-31,REGISTERED,11cf5e56ac4aa2d6c8e746adbe9aa05b5cbd8579898b1970c86a7019e788993c
R03964,TEST,2026-09-01,REGISTERED,52ec152c261c95ce4ea1908c2acf9648cdeaa761974a9669c62e32ae59841a4a
R03965,TEST,2026-09-01,REGISTERED,18c383eafef610f6aca1d6e507cad3dde16487d04d43eeb342ce883f28c2b3d7
R03966,TEST,2026-09-01,REGISTERED,766b57d2ea47c2f2ab71e48588bc9d9be2502d0ef9eea3cf67d618f8cebed906
R03967,TEST,2026-09-01,REGISTERED,c041e8abaa97263db2000593180c66e94b93b47cb86ea809f09e630527c0ca8e
R03968,TEST,2026-08-31,REGISTERED,0111991167778f011e490d758be9f67ed6aae8addc733dc234435d7bad1ca3a3
R03969,TEST,2026-08-31,REGISTERED,ac7f5ae2cd679c24ac1a3da49f7aed7c0e82007b303ed25ce18927d21c1f5774
R03970,TEST,2026-08-31,REGISTERED,310577f3066d777b59960c12e02fe6aa2cf4d3e39d55513e5949e7ea01b8ff34
R03971,TEST,2026-08-31,REGISTERED,b1762a7817a765c2cb1c725df96e581952c2e0810ae4140bb63dd689c54f3e69
R03972,TEST,2026-08-31,REGISTERED,8b0ba2543f476aa6843bf3e7831b99e16edd1e7b9c8904a863631bd3cf883cad
R03973,TEST,2026-08-31,REGISTERED,2ec15f3e31e44be256649920d82ecf18e8bd3410d4cdc1a45f988af5be24e25c
R03974,TEST,2026-08-31,REGISTERED,98cabc1af06083fecdbee094a13a14839fd02b8334b8eff820f4ac4054f86eb4
R03975,DELIVERY,2026-08-31,REGISTERED,a929eacfa444db483ff6675d140c783eb54f1ff1ef24880b2e831ce50d1d16b0
R03976,DELIVERY,2026-08-31,REGISTERED,d36279b31e29e911f61f717ea76453d08f37dc419e528378380ad66b14def798
R03977,DELIVERY,2026-08-31,REGISTERED,8e74c92921460fd9b25bdc89b92c018827d5df91f6ddd3614a09e1a3c06ac709
R03978,DELIVERY,2026-08-31,REGISTERED,1c52b3494429e12739a9560e7381dbcba753b942c29d64c72ad72f55a73456e1
R03979,DELIVERY,2026-09-01,REGISTERED,c8dbad920b5b9b9bc6b6a04b5f9ac8ce1918b1ce1b5dbebc4bebf59ed7fd7741
R03980,DELIVERY,2026-09-01,REGISTERED,cc4946906c9fc97a770ed1c937ece82de291124a5bf17855e434c7ee1b1b6b5f
R03981,DELIVERY,2026-09-01,REGISTERED,c9ff0096d6de75906a8f488fd9bad7b0a678dd54d304dcdd0457e4f8ac07514a
R03982,DELIVERY,2026-08-31,REGISTERED,ad3387d5f99bb33647c9dbb0b8181c535d96f2325584b8efc6344bc66b713fab
R03983,DELIVERY,2026-08-31,REGISTERED,431c55afb34974dcdd383c06ea329a388bfda71d3de0d3a0d0153a5b4cbba75c
R03984,DELIVERY,2026-08-31,REGISTERED,b53940e8498251d76649d351654d3bf8e6046fe1255ec7ef52914d2062e15469
R03985,DELIVERY,2026-09-01,REGISTERED,6ed07521dd0c40f303a98b74227c44e7d2bba566124030ace0b36b4377108250
R03986,DELIVERY,2026-08-31,REGISTERED,85f1121ac390c1427ef200847e106c2db55d0127feaa167377ed3d4c795fa4ce
R03987,DELIVERY,2026-09-01,REGISTERED,21898c88f4f25cae2342b812c4771dfdb86ca254cce159006809ea694d3bb842
R03988,DELIVERY,2026-09-01,REGISTERED,6a06f0f1b229c42bac68206cc32e569321f20d2df947584a878f5bef9f2ac0f2
R03989,DELIVERY,2026-08-31,REGISTERED,71e86bc82b0565462a775c7fb15129e08db4976ba7537b2f5faaf2a81a67e318
R03990,TEST,2026-08-31,REGISTERED,f045f4767a0c40c0dccea51a0eb2507bb1b4bca31339643ed2672deaab1cea65
R03991,DELIVERY,2026-08-31,REGISTERED,c9293f368dc5a44a998fc335b43256e455812750024109a8b821fd83d152236c
R03992,TEST,2026-08-29,REGISTERED,211c43bbf22c23b38a9e65c8a2434d4d7940d11f048b5eef210a38addb166223
R03993,TEST,2026-08-29,REGISTERED,a6dda09a0726c5a65f5a4f4e217929da512235f3f3dbaab755b9819ebd132d10
R03994,TEST,2026-08-29,REGISTERED,b543fb963ae10342ac910e96df2170cc81329cf01f8090e451ca97fac65825a9
R03995,TEST,2026-08-31,REGISTERED,8b48427ad0a5e1fa74589a9f04899c0818b5f4dec97da16b26179c168bcd01b4
R03996,TEST,2026-08-31,REGISTERED,6e4c9141e16de5cb25a14e2104d037a4dd24f3c618edf8a60c79136bb5961f16
R03997,TEST,2026-08-31,REGISTERED,19c354fa1e83d451b63b4074e765cc7f065b611946d35a9753fc935880457030
R03998,TEST,2026-08-31,REGISTERED,c514317496f0f2302c0f9be3e6f544d2534f7f82362bafba22686f511afbcc94
R03999,TEST,2026-09-01,REGISTERED,f7ee03575b65d5526366be2a356e2612d33cdaa6a501f8c7969a898d8a465506
R04000,TEST,2026-08-29,REGISTERED,638c6df25f1cf55dcbadb549ac3c654d514ccd49fef993c42fb8ab31eb9b61e9
R04001,TEST,2026-08-29,REGISTERED,6b02bd5d1ee51d4893feb90156c1098d97a16967dfa82181501e9cf5398f6eb5
R04002,OTHER,2026-08-23,REGISTERED,52fd52f894bce49ba06ad100299062ed374c4e4be921ce24f83b77c3af1a534f
R04003,OTHER,2026-08-23,REGISTERED,0da12315a760ec7aeb683d425060a34f3a2f81fa743080b672ed007c03585cf2
R04004,OTHER,2026-08-23,REGISTERED,8ca25f44542dd930ee4c1e12f2b17d9ff9567bd45a7797a137820fc39d4280fa
R04005,OTHER,2026-08-23,REGISTERED,ea843f341dae2acd74573a0410b890fd3706f0dc697537c99d378cd8de9bc349
R04006,OTHER,2026-08-23,REGISTERED,37ad69394b3a3ed46acfc5bdb5b450f1f213cc0dcae06df0a2a0b1bedb721c12
R04007,OTHER,2026-08-23,REGISTERED,100bb8145e93465420ab86befb531a4dfe5b17566467c25a873885542d9feb16
R04008,OTHER,2026-08-23,REGISTERED,8ca4134455731ee0ab73272b2068a4715bff913b7a4b6e53e6a996e30dda6960
R04009,OTHER,2026-08-23,REGISTERED,a9520d51b3c66715614465c9e39d3841f301876fbbe95a9654b2d466bf6a9472
R04010,OTHER,2026-08-23,REGISTERED,b8dbbf850f273f90ff29de1b4f65701be5ba07bfa1832090277e7b382fe27bbe
R04011,OTHER,2026-08-23,REGISTERED,a63c02ae39c7579bc1045978fc2352e95fb377d1ed372de58e3d6ba0dd134daa
R04012,QA,2026-08-23,REGISTERED,75d71f1fb5d6e9c3a94dd9c80fde09e6de6448fca104740edab4373872346d29
R04013,OTHER,2026-08-23,REGISTERED,5c4fcc7ec9d8aefcc5303c8c38d7583188f246d691899865699a2a88c7965469
R04014,OTHER,2026-08-23,REGISTERED,f18ffe0a1b082ef1b7b6a0d2d9dbbb17650d4509ad9e3439c0bb8542efd92fca
R04015,TEST,2026-08-23,REGISTERED,5512a03264b2762b795dddcf411eb2e542090c412a335f87367f372288cbbe1b
R04016,OTHER,2026-08-23,REGISTERED,c86d13c76a08796c396a974817624d8b6d3fcb26bc7fb008301747eed6de7fe0
R04017,OTHER,2026-08-23,REGISTERED,b213d4bdfde0b3c50fdd6992b620594a2c463cbd84eb2d2c4434fcbb979e7884
R04018,OTHER,2026-08-23,REGISTERED,eacdb756753f287fc0a0786caac96970694e7a844e684789bcfebef3e8967c1f
R04019,OTHER,2026-08-23,REGISTERED,06042debffa8925f2fe35a66054b6831474964d6326957d12e6d6f76f6876810
R04020,OTHER,2026-08-23,REGISTERED,c621f0d97f68a2fa2238d0297970f34ba3c6648346981cbfbb9b26f968ce3273
R04021,OTHER,2026-08-23,REGISTERED,8f4eecfa5ad69cd069da2f136d4d7c2dd0edb14a5bb4b7600d622280ba2b2858
R04022,OTHER,2026-08-23,REGISTERED,6ea6ca55ff7db1116b233bb965cfdc3258578069ef44803443e27f2d7428d979
R04023,OTHER,2026-08-23,REGISTERED,9fbf6866ff1df6ecc1d41989913fa467ad4683df88d80317b9b1d9026f95fc37
R04024,QA,2026-08-23,REGISTERED,a6abde2fc63999f1c4090e3ded01de5272d6044b928e4ea8cc76b550654718d2
R04025,OTHER,2026-09-06,REGISTERED,039690c22ee6f5c516480fb5d116ff450b57ad3cbdbdab502824a210147bf49d
R04026,OTHER,2026-08-26,REGISTERED,9c20231c91c0eb9953d773352ffce4f038cd0407bcb8be5bb2d7eb154af23617
R04027,OTHER,2026-08-26,REGISTERED,6fce85d0a7ad8c4e91d728bb4fa9f8d01551f315b8f882c9ee042550d70f7fc0
R04028,OTHER,2026-08-26,REGISTERED,8ed0c2f8c74e417de88e22699843987652231340fed0cba624b066bd40d156d0
R04029,QA,2026-08-26,REGISTERED,bf85a3d5da5b4fc5a9dbd48481da4691ff8c5941f3a236dabf372a627c920fb3
R04030,OTHER,2026-08-26,REGISTERED,d702417964489a86011aae284722834c485b85d0f155b0ef4c45335336585ddf
R04031,OTHER,2026-08-26,REGISTERED,8f4bd7729b3ff0df35f1558bc905e7ad107293b6cdd2e11742c4a211d1e9a687
R04032,TEST,2026-09-05,REGISTERED,8b3276c51595383ffcb216918e362809bdedbc48af4978978007ed95f22901cd
R04033,OTHER,2026-09-06,REGISTERED,85959bf966d6c01c1d23185a530455a4df08062983c3ced3e6a622018b1b20fd
R04034,OTHER,2026-09-06,REGISTERED,293deafa31652771a1d3123da53f0c8f5833a79964b5e9b47203ae4431bf4293
R04035,OTHER,2026-09-06,REGISTERED,f9d6586cdcf39643b526150a2dec67754d6df80a7aa2d3ead3cb1667a42ef614
R04036,OTHER,2026-09-06,REGISTERED,d56f16512c3e4fce20a9eb078c3b95f44e9e5a85829a8cdcebfc23900dc4031a
R04037,OTHER,2026-09-06,REGISTERED,b13da527ac1f8ff6f876b39a4f0ebafff47b5b4fb649b7637faf8ef2e13d0063
R04038,OTHER,2026-09-06,REGISTERED,9f3328b360dfa933841b4b1c37fac7c26cb108ab77ac345af835d930e131576c
R04039,OTHER,2026-09-06,REGISTERED,8e652a8971df62633801ceadc81a1bde74874e2a4cd06836e19775167b659eda
R04040,OTHER,2026-09-06,REGISTERED,bf70baaca769c9bcfb73ae585ae12976a03c8d0dd6ed8a850a153cf78d62f814
R04041,OTHER,2026-09-06,REGISTERED,c4926e3f4c6289a03aebdd8ae260d8a14302515868c38d241f494bfe0a994738
R04042,OTHER,2026-09-06,REGISTERED,8411c862a915dd180b4b6b78833ee85f5bec59bb5c93eb4871b8e928d8653433
R04043,OTHER,2026-09-06,REGISTERED,0fcb204bddbc13a9922a71b94d244f40aec644065e86fbc1cbfa5e986aa4588b
R04044,OTHER,2026-09-06,REGISTERED,6a10f8ceb550c7ebafdc9b3d36880282de1a7b56b30efca4324da0954d351003
R04045,OTHER,2026-09-06,REGISTERED,59113bbdb23863d1f8bec18fee1491ac813d60c4bb794d8e9e913380a89db2c4
R04046,OTHER,2026-09-06,REGISTERED,5c9f58d2c80a8c267671d34a3012609df4b870ed71ef50c9340c8b80a13a2270
R04047,OTHER,2026-09-06,REGISTERED,028d8b170f26afda88eb32c9c332429ff29859abd6d9d45cf4285ace170c87f8
R04048,OTHER,2026-09-06,REGISTERED,5d070db28a61ceb3b949023431470bf6c23f32c41df50e3ff0a74823ca8d3f16
R04049,OTHER,2026-09-06,REGISTERED,7756ac3036624637d63e97402aa2df179ea1cb94186bcc2dd514b995ec8dab5f
R04050,OTHER,2026-09-06,REGISTERED,2836d49455cab7ee9ba3a559786b52b258fc85a75a1701b79c6530a5cf15e76c
R04051,OTHER,2026-09-06,REGISTERED,500c68e352d8a9fff16163ff4b22992572abe5d1cffb03edd6e78f0a0574b813
R04052,OTHER,2026-09-06,REGISTERED,ceb947de1533d191504ef9aa5960fa7c42efc8e4339cdf3d2da41b18123ca372
R04053,OTHER,2026-09-06,REGISTERED,43a46b1fcb639e6fd6d5cc341b91e21a7e821184dcd2a0f04c702cce61d9d876
R04054,OTHER,2026-09-06,REGISTERED,3208696230571a3619ee076ad2ec97335af148eda525d2fbd3537c4987e30cd9
R04055,OTHER,2026-09-06,REGISTERED,d1b4d1985f8784e3ca7246f31bd11b52e3878cbfd8444184ab5386667c9443bb
R04056,OTHER,2026-09-07,REGISTERED,05cd2eba02f7cace01649894c39a9f5afb05f56048ec6df2b1bc085a6189dce0
R04057,OTHER,2026-09-07,REGISTERED,e4d20eb11bb1c1db0eca80690c3f835380a99dc98781a94df5bd1c3d0f13fa3a
R04058,OTHER,2026-09-07,REGISTERED,f6dda37f75c30f7c76d3b3e9fa2ac44f00212c8d87c0034a2bfa81f2de412dc7
R04059,OTHER,2026-09-07,REGISTERED,8654fb07ac949099e2fd1c7455e7fde1a41da698e8de9e9c49d45b84aa67ea73
R04060,OTHER,2026-09-07,REGISTERED,8074035b85e4d70ffe9ac26573215302e3be24cd629e065f5b34a06bbcc63235
R04061,OTHER,2026-09-07,REGISTERED,db3466bbccafa7acaa55901fef5281bc278de9fb798a065855fd6f809a75e8c2
R04062,OTHER,2026-09-07,REGISTERED,798be018eb6b7d6433412f4e6954af236999d9aa510185f7af775c7572f74220
R04063,OTHER,2026-09-07,REGISTERED,2d9bd562f56db98f0465a499287dca6a7fedb8263382043870d0151db0673154
R04064,OTHER,2026-09-07,REGISTERED,7be53ebe45872f0fcdc1ebc279d7c12c0ac422f68d625a96644ec30d889d1456
R04065,OTHER,2026-09-07,REGISTERED,0ad2b7030080d8450d58e8f03eb3b866a7ed115ae9ac9b825ee0ab9dda4b7c40
R04066,OTHER,2026-09-07,REGISTERED,8d2a1a05d6cd267b77ee9c89bd6b464ead357fda5633202299e1a2b4a12e47dd
R04067,OTHER,2026-09-07,REGISTERED,21a4bf02e2dc101ef9209a8a7869a1d1f58528e2d587c64e9b4240c1ab24868d
R04068,OTHER,2026-09-07,REGISTERED,5a53fae35b3fdeb11e9929bf579864f4fee52615bbb9d7944a2b6b7201a29474
R04069,OTHER,2026-09-07,REGISTERED,659897afa86c37507e6591fbf62e06fcf0976317a774d61dbf28e049dd0a7ee6
R04070,OTHER,2026-09-07,REGISTERED,ce6eaa4826290e230c731a6ff321c4c3944bbf243b06f23c207cce15d066688a
R04071,OTHER,2026-09-07,REGISTERED,759be914afb0b9f30da0249e0173412ea0e1e9465ce91885cbfaa126b45dfb34
R04072,OTHER,2026-09-07,REGISTERED,3c17b7f2a07631bc0889145057ccae7f4144fc31b7730aa004246330689b4fe7
R04073,OTHER,2026-09-07,REGISTERED,5b487e6ad27b99ae00f2de019f0a87293ecc1a3b5aca770c9cd998fe41179ce3
R04074,OTHER,2026-09-07,REGISTERED,fc09b3afc33eb53ff3826b2ff6db33123ed772ceef4578a6d16c5309aabbb328
R04075,OTHER,2026-09-07,REGISTERED,105c4c21e6893104784c841133e169f72bf6e74aaf1da3464d363c283fcf0fe3
R04076,OTHER,2026-09-07,REGISTERED,274900bcd41bf8889c85cff2cef3d63584b0761dd5a1e5db87105879bcff6a13
R04077,OTHER,2026-09-07,REGISTERED,01f32255593036d6bd30a5d6787307b1d7eb39cdc2cb3ca0e07ada69e9d704a5
R04078,OTHER,2026-09-07,REGISTERED,4b8bb2b09869db5007c57eda3df750c78c0ccaa38fe27ab47b16c2539909d567
R04079,OTHER,2026-09-07,REGISTERED,479860de020c665e84fca72545583ce6797b96fce58b65109fa841257e24a996
R04080,OTHER,2026-09-07,REGISTERED,71f25308f690a94838142e350995094059c0ed3fb0db6b5ccdc6533c4292afeb
R04081,OTHER,2026-09-07,REGISTERED,1c39b64439d412695c7ab78dc814d77b3daf946c01a038529be092c8766e3214
R04082,OTHER,2026-09-07,REGISTERED,762185161215621b9f7fc08a0b1ec7b0ee0cce76245b78d1d2e250e3e94f23c9
R04083,OTHER,2026-09-07,REGISTERED,530c41b888724bd3487777bff797bf2345d0e67975165fd28307d7d2a7013d29
R04084,OTHER,2026-09-07,REGISTERED,c3af48d77084818c4cdc22127a42b75fc69812949ca9c7e5b203e95d39e2c06c
R04085,OTHER,2026-09-07,REGISTERED,0741be156d88f5bb4bc7b51e83ee4658f25a2a5144fede9753821fafe47ac1fd
R04086,OTHER,2026-09-07,REGISTERED,be0961c6bc0e959767cb8b7131f5aaed306782b9549aeff54a961eccdbec2c53
R04087,OTHER,2026-09-07,REGISTERED,b579e6e32b13b7cab092662c46b6062e902d12fcf5298ed12218229585800995
R04088,OTHER,2026-09-07,REGISTERED,a475a36e285dc09b9b283ad27b57dcccf8c57227e807d22e1a3ec4d46f9ebdcc
R04089,OTHER,2026-09-07,REGISTERED,ad27787c12f526ab860da8a032f4aa3cbbee08c97f8714a470030e032d0037bb
R04090,OTHER,2026-09-07,REGISTERED,ab9fb74d358d1066c907139b0c8b9ecb452e7d1b7dffec4fb143c5469f559be3
R04091,OTHER,2026-09-07,REGISTERED,bb52d306f2b298fe2138a0c62dfd54db34755cd3b09927380d312fa3e7d09e23
R04092,OTHER,2026-09-07,REGISTERED,9f26b1c850f50a0c234e7957ce543b5f091682a32e1283eba2d4454f71e0f8bc
R04093,OTHER,2026-09-07,REGISTERED,aecef856fbe7da3abde930384e647544a1b979370e1845c558c429c4f7b28076
R04094,OTHER,2026-09-07,REGISTERED,eb9acb58474e2ca1d233eff33fde7c6532e5f63c86e1e40e66b1c4ec361bdb38
R04095,OTHER,2026-09-07,REGISTERED,d8912963990d98d3361bf744ba38feb456a32957228a74273d4aa1a4ac0f4990
R04096,OTHER,2026-09-07,REGISTERED,9db2f4d40bd2bccb2d09fe09eb0b3f0c08cce502e2efd7cbf2a68a3bf757e0b4
R04097,OTHER,2026-09-07,REGISTERED,497c63cdb723fb3083dbe572e9568188311b4080642a4e8ff198cc16fda09d28
R04098,OTHER,2026-09-07,REGISTERED,aa5744c7c3cd45c0a5981692c77ec67607195df7f072234c20f9b23db25e4b5f
R04099,OTHER,2026-09-07,REGISTERED,ef6148e4d422a584658fbcae84db28910a0c503af0e82e289d9978d1fba635c8
R04100,OTHER,2026-09-07,REGISTERED,aeac5f2d991c92eda50231a1c45b6d68d323130d917e9ae671c37358b0e03a37
R04101,OTHER,2026-09-07,REGISTERED,006aa75ecb56b51eefac77b5132502dda3047ee0c393a19867023a9487f38c56
R04102,OTHER,2026-09-07,REGISTERED,40ec19fc871f372af0b2e7c45ee82e7a54f2ee078a585d58766978d63baf1200
R04103,OTHER,2026-09-07,REGISTERED,3876c1601c74db14023aaa64fca2eac1607f581d6b86afda93c97f1d6f6a4ef0
R04104,OTHER,2026-09-07,REGISTERED,f7ea290f0be5ad655286fe6540e5f0ce211869f6e3a7475dbda0d860ee8710e2
R04105,OTHER,2026-09-07,REGISTERED,5e9507648bbca4d983560f699c05caa9ae8c6d028f9eaf54d1ed9e6c4aaf7fae
R04106,OTHER,2026-09-07,REGISTERED,1e29414e4577061381b8d948d60434d1c9c1eb33b39520b2045561cb66f084e1
R04107,OTHER,2026-09-07,REGISTERED,54f0adce1701b4466c4df0f3e5f353c11f05811546e5ba493510023102a03f84
R04108,OTHER,2026-09-07,REGISTERED,11d19ea86fa2bfd1a2e06534e8f07a870808a459a9e89aea985ad8612f22866b
R04109,OTHER,2026-09-07,REGISTERED,0a955c46024b55f987bc0c07feaa645e6ee2c762edf1754db58cc380e3fe2d07
R04110,OTHER,2026-09-07,REGISTERED,a19bb62f9350b54620c995eea08bb60586a1a6e77940f1d3a74940618b3494e5
R04111,OTHER,2026-09-07,REGISTERED,86d5a6bfb06f215fa5ef2e3e16ddfe30a6f1e73e46f18007bbd3179e904a4bd0
R04112,OTHER,2026-09-07,REGISTERED,8b6deb24512bf5bd3842558f3405d1382109e9abdd445b269536abe812759617
R04113,OTHER,2026-09-07,REGISTERED,62beaf9647b2f783c9d1140ede406ec04740f08648ca45a0213cec559d1fc84e
R04114,OTHER,2026-09-07,REGISTERED,11ebe885a531bdfa8e500100ff4ad3107d0607ca8708ddc9e349c5d7213972c1
R04115,OTHER,2026-09-07,REGISTERED,f2f1c02642748d0bf17912835f2043b42930c8bef900e3de8a10132c70e97809
R04116,OTHER,2026-09-07,REGISTERED,640ac12cb9365b1a8640c11b111d8da6680bc60a582dd14c6d4131549f07f0ba
R04117,OTHER,2026-09-07,REGISTERED,a947859c599bd29f4e0f8ab552e21b6ddf6a59ffbe7664927c332fcc1c83240d
R04118,OTHER,2026-09-07,REGISTERED,336fdcf7bf70b14592fd617f837c77f1b275ac6dc5132a2277d9a6c8a5f8f054
R04119,OTHER,2026-09-07,REGISTERED,f3b45ae254af4809e0745127ee2aa129325c0930b6975fa39ca5a418500dc483
R04120,OTHER,2026-09-07,REGISTERED,aa918ef1a7ca2593ee179864d70a19208a2b7b830f4c4ce6752734a7d66f556e
R04121,OTHER,2026-09-07,REGISTERED,1f108051893215c302e8ff111b3e9736c5cb075b61f8f0c08d80c4f6a3a6010a
R04122,OTHER,2026-09-07,REGISTERED,25274aad9adb4275b5e4329af2b5483d9c27ec974b5df6b460027071c61f45ab
R04123,OTHER,2026-09-07,REGISTERED,013f2855922a9788a88c5f0e7afea0165c5c5d0d25c57dbcea074ccdd506f25d
R04124,OTHER,2026-09-07,REGISTERED,6819e76b3e61a61b7507826f078baf888172040a024e9760885ddee96aca8741
R04125,OTHER,2026-09-07,REGISTERED,3a350dc31ba9b858de0874cff6fef57aa9adf73b1d83abe0c37a033a3b5d363d
R04126,OTHER,2026-09-07,REGISTERED,bd33376f5cb069ef3117e1226728336ac6f35f179fb02ab85990b349b6942f0c
R04127,OTHER,2026-09-07,REGISTERED,183022305586d6cf6676dab76351633e012a2664256aa44ea8db011573af11fe
R04128,OTHER,2026-09-07,REGISTERED,5f2d9a2811a14a1de956f414845fa9ef2a5f450ef0230fc81286e68963e77a42
R04129,OTHER,2026-09-07,REGISTERED,9ee737757047c2ac4e0c3894de119bfc101d9af29516cc44e1ccb77cf94be1f3
R04130,OTHER,2026-09-07,REGISTERED,2f1941774ca247f6eaa518b7d7e074fb36bc3ce4acfe87dbb1e08c45e9916733
R04131,OTHER,2026-09-07,REGISTERED,4ce25844e1436c1bd5aed92699f5c408fd6cf1e885053888fbb1f1930e5c0b70
R04132,OTHER,2026-09-07,REGISTERED,314faf8001ceec8006d81c2d2077f99da32834cccc609f875e2626c3c32dc196
R04133,OTHER,2026-09-07,REGISTERED,76d965b19b7e3ecd7e503a308c35c5bcee3432e75aaac7e67c8dffb33bd028e8
R04134,OTHER,2026-09-07,REGISTERED,03445b5c206190e48594b4460f9db42ef25887913a5a3a76afcb6d7e85792f81
R04135,OTHER,2026-09-07,REGISTERED,f3318e4b36147deb1ead9c69b47f879156fb817b938b7ed49f3113e57d388cd4
R04136,OTHER,2026-09-07,REGISTERED,f419691dc106ad9edfa40e24a838b7de9e8e3b0c12147218ad770715113be874
R04137,OTHER,2026-09-07,REGISTERED,b014f60f341e4644062eb41375fd9b042feea09eb1fe386f1e4017e98e72d997
R04138,OTHER,2026-09-07,REGISTERED,e9970ad5a6208edf84eb745a3d1a88903009f2eaf053078cf4a05ebc6450b063
R04139,OTHER,2026-09-08,REGISTERED,4da0b2224df4cb5014519b58ff5701233ad71a6ed75fcea846f3f5aa64cf97d5
R04140,OTHER,2026-09-08,REGISTERED,5d21833c22297623c6c89ac8829a48d45e7f7347be5c8dd38803d995d9d1296d
R04141,OTHER,2026-09-08,REGISTERED,cadbc4cbd9bb0e969c1d6e9d3f7bf9f22e7f79ea3c9e5a56ac413168910953ae
R04142,OTHER,2026-09-08,REGISTERED,dc56823dbe0b4ed2816f65f75c7f2806a3748a1e30cee46e08308d13f9f9e631
R04143,OTHER,2026-09-08,REGISTERED,e686fed4856b0fa2ecd4574f4215b0b5f1b9109aca8eadee913610c8d681e552
R04144,OTHER,2026-09-08,REGISTERED,cbea83e47813a79b8da9cee208873cfad28f8027628fd73b7035fe12018c5361
R04145,OTHER,2026-09-08,REGISTERED,79c6d76118207329d37361b56ce2f0909486dcf8fb620935b0970557d755d31a
R04146,OTHER,2026-09-08,REGISTERED,51035731cb6ced479a20d1b098dd236348a1e9de5e51df17d358884f988d5ee7
R04147,OTHER,2026-09-08,REGISTERED,a52b7c9ae71a4493ff3892a4f7e8f1f7edaaef978dd9dfa3437528bd1a56267b
R04148,OTHER,2026-09-08,REGISTERED,c21b404c246c3fea8f65b03dd8f1e2c8a9e8bc88ff0e6ec9ae4ad684c5243171
R04149,OTHER,2026-09-08,REGISTERED,5daa3d9f24c5d711d3fd815ffe14d745df68b8c460fe5ee407f93c0be6bafc89
R04150,OTHER,2026-09-08,REGISTERED,36216d35c83a74f366c115084bdcc62ed72a5f060f35cf6ad10f0df480db4617
R04151,OTHER,2026-09-08,REGISTERED,5bfbdaf2226978bb42023762597a7e2bf21ec69b6fc345cd4818fbac14e4a757
R04152,OTHER,2026-09-08,REGISTERED,484237574e04b94bb6b32058197745efec012580e2fc03ebdefe5422fd2c9672
R04153,OTHER,2026-09-08,REGISTERED,582e72e8dc2d659f2d9e28194df6e1505bac460cb075358dc34b85e3a4b2262e
R04154,OTHER,2026-09-08,REGISTERED,8384f8639f5416e3970bc7c6b4dcbbb185c00540998a1d3a767b80a520ef131b
R04155,OTHER,2026-09-08,REGISTERED,5377576f0127cd6343d3638e2869d0dff704c1a138ec99ef2de04370f155c948
R04156,OTHER,2026-09-08,REGISTERED,da77028c684862187724a197d42db0f4c3c204d86a1ef5094e04b370a52ff36f
R04157,OTHER,2026-09-08,REGISTERED,e0e0e9923d4227433907764696282b14ce3ffca0190fc9879c2f5931fbbe6e71
R04158,OTHER,2026-09-08,REGISTERED,01e4575f6b44c49360e27c9117de9a38a83725f5a6063e5c96433fc94125bc44
R04159,OTHER,2026-09-08,REGISTERED,b225de1fdbd7a71e655c68e0128058c19efd4bc1dcae9c375e718a69b7990b6a
R04160,OTHER,2026-09-08,REGISTERED,4c87776865d7f3abc299fb5a1610e90ffba3532ad903471fe58781905643219b
R04161,OTHER,2026-09-08,REGISTERED,f66a0335b84d730af15ec7fa5d9ee188678aeb01a8d7e7aa603ab38cbddee0a5
R04162,OTHER,2026-09-08,REGISTERED,bc99f42df55f35b2a34ba642f5c82e70a2f6cd04d155f562266ab06b75fb1958
R04163,OTHER,2026-09-08,REGISTERED,3ee9dda614b0f5675a6735b554988bc733b332db3ee41373cd866c5f1e0090b5
R04164,OTHER,2026-09-08,REGISTERED,d98c192a1d50621e5b8c738012a1d9c282d85e4a93ccc03fa9e2dc88849b1bbe
R04165,OTHER,2026-09-08,REGISTERED,53a3c8502bbc3b971fca7197960d0b55bfaad8585e4df4510f094c36a94e6342
R04166,OTHER,2026-09-08,REGISTERED,34a9e1fa142cc63bd5a1ae0cb07eebc24c287ee4d0fe80a81730efcf36faa2cb
R04167,OTHER,2026-09-08,REGISTERED,ecc8e64fa513653dc7a6b9f22a8ac1a01ddeb84b390f572fbecf91a2c21a3d4c
R04168,OTHER,2026-09-08,REGISTERED,71abc3c94f71af3f7f5bc14522aa57abf4dc17c3eecdae1e4ecc629f68155f1e
R04169,OTHER,2026-09-08,REGISTERED,3763e5eeead3afdd34e75dc76610d26ff7f3afd613ca4a4a6bdbdaaa4b2396a8
R04170,OTHER,2026-09-08,REGISTERED,4912abd23a512f646728c5947c1e3d6ade7813407b0141dfd7188dc8792a2278
R04171,OTHER,2026-09-08,REGISTERED,92f198de90c48a677ec5d3103600cfaf9d03ce656feb07972e59bc3ced3b3df2
R04172,OTHER,2026-09-08,REGISTERED,8c0877052cf09ef01e9fee2593288e71a14596add3c39c65edf6acd0463ed49c
R04173,OTHER,2026-08-26,REGISTERED,e44eba746c10591ec2cf447d48b581e9232a7a2b231be31822f2977b681bf498
R04174,QA,2026-08-22,REGISTERED,62d3d0a3aa77f8212a0cec58e4a4ede432556759280640bed1aa172c1b37d8af
R04175,OTHER,2026-08-28,REGISTERED,816c0aeab7fa2bee6c1face4c26cd0301f903b373fb46b74731f2dc1b50a8efa
R04176,OTHER,2026-08-28,REGISTERED,7319a34830915898782da5bf0de85b4618f83ae8f874a67e22ff8a27cf6851e1
R04177,OTHER,2026-08-28,REGISTERED,eeaae8f2075f4bf64ec05b1f42fa833402a6501bec51bfdbe4d392b01ea78580
R04178,OTHER,2026-08-28,REGISTERED,e425b1cce961c3b74acd407d8c5940409d829e20d47b4919469978dae0d35a00
R04179,OTHER,2026-08-28,REGISTERED,5b44e69220fd669f0ea65ab2a925119f033a2e34e31203a73e289fde156b02ba
R04180,OTHER,2026-08-28,REGISTERED,afdcc526255d77802a99cd8af01307174357e2d44cccbb2d2dfa65355aa91af8
R04181,OTHER,2026-08-28,REGISTERED,5bcf9dc2fe46283a359eed6a965056e7063aa66b36be9daf1319ae79f810d9a6
R04182,OTHER,2026-08-28,REGISTERED,cb393ae0d548f85c2b7f056f6d18e5c0457dac87cb666116cbefd7f7069a1136
R04183,OTHER,2026-08-27,REGISTERED,a7cc63f061fd46498b6187455ff66d9bfebb4693b466393c81182bd973392aa3
R04184,OTHER,2026-08-27,REGISTERED,2b180b6b9dcd41ba121c171c5ccc2abf04266265581d290882c9be4299ebbf71
R04185,OTHER,2026-08-27,REGISTERED,edc31c79cc2240a7002978973e84004b865f9b34d49e2326d47aea149cb3b77d
R04186,OTHER,2026-08-21,REGISTERED,9f1846a9fe7408426140e99b2a591a13352cabbdd1d53535eb8b381d980831f0
R04187,OTHER,2026-08-14,REGISTERED,d19c26f7dfe66f96e83bc36d86ebdff7d96a14398a268752b0f4f9d96e47a42d
R04188,OTHER,2026-08-14,REGISTERED,c229e52859791530ee0d70c9f8bad8241707b77f8b98066c72bf01ecc557ff71
R04189,OTHER,2026-08-14,REGISTERED,a807076321e8db3bb11c01d0b4c939fb9988d935572d48d71710df425277de19
R04190,OTHER,2026-08-19,REGISTERED,685fdb1c8604e1750fdbdae33470c7417ad28e5550b17074174b6483c0b3e666
R04191,OTHER,2026-08-19,REGISTERED,6f963e0da79bfc7d67466feba5c8c317c0a2bee838e603ce30b5680df2853b77
R04192,OTHER,2026-08-19,REGISTERED,4eccd970d5c6ee39b38b0e60033a231ec86094646086a16a151a43c086c2272d
R04193,OTHER,2026-08-20,REGISTERED,c892dec4128fcfdb21fd7af1e68dc062e86b4209892c9985e328d24cdf659d62
R04194,OTHER,2026-08-20,REGISTERED,71b8d374f5191c439d56e0143c5792cefa889e7f2a560ef1c80c8c9df29f9ea8
R04195,OTHER,2026-08-12,REGISTERED,9af245d08510f59e52f3c46ad6740afaf76abd767246e6541359728a700e51b0
R04196,OTHER,2026-08-12,REGISTERED,651354e0646947854602c9fcdbd7fe8870aaaabfc5391b9f3b8d29e73fb3bbb5
R04197,OTHER,2026-08-13,REGISTERED,925e396fa61f89c59a18868d7911f2aad6a722e49a4bc3166522dc6c6fa00e52
R04198,OTHER,2026-08-13,REGISTERED,277eae8f416bf1b6c16c66c7fc3009f7febfa23f16639af98089dc462c46246f
R04199,OTHER,2026-08-14,REGISTERED,a5f2978683b417a9d37f3bfb595d4b1ceb6977e93f66291fd70cff5bfa55949a
R04200,QA,2026-08-21,REGISTERED,953e4c474726d5187ced3e50f0299c2fddd0bdc0b26acc6bfe3db85372830ed9
R04201,QA,2026-08-22,REGISTERED,9dd90b86fefaa14479256c8f8661b4f75924eca0e60e7c82c7d6a9051a8b35ba
R04202,QA,2026-08-22,REGISTERED,d9357827ef3312e5eebe58302d268eb431fd36a7afe3a04b8b5f6a7afd3bd1d4
R04203,OTHER,2026-09-03,REGISTERED,c4484bdaf537003ca527d3b8e06b3a58433c22b0046bdef9487bf1527424c04e
R04204,OTHER,2026-09-03,REGISTERED,5f16ae4c6afe357654535ec0c80d8be9f26accf20fab73a8a3e6b4c80e68b7a5
R04205,OTHER,2026-09-03,REGISTERED,27df06bc8eb5f8a0db1fce1da6bfa5592dcd1a58cf3c4e982121fd5632af9ecf
R04206,OTHER,2026-09-03,REGISTERED,d74442146e5e6275e1047f91fec87c596507f61e22457d5b61086aa52dfbc30a
R04207,OTHER,2026-09-03,REGISTERED,8a8163ca0f7f03f004af64f92c6f684f55e165e3f5af18e3d14da76228383561
R04208,BUILD,2026-09-05,REGISTERED,2fee9c9d61cdc25d1b6f1e5256add55970a625ccabfc5b122a4bbd88c878884a
R04209,OTHER,2026-09-03,REGISTERED,d45212940a0d953177fbab4744876bfb16067fdf176960441c0903ddb6e0fd8a
R04210,BUILD,2026-09-03,REGISTERED,8d054d2bec9eb5d43b7a4a2e1f756b9ccb5a9021e43e3f129b53e5a74d1baee2
R04211,OTHER,2026-09-03,REGISTERED,e702acb67eb2c4e9fcc8f91b5beebe6c6933414e997f711c962e8404e6e230ae
R04212,BUILD,2026-09-04,REGISTERED,1531c35d5b9f7ba637c3bc74f0a2899bacdd80ddf92987a1d70d501a16b7e90d
R04213,BUILD,2026-09-04,REGISTERED,ea6258e50778ab543007f55143fa4a9990e6ce2524ce246ddb368a0f75424a4d
R04214,OTHER,2026-09-04,REGISTERED,f06b0cde599a2d4c83e5aa54d56968041552452453c6cd352d08ec216618526e
R04215,BUILD,2026-09-04,REGISTERED,c4768697015e6260cfc52829c761882a5b65c658de37ebddec1a8f00b528dc78
R04216,OTHER,2026-09-04,REGISTERED,d144d2d6037fb9b3c0a4c09dcdc6d933ab203cc5604832cedc86d446c60b5410
R04217,BUILD,2026-09-04,REGISTERED,b2e0952cf356e30ca4baa6ceb5d928f56f7b35f366f806a0c93209ea2009c3dd
R04218,OTHER,2026-09-04,REGISTERED,0c7938bb9a1d55734db5f5e13435c0eb5cdbd2d8a52a0eabf2267dce22b61c35
R04219,BUILD,2026-09-04,REGISTERED,a485caf329c353ce360831c6a374f0c046e2ab5be298a9021fa9c2bdf576359b
R04220,OTHER,2026-09-04,REGISTERED,1a392917527003c4a90c7304b1f1a59bd7b0fc0df9704d76850dfca603976eb2
R04221,BUILD,2026-09-04,REGISTERED,da86c3c7369b3d9037b20e8b3ff5b8657c85679ba82d78f24383d1c79d369540
R04222,OTHER,2026-09-04,REGISTERED,bac0f03af55f63da7790ee92fd3519e0881df9b00dc144ffbb98bcc5c3cddb1d
R04223,BUILD,2026-09-08,REGISTERED,8c7c1356ca637f9983ee72a1321d119119b74b35beacb55c2ce7ea1d862d40fa
R04224,OTHER,2026-09-04,REGISTERED,fff8ddc70b4bdad92eb8e6295ff5c58af8b03495b69f79bdd9ff5c74726c2a51
R04225,TEST,2026-08-14,REGISTERED,f43a913ac7c53e4eadcfd64cd712f6a46355176020e525dca7ab80507c062676
R04226,TEST,2026-08-14,REGISTERED,8c991ad9aac9501a8bee31d84f3b58e5d5567085ac06da90837c3ccabfccaa7e
R04227,OTHER,2026-08-20,REGISTERED,c9c59614532a114a32f3bab82737f68faba383d2ea0a70a9dbcb7cf4cff8ddfd
R04228,TEST,2026-09-05,REGISTERED,08cae773f8c0cd5a31550c259612942ff83a4f4c2541476895a5a3ec02b75a38
R04229,OTHER,2026-08-25,REGISTERED,f51d00ef4f3d2cdfef22361e087c0106590c83d7e1feaa13284b41c395253c44
R04230,OTHER,2026-08-27,REGISTERED,a966d469187ccf0a534f684aa4f07f7f6dfbedba96c8cde740443988fb32233e
R04231,OTHER,2026-08-27,REGISTERED,42d8a407db580afba199a2ac41d998d300f35b73eda86b9db7317be3041a8945
R04232,OTHER,2026-08-27,REGISTERED,1632f9f808b603bba33c0b8bfce04c068c28e2d8a0ee8007e910918441dfd821
R04233,QA,2026-08-27,REGISTERED,275dad6f46e759669cb277655a97097d246b951e925167ffa2e18fb02c3c181b
R04234,OTHER,2026-08-27,REGISTERED,5dab70ff6686a55e4a2e05cf3d627c29e8c586b9dbf5a98a48cb3331f9fea070
R04235,OTHER,2026-08-27,REGISTERED,7f7721278fe78beecc716edcb78b3949c010cbf39f37a0606fb9d4a268c11cce
R04236,OTHER,2026-08-28,REGISTERED,5e13f81f16a530f4bb7ae25e7a175d032a689f1e200a0381c87bff6e180107ba
R04237,OTHER,2026-09-04,REGISTERED,e4e67cc827d3afbd2738e0aff2e1071b07943a45a0fb909700232303212c0744
R04238,OTHER,2026-08-28,REGISTERED,a8c5952494013bc06519f34b5c875f556bef76c916dac2cb4673c589b73c8ce6
R04239,OTHER,2026-08-28,REGISTERED,2e41e521f03f700051391a8598832f8539eba997a938c617033ad332da1241b6
R04240,OTHER,2026-09-06,REGISTERED,355263f3aafd9c658166faad0de3b32a2b56f8ac91a2e31498ff55b982be8db9
